,ES=F,NQ=F,GC=F,CL=F,EURUSD=X,BTC-USD
1999-01-04,,,,,,
1999-01-05,0.0,0.5259421366920641,0.0,0.0,0.0,0.0
1999-01-06,0.0,0.5301565740425456,0.0,0.0,0.0,0.0
1999-01-07,0.0,0.5379866458471982,0.0,0.0,0.0,0.0
1999-01-08,0.0,0.5394286192262541,0.0,0.0,0.0,0.0
1999-01-11,0.0,0.584649645160329,0.0,0.0,0.0,0.0
1999-01-12,0.0,0.6182762032891862,0.0,0.022874340915096623,0.0,0.0
1999-01-13,0.0,0.717587875850556,0.0,0.0,0.0,0.0
1999-01-14,0.0,0.75,0.0,0.0,0.0,0.0
1999-01-15,0.0,0.75,0.0,0.0,0.0,0.0
1999-01-19,0.0,0.75,0.0,0.0,0.0,0.0
1999-01-20,0.0,0.75,0.0,0.0,0.0,0.0
1999-01-21,0.0,0.75,0.0,0.0,0.0,0.0
1999-01-22,0.0,0.75,0.0,0.0,0.0,0.0
1999-01-25,0.0,0.7074981510744728,0.0,0.0,0.0,0.0
1999-01-26,0.0,0.6858332091444064,0.0,0.0,0.0,0.0
1999-01-27,0.0,0.6891685944650859,0.0,0.0,0.0,0.0
1999-01-28,0.0,0.720813018482991,0.0,0.0,0.0,0.0
1999-01-29,0.0,0.732452909352096,0.0,0.0,0.0,0.0
1999-02-01,0.0,0.75,0.0,0.0,0.0,0.0
1999-02-02,0.0,0.75,0.0,0.0,0.0,0.0
1999-02-03,0.0,0.75,0.0,0.0,0.0,0.0
1999-02-04,0.0,0.75,0.0,0.0,0.0,0.0
1999-02-05,0.0,0.141121655334142,0.0,0.0,0.0,0.0
1999-02-08,0.0,0.10048146349628097,0.0,0.0,0.0,0.0
1999-02-09,0.0,0.1288281600801797,0.0,0.0,0.0,0.0
1999-02-10,0.0,0.0662494609747218,0.0,0.0,0.0,0.0
1999-02-11,0.0,0.05999430059790629,0.0,0.0,0.0,0.0
1999-02-12,0.0,0.0668848783757569,0.0,0.0,0.0,0.0
1999-02-16,0.0,0.04553768055533721,0.0,0.0,0.0,0.0
1999-02-17,0.0,0.04397186800988719,0.0,0.0,0.0,0.0
1999-02-18,0.0,0.04177620826343098,0.0,0.0,0.0,0.0
1999-02-19,0.0,0.04998208578494892,0.0,0.0,0.0,0.0
1999-02-22,0.0,0.05628954931856506,0.0,0.0,0.0,0.0
1999-02-23,0.0,0.05294975395528208,0.0,0.0,0.0,0.0
1999-02-24,0.0,0.08301659611704734,0.0,0.0,0.0,0.0
1999-02-25,0.0,0.06360184468786906,0.0,0.0,0.0,0.0
1999-02-26,0.0,0.06872140734354791,0.0,0.0,0.0,0.0
1999-03-01,0.0,0.08073669597504063,0.0,0.0,0.0,0.0
1999-03-02,0.0,0.0837889756573155,0.0,0.0,0.0,0.0
1999-03-03,0.0,0.10511178845202647,0.0,0.0,0.0,0.0
1999-03-04,0.0,0.1104842504031111,0.0,0.027401406882078826,0.0,0.0
1999-03-05,0.0,0.12194186727097721,0.0,0.02169681208831918,0.0,0.0
1999-03-08,0.0,0.17759204434625167,0.0,0.0245311742419808,0.0,0.0
1999-03-09,0.0,0.3497907172027826,0.0,0.025928508821915306,0.0,0.0
1999-03-10,0.0,0.5073161191936657,0.0,0.033829159260959474,0.0,0.0
1999-03-11,0.0,0.5278056149058361,0.0,0.03477227341058791,0.0,0.0
1999-03-12,0.0,0.5494193961478885,0.0,0.042675512798398346,0.0,0.0
1999-03-15,0.0,0.7336642581429945,0.06184923162281079,0.0533937383357329,0.0,0.0
1999-03-16,0.0,0.589769828598564,0.06610182962961521,0.049509440784937096,0.0,0.0
1999-03-17,0.0,0.6698827364445228,0.06661627799202605,0.05286694087237823,0.0,0.0
1999-03-18,0.0,0.75,0.0742423049072058,0.054179518037564045,0.0,0.0
1999-03-19,0.0,0.7375446249917753,0.07026145253149081,0.051053108602939844,0.0,0.0
1999-03-22,0.0,0.613966887427009,0.06425236504775755,0.04422408219222909,0.0,0.0
1999-03-23,0.0,0.5724364328170768,0.027026218235911545,0.04188410864304193,0.0,0.0
1999-03-24,0.0,0.33993813089911246,0.0,0.036494044754912365,0.0,0.0
1999-03-25,0.0,0.39238646228106105,0.0,0.035884024009743255,0.0,0.0
1999-03-26,0.0,0.31092815049705624,0.0,0.028868338577741785,0.0,0.0
1999-03-29,0.0,0.31213109144720524,0.0,0.02720896220054042,0.0,0.0
1999-03-30,0.0,0.2581936761248429,0.0,0.023594052149207644,0.0,0.0
1999-03-31,0.0,0.2550883953285464,0.0,0.023090894562135006,0.0,0.0
1999-04-01,0.0,0.24922808085622133,0.0,0.02288220445244936,0.0,0.0
1999-04-05,0.0,0.24428718618354456,0.0,0.023271473629037205,0.0,0.0
1999-04-06,0.0,0.17566382118342214,0.0,0.021131018728391213,0.0,0.0
1999-04-07,0.0,0.17480334643516932,0.0,0.02181087491046443,0.0,0.0
1999-04-08,0.0,0.17248689057068003,0.0,0.022462742419032445,0.0,0.0
1999-04-09,0.0,0.18500183654007285,0.0,0.020856022053700858,0.0,0.0
1999-04-12,0.0,0.19796933448022297,0.0,0.020944336617632706,0.0,0.0
1999-04-13,0.0,0.21020399941063223,0.0,0.020182271941536996,0.0,0.0
1999-04-14,0.0,0.20340324047060687,0.0,0.018327786352693498,0.0,0.0
1999-04-15,0.0,0.11778203169206797,0.0,0.01616376419649284,0.0,0.0
1999-04-16,0.0,0.16637455875221552,0.0,0.01659895872258327,0.0,0.0
1999-04-19,0.0,0.11321210126994664,0.0,0.01666547804657921,0.0,0.0
1999-04-20,0.0,0.11377919693437022,0.0,0.01589387297964283,0.0,0.0
1999-04-21,0.0,0.08760047265126326,0.0,0.016791598217137688,0.0,0.0
1999-04-22,0.0,0.08190025202509339,0.0,0.017893698143469545,0.0,0.0
1999-04-23,0.0,0.12673424446942486,0.0,0.019511421772861855,0.0,0.0
1999-04-26,0.0,0.1378014537148874,0.0,0.022281102386772302,0.0,0.0
1999-04-27,0.0,0.133277858925401,0.0,0.023878691823665654,0.0,0.0
1999-04-28,0.0,0.14238163759274453,0.0,0.025957918592792697,0.0,0.0
1999-04-29,0.0,0.12323868092915681,0.0,0.02620690409195094,0.0,0.0
1999-04-30,0.0,0.10769103093111715,0.0,0.0300459399713442,0.0,0.0
1999-05-03,0.0,0.10939978554170568,0.0,0.03127000675512758,0.0,0.0
1999-05-04,0.0,0.11665874071679458,0.026423912704291556,0.03292193665431763,0.0,0.0
1999-05-05,0.0,0.12711951855840561,0.0,0.034419083737123456,0.0,0.0
1999-05-06,0.0,0.2218452243143437,0.024118641855491806,0.039715503142673664,0.0,0.0
1999-05-07,0.0,0.16060909935316062,0.036463330678279955,0.038095942465036746,0.0,0.0
1999-05-10,0.0,0.16323519880585596,0.0,0.03842063863243854,0.0,0.0
1999-05-11,0.0,0.17306307943187757,0.0,0.03835126608037328,0.0,0.0
1999-05-12,0.0,0.27895109792497846,0.0,0.037498570709482676,0.0,0.0
1999-05-13,0.0,0.30572309354498295,0.0,0.03586023441555045,0.0,0.0
1999-05-14,0.0,0.2977180887788447,0.0,0.03540328346891067,0.0,0.0
1999-05-17,0.0,0.23301640103373508,0.0,0.036148619359090806,0.0,0.0
1999-05-18,0.0,0.23164421217069095,0.0,0.03397538219303529,0.0,0.0
1999-05-19,0.0,0.2517498850487581,0.0,0.03228617098065854,0.0,0.0
1999-05-20,0.0,0.3794928776769453,0.0,0.034980597933040355,0.0,0.0
1999-05-21,0.0,0.371065931671952,0.0,0.03510716591982119,0.0,0.0
1999-05-24,0.0,0.34874275895244355,0.0,0.035710774496531504,0.0,0.0
1999-05-25,0.0,0.2593247312675433,0.0,0.03253177823356886,0.0,0.0
1999-05-26,0.0,0.26848830012976327,0.0,0.03708796022346773,0.0,0.0
1999-05-27,0.0,0.2577675853087082,0.0,0.03869689844218618,0.0,0.0
1999-05-28,0.0,0.2630153987160448,0.0,0.03869094808599989,0.0,0.0
1999-06-01,0.0,0.2555929325028471,0.0,0.03346447309667125,0.0,0.0
1999-06-02,0.0,0.23999567379818587,0.0,0.029197766340653224,0.0,0.0
1999-06-03,0.0,0.22032862946207568,0.0,0.02716853179750921,0.0,0.0
1999-06-04,0.0,0.2152720221117433,0.0,0.024485813721290134,0.0,0.0
1999-06-07,0.0,0.23680023136384548,0.0,0.026282405425896202,0.0,0.0
1999-06-08,0.0,0.25142258685989516,0.0,0.027057978483051127,0.0,0.0
1999-06-09,0.0,0.20678552657577112,0.0,0.025293629020431495,0.0,0.0
1999-06-10,0.0,0.22457029044224358,0.0,0.0269455655589946,0.0,0.0
1999-06-11,0.0,0.18497870375685693,0.0,0.031653574296537264,0.0,0.0
1999-06-14,0.0,0.13567073342981412,0.0,0.03563355312713459,0.0,0.0
1999-06-15,0.0,0.14980539537191012,0.0,0.038258550297311365,0.0,0.0
1999-06-16,0.0,0.20698421388642158,0.0,0.038375696870141425,0.0,0.0
1999-06-17,0.0,0.22058565974986982,0.0,0.039840715587637084,0.0,0.0
1999-06-18,0.0,0.22540429180888388,0.0,0.04117198899616069,0.0,0.0
1999-06-21,0.0,0.23443050610094893,0.0,0.04270635667481263,0.0,0.0
1999-06-22,0.0,0.21906062865740647,0.0,0.04419636845428431,0.0,0.0
1999-06-23,0.0,0.23647422550397426,0.0,0.04799400811726091,0.0,0.0
1999-06-24,0.0,0.2550028472381736,0.0,0.05018058213560043,0.0,0.0
1999-06-25,0.0,0.23009700253524693,0.0,0.05273608828278901,0.0,0.0
1999-06-28,0.0,0.2504986083084539,0.0,0.05620053233876746,0.0,0.0
1999-06-29,0.0,0.2867945249517084,0.0,0.05666803106533512,0.0,0.0
1999-06-30,0.0,0.26929849644623965,0.0,0.05533877853296131,0.0,0.0
1999-07-01,0.0,0.2773753242114456,0.0,0.048506082780522396,0.0,0.0
1999-07-02,0.0,0.2971681092583537,0.0,0.05020397864211923,0.0,0.0
1999-07-06,0.0,0.27062210009951704,0.0,0.04734893387269088,0.0,0.0
1999-07-07,0.0,0.3103620574137721,0.0,0.04654780468542452,0.0,0.0
1999-07-08,0.0,0.36375829183200004,0.0,0.04845630963715263,0.0,0.0
1999-07-09,0.0,0.3218068901318905,0.0,0.05018708641670922,0.0,0.0
1999-07-12,0.0,0.3555562973589661,0.0,0.055970033545941746,0.0,0.0
1999-07-13,0.0,0.3579997379457884,0.0,0.05617326097720897,0.0,0.0
1999-07-14,0.0,0.39584589632693296,0.0,0.05724787520804431,0.0,0.0
1999-07-15,0.0,0.3965931749135389,0.0,0.0622616707694412,0.0,0.0
1999-07-16,0.0,0.41382663597595465,0.0,0.06584249895002331,0.0,0.0
1999-07-19,0.0,0.4045300064385166,0.0,0.06498043558795097,0.0,0.0
1999-07-20,0.0,0.4992037481053973,0.0,0.07007668286800896,0.0,0.0
1999-07-21,0.0,0.2644422959740527,0.0,0.057367215774526185,0.0,0.0
1999-07-22,0.0,0.3918709108738946,0.0,0.056027394609995694,0.0,0.0
1999-07-23,0.0,0.2715709522590515,0.0,0.052859656072859085,0.0,0.0
1999-07-26,0.0,0.2910790518732766,0.0,0.05318632651222935,0.0,0.0
1999-07-27,0.0,0.2716417805966422,0.0,0.05025399649256981,0.0,0.0
1999-07-28,0.0,0.28072485986590606,0.0,0.04969429728620768,0.0,0.0
1999-07-29,0.0,0.35259795762240276,0.0,0.047886179050334834,0.0,0.0
1999-07-30,0.0,0.2737571173042312,0.0,0.04538451893733009,0.0,0.0
1999-08-02,0.0,0.2811996710047909,0.0,0.04688866933197633,0.0,0.0
1999-08-03,0.0,0.27188315276966507,0.0,0.04773598362340626,0.0,0.0
1999-08-04,0.0,0.27491228512706506,0.0,0.05041750273549796,0.0,0.0
1999-08-05,0.0,0.2863454742000491,0.0,0.053874229650979884,0.0,0.0
1999-08-06,0.0,0.280000108611991,0.0,0.054895620998691004,0.0,0.0
1999-08-09,0.0,0.28530278155610606,0.0,0.05587139035804428,0.0,0.0
1999-08-10,0.0,0.3157461249758571,0.0,0.056201333869372115,0.0,0.0
1999-08-11,0.0,0.33907111908004345,0.0,0.05726864631759528,0.0,0.0
1999-08-12,0.0,0.30700206381027945,0.0,0.052870408526044785,0.0,0.0
1999-08-13,0.0,0.30810975016608005,0.0,0.05272325932710746,0.0,0.0
1999-08-16,0.0,0.4429670637267888,0.0,0.04932745936071411,0.0,0.0
1999-08-17,0.0,0.4515480352061195,0.0,0.05193434582613723,0.0,0.0
1999-08-18,0.0,0.556643501549861,0.0,0.05279564804753152,0.0,0.0
1999-08-19,0.0,0.7482922178386249,0.0,0.05559703967153023,0.0,0.0
1999-08-20,0.0,0.75,0.0,0.06259620854563387,0.0,0.0
1999-08-23,0.0,0.75,0.0,0.06221210483108876,0.0,0.0
1999-08-24,0.0,0.6857029797544205,0.0,0.05624138131843792,0.0,0.0
1999-08-25,0.0,0.6773719124122165,0.0,0.05607810803089279,0.0,0.0
1999-08-26,0.0,0.5018895437635064,0.0,0.055320175480554956,0.0,0.0
1999-08-27,0.0,0.4897487893363899,0.0,0.05430122682516544,0.0,0.0
1999-08-30,0.0,0.4775244240898767,0.0,0.05274044336692635,0.0,0.0
1999-08-31,0.0,0.4378756763030132,0.0,0.05187836843167639,0.0,0.0
1999-09-01,0.0,0.49731822495283323,0.0,0.05096011876621758,0.0,0.0
1999-09-02,0.0,0.5093286420751572,0.0,0.05135110637199068,0.0,0.0
1999-09-03,0.0,0.4897507447756069,0.0,0.0497810200594687,0.0,0.0
1999-09-07,0.0,0.3038650416106862,0.0,0.0369705069923504,0.0,0.0
1999-09-08,0.0,0.14873414254122092,0.0,0.02899281087021448,0.0,0.0
1999-09-09,0.0,0.1068390695610072,0.0,0.025321495382577074,0.0,0.0
1999-09-10,0.0,0.10745088109455925,0.0,0.02504210072947565,0.0,0.0
1999-09-13,0.0,0.10534615098756306,0.0,0.02499099793023705,0.0,0.0
1999-09-14,0.0,0.10667033649461254,0.0,0.02497028195233311,0.0,0.0
1999-09-15,0.0,0.10866348076574885,0.0,0.025535918449904948,0.0,0.0
1999-09-16,0.0,0.11118414379730131,0.0,0.025979289638943182,0.0,0.0
1999-09-17,0.0,0.11065801688219362,0.0,0.025692593696255074,0.0,0.0
1999-09-20,0.0,0.11022731761563266,0.0,0.026096869915030473,0.0,0.0
1999-09-21,0.0,0.11427361273003014,0.0,0.027300621592210285,0.0,0.0
1999-09-22,0.0,0.12839990113706415,0.0,0.029287661352464908,0.0,0.0
1999-09-23,0.0,0.13655667724533957,0.0,0.030461083370364028,0.0,0.0
1999-09-24,0.0,0.1480256192311371,0.0,0.035641449438943824,0.0,0.0
1999-09-27,0.0,0.1515901040010911,0.0,0.036558850422850606,0.0,0.0
1999-09-28,0.0,0.21261539979426716,0.045762384175900846,0.040524822144912,0.0,0.0
1999-09-29,0.0,0.23216110206927673,0.10898921260710225,0.04230082806977882,0.0,0.0
1999-09-30,0.0,0.2058959498110428,0.3264128096691706,0.042453193329392735,0.0,0.0
1999-10-01,0.0,0.21353284939786946,0.3385122100882856,0.042210230490834624,0.0,0.0
1999-10-04,0.0,0.22224322367206856,0.3494416073102886,0.05332085992744518,0.0,0.0
1999-10-05,0.0,0.2647386316985086,0.34464690366653156,0.052536171677347136,0.0,0.0
1999-10-06,0.0,0.265057948987196,0.34287745160084776,0.05225116023136935,0.0,0.0
1999-10-07,0.0,0.3427398151950281,0.40202151119758606,0.061530059719255924,0.0,0.0
1999-10-08,0.0,0.34121867129477185,0.40202151119758606,0.058653780360630715,0.0,0.0
1999-10-11,0.0,0.33396381259776303,0.4043604164317598,0.02877151008408157,0.0,0.0
1999-10-12,0.0,0.33079510143400565,0.40669860984060524,0.027057716760679116,0.0,0.0
1999-10-13,0.0,0.35542980002770086,0.40903609594601925,0.03126055009961381,0.0,0.0
1999-10-14,0.0,0.3326438506018188,0.4118401519164628,0.034817132576836676,0.0,0.0
1999-10-15,0.0,0.32483740611538153,0.4148767459317146,0.04806521776734258,0.0,0.0
1999-10-18,0.0,0.24922938257663785,0.42141314294727317,0.04834642413129015,0.0,0.0
1999-10-19,0.0,0.225212539045659,0.42561229119006394,0.04808884355591319,0.0,0.0
1999-10-20,0.0,0.23435671700369026,0.43004236154189324,0.04833327005961163,0.0,0.0
1999-10-21,0.0,0.2998644154387475,0.43447003124125533,0.04837133782962845,0.0,0.0
1999-10-22,0.0,0.3136909378660963,0.4384296176618706,0.04897932935301025,0.0,0.0
1999-10-25,0.0,0.311932773189537,0.43889532731489966,0.04909833808133356,0.0,0.0
1999-10-26,0.0,0.3141556309928616,0.43187358506431156,0.04911102209570908,0.0,0.0
1999-10-27,0.0,0.36912059576747697,0.40782851696539674,0.0547806442841772,0.0,0.0
1999-10-28,0.0,0.45715786179254203,0.28972649007684315,0.0632767275261879,0.0,0.0
1999-10-29,0.0,0.5721873921652774,0.39745749305221106,0.07033199687336066,0.0,0.0
1999-11-01,0.0,0.553069761733304,0.23013338550101994,0.07975991445825727,0.0,0.0
1999-11-02,0.0,0.6112871914464583,0.21312084146266438,0.08744313829754054,0.0,0.0
1999-11-03,0.0,0.616449459402907,0.1996000329371262,0.09208154895215637,0.0,0.0
1999-11-04,0.0,0.5955575268929856,0.15573160225700458,0.0938782259711818,0.0,0.0
1999-11-05,0.0,0.5971880788419087,0.129826559663638,0.09545662929893485,0.0,0.0
1999-11-08,0.0,0.614276596856474,0.129826559663638,0.09901366885539074,0.0,0.0
1999-11-09,0.0,0.6326269045501048,0.11484936260343935,0.1,0.0,0.0
1999-11-10,0.0,0.6532281095631042,0.11815533058734101,0.09737765699899723,0.0,0.0
1999-11-11,0.0,0.653860357809913,0.1179275703459619,0.09550864904085905,0.0,0.0
1999-11-12,0.0,0.6507868122815469,0.13672021572303533,0.09673873856584438,0.0,0.0
1999-11-15,0.0,0.6518953946882193,0.12035909224241281,0.08808640534396533,0.0,0.0
1999-11-16,0.0,0.6634077656439031,0.12454618996403556,0.08514201329813792,0.0,0.0
1999-11-17,0.0,0.6488163518850316,0.12962591926005937,0.08430209952020236,0.0,0.0
1999-11-18,0.0,0.6604425246478083,0.15304116228640482,0.08407755994565191,0.0,0.0
1999-11-19,0.0,0.6407820516199958,0.15112699650325823,0.0849743682562213,0.0,0.0
1999-11-22,0.0,0.6434525622840174,0.14642104004619086,0.08411439422695502,0.0,0.0
1999-11-23,0.0,0.6441372368155484,0.13550723823936345,0.08413256863620477,0.0,0.0
1999-11-24,0.0,0.6512712839184296,0.15154217024966285,0.08484445415853442,0.0,0.0
1999-11-26,0.0,0.6371974091952631,0.13548566706318108,0.08503821854793762,0.0,0.0
1999-11-29,0.0,0.6288902058342717,0.16111286001697608,0.08457570784376787,0.0,0.0
1999-11-30,0.0,0.6223824396805995,0.20189139035541334,0.08321179858696402,0.0,0.0
1999-12-01,0.0,0.5095019362617391,0.13324016680278822,0.07051711549505894,0.0,0.0
1999-12-02,0.0,0.47612400080216555,0.13150639161024114,0.06841061156473242,0.0,0.0
1999-12-03,0.0,0.43234313279506403,0.10743589917649171,0.06181826514885278,0.0,0.0
1999-12-06,0.0,0.3973781578434041,0.0575070763184363,0.05650634431246129,0.0,0.0
1999-12-07,0.0,0.37331580072973275,0.0,0.05128334468078728,0.0,0.0
1999-12-08,0.0,0.3638678097477465,0.0,0.04805656970387542,0.0,0.0
1999-12-09,0.0,0.3845889729302507,0.0,0.05058065074293867,0.0,0.0
1999-12-10,0.0,0.41782397231383034,0.0,0.05464877966347201,0.0,0.0
1999-12-13,0.0,0.45454509022820755,0.0,0.055791951596932676,0.0,0.0
1999-12-14,0.0,0.4757009324525363,0.0,0.06210440484126118,0.0,0.0
1999-12-15,0.0,0.5177715587418614,0.0,0.06791761856174662,0.0,0.0
1999-12-16,0.0,0.5481320279976385,0.0,0.0725656563219131,0.0,0.0
1999-12-17,0.0,0.5375253169915569,0.0,0.07192158908241707,0.0,0.0
1999-12-20,0.0,0.593044352729134,0.0,0.07867652877212515,0.0,0.0
1999-12-21,0.0,0.6122553616992309,0.0,0.08285446540282537,0.0,0.0
1999-12-22,0.0,0.555774297685216,0.0,0.07689657308511445,0.0,0.0
1999-12-23,0.0,0.562062412621286,0.04733101949558898,0.07870556250705574,0.0,0.0
1999-12-27,0.0,0.5750849797164367,0.0,0.08345351483957923,0.0,0.0
1999-12-28,0.0,0.6370015361400206,0.0,0.0925992355001342,0.0,0.0
1999-12-29,0.0,0.6504813484734356,0.0,0.09194395656579493,0.0,0.0
1999-12-30,0.0,0.6369056855054708,0.05874544765139797,0.1,0.0,0.0
1999-12-31,0.0,0.6501072734707776,0.08586544250501922,0.1,0.0,0.0
2000-01-03,0.0,0.39914275105745073,0.05033775072134181,0.06069578319544602,0.0,0.0
2000-01-04,0.0,0.39399141147707073,0.05350439193407765,0.060206876732250086,0.0,0.0
2000-01-05,0.0,0.3567322967360635,0.0,0.047420995699814235,0.0,0.0
2000-01-06,0.0,0.34747216530713054,0.04506942643451243,0.046289055778313735,0.0,0.0
2000-01-07,0.0,0.34102201351438916,0.043848866289353916,0.04376071677533694,0.0,0.0
2000-01-10,0.0,0.2886141528942491,0.05337530152475197,0.04090523226769608,0.0,0.0
2000-01-11,0.0,0.27618450357324387,0.0364622616282146,0.037723247477167106,0.0,0.0
2000-01-12,0.0,0.2118446162938743,0.05776333236226059,0.03453491964186502,0.0,0.0
2000-01-13,0.0,0.2023989343805472,0.056522947853264296,0.03392006395413532,0.0,0.0
2000-01-14,0.0,0.1969764515655728,0.04509997321275455,0.03265839794484584,0.0,0.0
2000-01-18,0.0,0.19009468170935992,0.04406008445156105,0.03130184075112752,0.0,0.0
2000-01-19,0.0,0.18139667773705748,0.06325980422450263,0.030817290934422772,0.0,0.0
2000-01-20,0.0,0.18445600992132716,0.07641272116719494,0.032909733799401784,0.0,0.0
2000-01-21,0.0,0.18712084186275682,0.06406992130295781,0.03415704861885874,0.0,0.0
2000-01-24,0.0,0.1891417223261638,0.038187631418183494,0.03414677646593186,0.0,0.0
2000-01-25,0.0,0.17648703977701943,0.06101327448665674,0.032641433469984195,0.0,0.0
2000-01-26,0.0,0.16889630319880322,0.08120887696952428,0.030526833217028915,0.0,0.0
2000-01-27,0.0,0.1465112767590364,0.04193391111675301,0.028629919469645784,0.0,0.0
2000-01-28,0.0,0.1363746113246881,0.04929798855830744,0.02642243658395498,0.0,0.0
2000-01-31,0.0,0.1348459582414796,0.04595696228512997,0.02563706125452584,0.0,0.0
2000-02-01,0.0,0.13012536289222842,0.0,0.017571596686801232,0.0,0.0
2000-02-02,0.0,0.13658594897429355,0.03671530326617159,0.024973550618485215,0.0,0.0
2000-02-03,0.0,0.13977805911310387,0.03915228250079504,0.024585219443556,0.0,0.0
2000-02-04,0.0,0.15495167200930915,0.05759524495924401,0.02467633641807795,0.0,0.0
2000-02-07,0.0,0.15430079861189533,0.12037767825949439,0.024715513712424593,0.0,0.0
2000-02-08,0.0,0.15389906129796055,0.2162190638402779,0.024769145793000734,0.0,0.0
2000-02-09,0.0,0.14321546226468923,0.2272640982655945,0.02488068117451748,0.0,0.0
2000-02-10,0.0,0.14457105404591147,0.23784412892990653,0.025093639445536817,0.0,0.0
2000-02-11,0.0,0.1460163306836486,0.24839943857672245,0.025306723627560233,0.0,0.0
2000-02-14,0.0,0.14644201881824773,0.2527310223574575,0.025273525067327364,0.0,0.0
2000-02-15,0.0,0.14779396585779805,0.25236814247450645,0.025180598960083265,0.0,0.0
2000-02-16,0.0,0.15028682103207197,0.25164230027157913,0.02519239714157115,0.0,0.0
2000-02-17,0.0,0.15157030816062722,0.2507711441223098,0.025086408548115696,0.0,0.0
2000-02-18,0.0,0.15189351483745622,0.2503355063449463,0.024922216660914584,0.0,0.0
2000-02-22,0.0,0.1447295038905127,0.24989982866371171,0.024757847675321933,0.0,0.0
2000-02-23,0.0,0.14476354363139418,0.24960935466944176,0.024767655899886998,0.0,0.0
2000-02-24,0.0,0.1517896299170668,0.24960935466944176,0.02477750583721958,0.0,0.0
2000-02-25,0.0,0.15136630823944147,0.24960935466944176,0.024787240239295318,0.0,0.0
2000-02-28,0.0,0.15089514092790185,0.24989982866371171,0.025058234915289575,0.0,0.0
2000-02-29,0.0,0.15047090859816895,0.24989982866371171,0.025165242576627455,0.0,0.0
2000-03-01,0.0,0.15055988564398826,0.24989982866371171,0.025083755104449962,0.0,0.0
2000-03-02,0.0,0.1506014446569241,0.24989982866371171,0.024762496098669488,0.0,0.0
2000-03-03,0.0,0.15628468077458724,0.24989982866371171,0.024839452770884896,0.0,0.0
2000-03-06,0.0,0.14991586393745643,0.24989982866371171,0.024849013817192667,0.0,0.0
2000-03-07,0.0,0.15184037577753703,0.24960935466944176,0.024786293651229335,0.0,0.0
2000-03-08,0.0,0.155470229317922,0.24960935466944176,0.024793567324925665,0.0,0.0
2000-03-09,0.0,0.15802874938133868,0.24960935466944176,0.02487303853458526,0.0,0.0
2000-03-10,0.0,0.15445099731451056,0.14774966153284486,0.024824022618451895,0.0,0.0
2000-03-13,0.0,0.15673667196301663,0.17323294961315439,0.024833336798186917,0.0,0.0
2000-03-14,0.0,0.16016667018510222,0.15577412682317845,0.02484261622351994,0.0,0.0
2000-03-15,0.0,0.1420973601302299,0.1559966638999017,0.024822634832349335,0.0,0.0
2000-03-16,0.0,0.1431027036597661,0.13798790295507246,0.02472840380823468,0.0,0.0
2000-03-17,0.0,0.15351258990010494,0.14543671880878098,0.024694760630457658,0.0,0.0
2000-03-20,0.0,0.15983243021763302,0.1267487112946642,0.024570198857845355,0.0,0.0
2000-03-21,0.0,0.1401272691644537,0.13310540989043215,0.02453726666497456,0.0,0.0
2000-03-22,0.0,0.15903397055709184,0.1332731354508533,0.024487653493444974,0.0,0.0
2000-03-23,0.0,0.15806694437358776,0.16376633185121314,0.0,0.0,0.0
2000-03-24,0.0,0.15765611308741015,0.13402268705482415,0.0,0.0,0.0
2000-03-27,0.0,0.1577827661995924,0.11344779861711604,0.0,0.0,0.0
2000-03-28,0.0,0.1584287037394026,0.11140970432717254,0.0,0.0,0.0
2000-03-29,0.0,0.16027290116299106,0.10181351676760898,0.025294444120997024,0.0,0.0
2000-03-30,0.0,0.14042192617034702,0.09671136398013717,0.0,0.0,0.0
2000-03-31,0.0,0.14225962607661213,0.08972522561311956,0.025840781489505058,0.0,0.0
2000-04-03,0.0,0.14105385512297522,0.08168627473270514,0.02608481698544342,0.0,0.0
2000-04-04,0.0,0.10423136658548399,0.11061707872083301,0.02627649953554252,0.0,0.0
2000-04-05,0.0,0.08048283131336345,0.10018569984022559,0.026852737075833286,0.0,0.0
2000-04-06,0.0,0.07369976307635505,0.1334897455371219,0.02674843299117464,0.0,0.0
2000-04-07,0.0,0.0875408752492622,0.1037654531661627,0.02826551206718848,0.0,0.0
2000-04-10,0.0,0.10539592512468558,0.1049541275315538,0.02708901190141378,0.0,0.0
2000-04-11,0.0,0.17025306564972353,0.1249040926145829,0.022409789339256764,0.0,0.0
2000-04-12,0.0,0.22050569592135302,0.11738874679523072,0.02763207193237595,0.0,0.0
2000-04-13,0.0,0.2411474055721031,0.11841491036218509,0.03566938155844668,0.0,0.0
2000-04-14,0.0,0.16038027940736344,0.12293838212054618,0.03533785446183107,0.0,0.0
2000-04-17,0.0,0.15893732185054432,0.12409533597592821,0.042457680831520316,0.0,0.0
2000-04-18,0.0,0.16430478059706197,0.15037309138985272,0.043831143013363945,0.0,0.0
2000-04-19,0.0,0.1617734661372726,0.14786499575012013,0.04419382735393542,0.0,0.0
2000-04-20,0.0,0.16107299948084597,0.13986248924009612,0.04164877747741367,0.0,0.0
2000-04-24,0.0,0.1580675670938999,0.13928977409467513,0.025482009790861217,0.0,0.0
2000-04-25,0.0,0.17287257390175886,0.13921532005346318,0.024333550153996113,0.0,0.0
2000-04-26,0.0,0.24762645485878862,0.12879127631089693,0.026134988841717516,0.0,0.0
2000-04-27,0.0,0.25125413002761027,0.12009894085794028,0.039569226336846064,0.0,0.0
2000-04-28,0.0,0.25159919084259247,0.11029725449337141,0.041640313533075235,0.0,0.0
2000-05-01,0.0,0.24178249662954918,0.10113218822392946,0.040536847758634365,0.0,0.0
2000-05-02,0.0,0.21786380664624455,0.10105353259670072,0.040835486792068776,0.0,0.0
2000-05-03,0.0,0.24632228681329454,0.10705565756827719,0.040559275212590715,0.0,0.0
2000-05-04,0.0,0.22273843691029138,0.12170077860578679,0.02388382711629791,0.0,0.0
2000-05-05,0.0,0.2222459642364347,0.10260660462065989,0.025069859224322758,0.0,0.0
2000-05-08,0.0,0.26519971408767395,0.1823728019206467,0.02655023875696766,0.0,0.0
2000-05-09,0.0,0.23190013910238955,0.10359691582052792,0.02707281725804999,0.0,0.0
2000-05-10,0.0,0.23484005116261916,0.1103243109416578,0.02807659608012167,0.0,0.0
2000-05-11,0.0,0.26592150696418615,0.12276894944774429,0.031073870496655512,0.0,0.0
2000-05-12,0.0,0.26000724799583697,0.11688076191006976,0.03543770419812468,0.0,0.0
2000-05-15,0.0,0.2340751505296263,0.10895668212799818,0.045910499808089845,0.0,0.0
2000-05-16,0.0,0.2311982633580372,0.1013972937952662,0.04529734993408585,0.0,0.0
2000-05-17,0.0,0.2752795779645332,0.09987770704903082,0.04549186638954365,0.0,0.0
2000-05-18,0.0,0.23150475978660104,0.09698103905975851,0.045566161533229226,0.0,0.0
2000-05-19,0.0,0.23552872223889237,0.07671947524589669,0.04509499290796015,0.0,0.0
2000-05-22,0.0,0.2675194347420085,0.09160182947813746,0.04531131789848091,0.0,0.0
2000-05-23,0.0,0.2685125256576675,0.08815810668940982,0.045701852291359084,0.0,0.0
2000-05-24,0.0,0.27705197705434464,0.09761208948984913,0.04558658058248665,0.0,0.0
2000-05-25,0.0,0.2737142677582305,0.08665995970105685,0.04535678095838189,0.0,0.0
2000-05-26,0.0,0.29591425374976776,0.07947303253588782,0.04516534663542494,0.0,0.0
2000-05-30,0.0,0.2979472192585317,0.0718095171373999,0.045934854915335215,0.0,0.0
2000-05-31,0.0,0.2662683240619645,0.09402675458848511,0.04649784257747486,0.0,0.0
2000-06-01,0.0,0.264341154106128,0.08264996265220544,0.04706114556668305,0.0,0.0
2000-06-02,0.0,0.1981517042993894,0.08281619808402522,0.04762476228501859,0.0,0.0
2000-06-05,0.0,0.19880401440494697,0.09447502929439716,0.04796946954087159,0.0,0.0
2000-06-06,0.0,0.21203807534129057,0.1895630782047067,0.048314341755750466,0.0,0.0
2000-06-07,0.0,0.18276747954594524,0.2129875082649243,0.048330327648636644,0.0,0.0
2000-06-08,0.0,0.19780007319044055,0.21567171042043343,0.04834625989758694,0.0,0.0
2000-06-09,0.0,0.22469781735537744,0.20783442719384845,0.048362138772168904,0.0,0.0
2000-06-12,0.0,0.2660043129608099,0.2043370044988451,0.047829006575853164,0.0,0.0
2000-06-13,0.0,0.36605113283863366,0.17821702404610168,0.04728542467187487,0.0,0.0
2000-06-14,0.0,0.37501543099206297,0.15261845447216396,0.046795737826200744,0.0,0.0
2000-06-15,0.0,0.37212202239887654,0.059707005683380075,0.046476751325098174,0.0,0.0
2000-06-16,0.0,0.38826705193332844,0.0,0.04594337391598184,0.0,0.0
2000-06-19,0.0,0.3925659252042444,0.0,0.045409620294734075,0.0,0.0
2000-06-20,0.0,0.40384179381536195,0.0,0.04542324271982212,0.0,0.0
2000-06-21,0.0,0.4167536275851599,0.0,0.045224805337795417,0.0,0.0
2000-06-22,0.0,0.426176322310717,0.0,0.04523725398479721,0.0,0.0
2000-06-23,0.0,0.37912873671327335,0.0,0.0451448027707672,0.0,0.0
2000-06-26,0.0,0.30359701958109087,0.0,0.04515614673901746,0.0,0.0
2000-06-27,0.0,0.3729781456273786,0.0,0.04516794501094326,0.0,0.0
2000-06-28,0.0,0.2987450603707498,0.0,0.04538779233820653,0.0,0.0
2000-06-29,0.0,0.37254055407932657,0.0,0.04540053402004099,0.0,0.0
2000-06-30,0.0,0.2984673852609692,0.0,0.04541323406239233,0.0,0.0
2000-07-03,0.0,0.306689428832629,0.0,0.04652145735925487,0.0,0.0
2000-07-05,0.0,0.39271833751502877,0.0395312438893382,0.04763024802505677,0.0,0.0
2000-07-06,0.0,0.31550522883578774,0.05925626538559691,0.04807461067813804,0.0,0.0
2000-07-07,0.0,0.38848660723975514,0.0786347914686352,0.048972340707221625,0.0,0.0
2000-07-10,0.0,0.43292621464854597,0.09552317928505895,0.04986322067303015,0.0,0.0
2000-07-11,0.0,0.3852090746337048,0.11225499427032555,0.05075453767600109,0.0,0.0
2000-07-12,0.0,0.30281850426425716,0.11114384721023586,0.050548913849286274,0.0,0.0
2000-07-13,0.0,0.4230973972185802,0.11114384721023586,0.050123591130028185,0.0,0.0
2000-07-14,0.0,0.4340669235705563,0.11114384721023585,0.04989584451526457,0.0,0.0
2000-07-17,0.0,0.4315183977445128,0.10891979161599878,0.04990829999826213,0.0,0.0
2000-07-18,0.0,0.4322772354192761,0.10891979161599878,0.04970206922797725,0.0,0.0
2000-07-19,0.0,0.42257668371960566,0.10891979161599878,0.049957892997672906,0.0,0.0
2000-07-20,0.0,0.3042477502948598,0.10780686986507189,0.05019107490735828,0.0,0.0
2000-07-21,0.0,0.4311185635087565,0.10780686986507189,0.050644220209830226,0.0,0.0
2000-07-24,0.0,0.37570231951834104,0.10780686986507189,0.05091535548439802,0.0,0.0
2000-07-25,0.0,0.2993163392440581,0.1100321151709023,0.049540499721538206,0.0,0.0
2000-07-26,0.0,0.36964858243305415,0.1100321151709023,0.04847817492900265,0.0,0.0
2000-07-27,0.0,0.298299480783538,0.1100321151709023,0.03692347390724746,0.0,0.0
2000-07-28,0.0,0.2981692740758953,0.1100321151709023,0.0365288773212211,0.0,0.0
2000-07-31,0.0,0.33439225155602126,0.1100321151709023,0.03674426628566962,0.0,0.0
2000-08-01,0.0,0.30017010932047894,0.10780686986507189,0.038384093880756545,0.0,0.0
2000-08-02,0.0,0.33912778433675,0.10557920430380684,0.04859480027251496,0.0,0.0
2000-08-03,0.0,0.34149119302550296,0.10557920430380684,0.04932163219091912,0.0,0.0
2000-08-04,0.0,0.29978215236798667,0.10780686986507189,0.04874884514356165,0.0,0.0
2000-08-07,0.0,0.2958933306589363,0.10223304364474627,0.053159509030507784,0.0,0.0
2000-08-08,0.0,0.2920056621434167,0.09664316857203269,0.05399036531073686,0.0,0.0
2000-08-09,0.0,0.2881190946661044,0.09103621431751924,0.052092456379489435,0.0,0.0
2000-08-10,0.0,0.28423357523455506,0.08541101290295425,0.055650740416608474,0.0,0.0
2000-08-11,0.0,0.28034904997689025,0.0797662294108755,0.03929411319989474,0.0,0.0
2000-08-14,0.0,0.2930134753753865,0.06040452934475974,0.03776330681377524,0.0,0.0
2000-08-15,0.0,0.3789714828519995,0.04886579766614256,0.03649779456120901,0.0,0.0
2000-08-16,0.0,0.3936465355632907,0.03718032593654819,0.03701263153589018,0.0,0.0
2000-08-17,0.0,0.412891251192951,0.0,0.04080423638056546,0.0,0.0
2000-08-18,0.0,0.489562950865132,0.0,0.03978363520496216,0.0,0.0
2000-08-21,0.0,0.5103002044437874,0.0,0.05514542812024122,0.0,0.0
2000-08-22,0.0,0.5109884443470231,0.0,0.05479216789906013,0.0,0.0
2000-08-23,0.0,0.5068918581642402,0.0,0.05556915183376483,0.0,0.0
2000-08-24,0.0,0.5002895839544896,0.0,0.05554941543395578,0.0,0.0
2000-08-25,0.0,0.4978359812220768,0.0,0.05380644622646974,0.0,0.0
2000-08-28,0.0,0.5104448045267854,0.0,0.052511706269910655,0.0,0.0
2000-08-29,0.0,0.5140169658378134,0.0,0.05283302142378653,0.0,0.0
2000-08-30,0.0,0.5381220563437599,0.0,0.052846938299362496,0.0,0.0
2000-08-31,0.0,0.5326689624840981,0.0,0.0528608126806619,0.0,0.0
2000-09-01,0.0,0.4094968582287976,0.0,0.052874644762018315,0.0,0.0
2000-09-05,0.0,0.41039000605272696,0.0,0.05288843473658218,0.0,0.0
2000-09-06,0.0,0.40551569944051585,0.0,0.05267926523822646,0.0,0.0
2000-09-07,0.0,0.3087783873408408,0.0,0.05177535736103696,0.0,0.0
2000-09-08,0.0,0.3408611291890483,0.0,0.051269462056189416,0.0,0.0
2000-09-11,0.0,0.2766285741847017,0.0,0.05112699355254797,0.0,0.0
2000-09-12,0.0,0.22485256716045599,0.0,0.050695225396877694,0.0,0.0
2000-09-13,0.0,0.24491480068451138,0.0,0.05026320698248287,0.0,0.0
2000-09-14,0.0,0.23647934953983007,0.0,0.05005308436431616,0.0,0.0
2000-09-15,0.0,0.1878329930779229,0.0,0.050065017551393524,0.0,0.0
2000-09-18,0.0,0.17566453862877282,0.0,0.04953788134752841,0.0,0.0
2000-09-19,0.0,0.1502805885696549,0.0,0.04555451563154843,0.0,0.0
2000-09-20,0.0,0.1500849183508815,0.0,0.04331728772385373,0.0,0.0
2000-09-21,0.0,0.18977628496730015,0.0,0.04172109362786583,0.0,0.0
2000-09-22,0.0,0.17370939475040784,0.0,0.040016060949786436,0.0,0.0
2000-09-25,0.0,0.18711885563079358,0.0,0.037758104583579345,0.0,0.0
2000-09-26,0.0,0.14097897766152798,0.0,0.02095092157733581,0.0,0.0
2000-09-27,0.0,0.09057837636380972,0.0,0.018851160254778128,0.0,0.0
2000-09-28,0.0,0.107381877039668,0.0,0.01756339833198815,0.0,0.0
2000-09-29,0.0,0.14921899397987506,0.0,0.01732350365570958,0.0,0.0
2000-10-02,0.0,0.09123331765751914,0.0,0.01675672234212811,0.0,0.0
2000-10-03,0.0,0.06504907607857635,0.0,0.01682128059906881,0.0,0.0
2000-10-04,0.0,0.06252528708552503,0.0,0.01786506956436632,0.0,0.0
2000-10-05,0.0,0.06158450781070989,0.0,0.02609422676437878,0.0,0.0
2000-10-06,0.0,0.04812216199563802,0.0,0.021206394955802732,0.0,0.0
2000-10-09,0.0,0.04349111721550501,0.0,0.01861817363720863,0.0,0.0
2000-10-10,0.0,0.0,0.0,0.02235239297130636,0.0,0.0
2000-10-11,0.0,0.0,0.0,0.025233408965819947,0.0,0.0
2000-10-12,0.0,0.0,0.0,0.028603301538022256,0.0,0.0
2000-10-13,0.0,0.0,0.0,0.028680160670700564,0.0,0.0
2000-10-16,0.0,0.0,0.0,0.01814551442197605,0.0,0.0
2000-10-17,0.0,0.0,0.0,0.01311213645901401,0.0,0.0
2000-10-18,0.0,0.0,0.0,0.012577152785540028,0.0,0.0
2000-10-19,0.0,0.0,0.0,0.029003139242043154,0.0,0.0
2000-10-20,0.0,0.0,0.0,0.027981238907537946,0.0,0.0
2000-10-23,0.0,0.0,0.0,0.030212847874404467,0.0,0.0
2000-10-24,0.0,0.0,0.0,0.030223504485662203,0.0,0.0
2000-10-25,0.0,0.0,0.0,0.03023777301743261,0.0,0.0
2000-10-26,0.0,0.0,0.0,0.03106107841297341,0.0,0.0
2000-10-27,0.0,0.0,0.0,0.03099339505651426,0.0,0.0
2000-10-30,0.0,0.0,0.0,0.03151567520708407,0.0,0.0
2000-10-31,0.0,0.0,0.0,0.03200514236710606,0.0,0.0
2000-11-01,0.0,0.0,0.0,0.03178122106158121,0.0,0.0
2000-11-02,0.0,0.0,0.0,0.031985240547422106,0.0,0.0
2000-11-03,0.0,0.0,0.0,0.032133074242626083,0.0,0.0
2000-11-06,0.0,0.0,0.0,0.03228116810998174,0.0,0.0
2000-11-07,0.0,0.0,0.0,0.032510101688342063,0.0,0.0
2000-11-08,0.0,0.0,0.0,0.03226329595675633,0.0,0.0
2000-11-09,0.0,0.0,0.0,0.03277724779266677,0.0,0.0
2000-11-10,0.0,0.0,0.0,0.03207117908649865,0.0,0.0
2000-11-13,0.0,0.0,0.0,0.03197976993987233,0.0,0.0
2000-11-14,0.0,0.0,0.0,0.029013867397018445,0.0,0.0
2000-11-15,0.0,0.0,0.0,0.027946032120862364,0.0,0.0
2000-11-16,0.0,0.0,0.0,0.030791490455373924,0.0,0.0
2000-11-17,0.0,0.0,0.0,0.03181443371576656,0.0,0.0
2000-11-20,0.0,0.0,0.0,0.030789968541089015,0.0,0.0
2000-11-21,0.0,0.0,0.0,0.03039482321804124,0.0,0.0
2000-11-22,0.0,0.0,0.0,0.03110938675325404,0.0,0.0
2000-11-24,0.0,0.0,0.0,0.030315554821945416,0.0,0.0
2000-11-27,0.0,0.0,0.0,0.030303382843502823,0.0,0.0
2000-11-28,0.0,0.0,0.0,0.03108986399314428,0.0,0.0
2000-11-29,0.0,0.0,0.0,0.027658829309460214,0.0,0.0
2000-11-30,0.0,0.0,0.0,0.03567261387880715,0.0,0.0
2000-12-01,0.0,0.0,0.0,0.03717281423213667,0.0,0.0
2000-12-04,0.0,0.0,0.0,0.025311328008118483,0.0,0.0
2000-12-05,0.0,0.0,0.0,0.014600851877525961,0.0,0.0
2000-12-06,0.0,0.0,0.0,0.013794206356928369,0.0,0.0
2000-12-07,0.0,0.0,0.0,0.013916246564906002,0.0,0.0
2000-12-08,0.0,0.0,0.0,0.013801690313376715,0.0,0.0
2000-12-11,0.0,0.0,0.0,0.01367421406397258,0.0,0.0
2000-12-12,0.0,0.0,0.0,0.01449466650589204,0.0,0.0
2000-12-13,0.0,0.0,0.0,0.015115280318808362,0.0,0.0
2000-12-14,0.0,0.0,0.0,0.028026333167080586,0.0,0.0
2000-12-15,0.0,0.0,0.0,0.0206519294651842,0.0,0.0
2000-12-18,0.0,0.0,0.0,0.02472108147122507,0.0,0.0
2000-12-19,0.0,0.0,0.0,0.031205907082995272,0.0,0.0
2000-12-20,0.0,0.0,0.0,0.03634167127064249,0.0,0.0
2000-12-21,0.0,0.0,0.0,0.014706813603969155,0.0,0.0
2000-12-22,0.0,0.0,0.0,0.014637996637295002,0.0,0.0
2000-12-26,0.0,0.0,0.0,0.015260755012172512,0.0,0.0
2000-12-27,0.0,0.0,0.0,0.028873085194135516,0.0,0.0
2000-12-28,0.0,0.0,0.0,0.02327852604522967,0.0,0.0
2000-12-29,0.0,0.0,0.0,0.014714730873371367,0.0,0.0
2001-01-02,0.0,0.0,0.0,0.02086639225799023,0.0,0.0
2001-01-03,0.0,0.0,0.0,0.02246518391485124,0.0,0.0
2001-01-04,0.0,0.0,0.0,0.02451904329281977,0.0,0.0
2001-01-05,0.0,0.0,0.0,0.027626975430453848,0.0,0.0
2001-01-08,0.0,0.0,0.0,0.019444942445067146,0.0,0.0
2001-01-09,0.0,0.0,0.0,0.020102750986059247,0.0,0.0
2001-01-10,0.0,0.0,0.0,0.019168086397070183,0.0,0.0
2001-01-11,0.0,0.0,0.0,0.04513002117481738,0.0,0.0
2001-01-12,0.0,0.0,0.0,0.04532144708220311,0.0,0.0
2001-01-16,0.0,0.0,0.0,0.013981973471726352,0.0,0.0
2001-01-17,0.0,0.0,0.0,0.0,0.0,0.0
2001-01-18,0.0,0.0,0.0,0.0,0.0,0.0
2001-01-19,0.0,0.0,0.0,0.0,0.0,0.0
2001-01-22,0.0,0.0,0.0,0.0,0.0,0.0
2001-01-23,0.0,0.0,0.0,0.0,0.0,0.0
2001-01-24,0.0,0.0,0.0,0.0,0.0,0.0
2001-01-25,0.0,0.0,0.0,0.0,0.0,0.0
2001-01-26,0.0,0.0,0.0,0.016496465225281698,0.0,0.0
2001-01-29,0.0,0.0,0.0,0.038090795868358014,0.0,0.0
2001-01-30,0.0,0.0,0.0,0.033449324948778,0.0,0.0
2001-01-31,0.0,0.0,0.0,0.03246727587628118,0.0,0.0
2001-02-01,0.0,0.0,0.0,0.026934196192338715,0.0,0.0
2001-02-02,0.0,0.0,0.0,0.037913392815210195,0.0,0.0
2001-02-05,0.0,0.0,0.0,0.036387947122234594,0.0,0.0
2001-02-06,0.0,0.0,0.0,0.0371243010252197,0.0,0.0
2001-02-07,0.0,0.0,0.0,0.03741646754955931,0.0,0.0
2001-02-08,0.0,0.0,0.0,0.03628678565599319,0.0,0.0
2001-02-09,0.0,0.0,0.0,0.035880465636037744,0.0,0.0
2001-02-12,0.0,0.0,0.0,0.0381744131714621,0.0,0.0
2001-02-13,0.0,0.0,0.0,0.04363028270563676,0.0,0.0
2001-02-14,0.0,0.0,0.0,0.05677501954218367,0.0,0.0
2001-02-15,0.0,0.0,0.0,0.048348037953856865,0.0,0.0
2001-02-16,0.0,0.0,0.0,0.055564063991134234,0.0,0.0
2001-02-20,0.0,0.0,0.0,0.05173991029595709,0.0,0.0
2001-02-21,0.0,0.0,0.0,0.044693126636188865,0.0,0.0
2001-02-22,0.0,0.0,0.0,0.04468917219421105,0.0,0.0
2001-02-23,0.0,0.0,0.0,0.051511596517216686,0.0,0.0
2001-02-26,0.0,0.0,0.0,0.05776125778160672,0.0,0.0
2001-02-27,0.0,0.0,0.0,0.052244243892638986,0.0,0.0
2001-02-28,0.0,0.0,0.0,0.05244491071040247,0.0,0.0
2001-03-01,0.0,0.0,0.0,0.056398498849511425,0.0,0.0
2001-03-02,0.0,0.0,0.0,0.05082892378243715,0.0,0.0
2001-03-05,0.0,0.0,0.0,0.04808938214139077,0.0,0.0
2001-03-06,0.0,0.0,0.0,0.04428946988328618,0.0,0.0
2001-03-07,0.0,0.0,0.0,0.04633220475316478,0.0,0.0
2001-03-08,0.0,0.0,0.0,0.042639505859833025,0.0,0.0
2001-03-09,0.0,0.0,0.0,0.041314576626327155,0.0,0.0
2001-03-12,0.0,0.0,0.0,0.038027654743269045,0.0,0.0
2001-03-13,0.0,0.0,0.0,0.03158661574558166,0.0,0.0
2001-03-14,0.0,0.0,0.0,0.025534113900899946,0.0,0.0
2001-03-15,0.0,0.0,0.0,0.01679113422531515,0.0,0.0
2001-03-16,0.0,0.0,0.0,0.0,0.0,0.0
2001-03-19,0.0,0.0,0.0,0.0,0.0,0.0
2001-03-20,0.0,0.0,0.0,0.0,0.0,0.0
2001-03-21,0.0,0.0,0.0,0.0205454352028812,0.0,0.0
2001-03-22,0.0,0.0,0.0,0.028131214356947272,0.0,0.0
2001-03-23,0.0,0.0,0.0,0.0367346603749966,0.0,0.0
2001-03-26,0.0,0.0,0.0,0.03957548784291244,0.0,0.0
2001-03-27,0.0,0.0,0.0,0.035403081184174505,0.0,0.0
2001-03-28,0.0,0.0,0.0,0.03110944010177142,0.0,0.0
2001-03-29,0.0,0.0,0.0,0.028194015320358846,0.0,0.0
2001-03-30,0.0,0.0,0.0,0.023937967037574174,0.0,0.0
2001-04-02,0.0,0.0,0.0,0.02401686247491575,0.0,0.0
2001-04-03,0.0,0.0,0.0,0.031691270022391325,0.0,0.0
2001-04-04,0.0,0.0,0.0,0.0378238902662773,0.0,0.0
2001-04-05,0.0,0.0,0.0,0.04420895129749955,0.0,0.0
2001-04-06,0.0,0.0,0.0,0.05105471799477736,0.0,0.0
2001-04-09,0.0,0.0,0.0,0.058528050270810296,0.0,0.0
2001-04-10,0.0,0.0,0.0,0.06204974789576636,0.0,0.0
2001-04-11,0.0,0.0,0.0,0.08689703877616053,0.0,0.0
2001-04-12,0.0,0.0,0.0,0.09097359554097445,0.0,0.0
2001-04-16,0.0,0.0,0.0,0.0954732440079538,0.0,0.0
2001-04-17,0.0,0.0,0.0,0.0957691493238466,0.0,0.0
2001-04-18,0.0,0.0,0.0,0.08475050536348451,0.0,0.0
2001-04-19,0.0,0.0,0.0,0.09155310532513139,0.0,0.0
2001-04-20,0.0,0.0,0.0,0.09158249277331879,0.0,0.0
2001-04-23,0.0,0.0,0.0,0.07186312945106292,0.0,0.0
2001-04-24,0.0,0.0,0.0,0.06005015633353322,0.0,0.0
2001-04-25,0.0,0.0,0.0,0.05570109432432887,0.0,0.0
2001-04-26,0.0,0.0,0.0,0.05569294582977122,0.0,0.0
2001-04-27,0.0,0.0,0.0,0.08070583083024746,0.0,0.0
2001-04-30,0.0,0.0,0.0,0.06482265815924904,0.0,0.0
2001-05-01,0.0,0.0,0.0,0.06261884648439565,0.0,0.0
2001-05-02,0.0,0.0,0.0,0.06179436404624527,0.0,0.0
2001-05-03,0.0,0.0,0.0,0.05797971622142225,0.0,0.0
2001-05-04,0.0,0.0,0.0,0.0647223248543078,0.0,0.0
2001-05-07,0.0,0.0,0.0,0.057962281379269474,0.0,0.0
2001-05-08,0.0,0.0,0.0,0.057953595942503384,0.0,0.0
2001-05-09,0.0,0.0,0.0,0.057944931725628514,0.0,0.0
2001-05-10,0.0,0.0,0.0,0.05793628865187291,0.0,0.0
2001-05-11,0.0,0.0,0.0,0.05844693587319458,0.0,0.0
2001-05-14,0.0,0.0,0.0,0.05658326704297328,0.0,0.0
2001-05-15,0.0,0.0,0.0,0.05202985746946603,0.0,0.0
2001-05-16,0.0,0.0,0.0,0.04971899295421732,0.0,0.0
2001-05-17,0.0,0.0,0.0,0.049405738470715034,0.0,0.0
2001-05-18,0.0,0.0,0.0,0.045552674455180686,0.0,0.0
2001-05-21,0.0,0.0,0.0426349185866646,0.04118129581838941,0.0,0.0
2001-05-22,0.0,0.0,0.18801255523099472,0.04013811575959353,0.0,0.0
2001-05-23,0.0,0.0,0.13214203931487495,0.03965811187862049,0.0,0.0
2001-05-24,0.0,0.0,0.16151843176714029,0.037969604046226506,0.0,0.0
2001-05-25,0.0,0.0,0.17469648474943622,0.03660598345281937,0.0,0.0
2001-05-29,0.0,0.0,0.16567519348926452,0.03520328363134832,0.0,0.0
2001-05-30,0.0,0.0,0.1274625570780305,0.03548059473170324,0.0,0.0
2001-05-31,0.0,0.0,0.10510344890980564,0.03678473769060414,0.0,0.0
2001-06-01,0.0,0.0,0.05906599099931538,0.03721422640641513,0.0,0.0
2001-06-04,0.0,0.0,0.06672962377184172,0.03485875643863866,0.0,0.0
2001-06-05,0.0,0.0,0.07494068334886156,0.03321866868293677,0.0,0.0
2001-06-06,0.0,0.0,0.08367263907231809,0.031586530966865936,0.0,0.0
2001-06-07,0.0,0.0,0.09443379370220875,0.028787068997629024,0.0,0.0
2001-06-08,0.0,0.0,0.10472399058618333,0.027199563019363947,0.0,0.0
2001-06-11,0.0,0.0,0.10736853066495756,0.02856871728122566,0.0,0.0
2001-06-12,0.0,0.0,0.15339651184440614,0.03355678906954515,0.0,0.0
2001-06-13,0.0,0.0,0.0879157746001951,0.03897089971474821,0.0,0.0
2001-06-14,0.0,0.0,0.08791808024517689,0.04484130214014379,0.0,0.0
2001-06-15,0.0,0.0,0.07378915309544769,0.046527415061557345,0.0,0.0
2001-06-18,0.0,0.0,0.08177575888955688,0.048213105521652824,0.0,0.0
2001-06-19,0.0,0.0,0.0514256057680059,0.04566969917065546,0.0,0.0
2001-06-20,0.0,0.0,0.0715614060806286,0.04312695864696515,0.0,0.0
2001-06-21,0.0,0.0,0.05323207740703342,0.039099330783324164,0.0,0.0
2001-06-22,0.0,0.0,0.0391279969888564,0.04101492222536076,0.0,0.0
2001-06-25,0.0,0.0,0.0,0.03456170416438955,0.0,0.0
2001-06-26,0.0,0.0,0.0,0.02764550039547345,0.0,0.0
2001-06-27,0.0,0.0,0.0,0.020731234900340238,0.0,0.0
2001-06-28,0.0,0.0,0.0,0.0,0.0,0.0
2001-06-29,0.0,0.0,0.0,0.0,0.0,0.0
2001-07-02,0.0,0.0,0.0,0.0,0.0,0.0
2001-07-03,0.0,0.0,0.0,0.0,0.0,0.0
2001-07-05,0.0,0.0,0.0,0.0,0.0,0.0
2001-07-06,0.0,0.0,0.0,0.0,0.0,0.0
2001-07-09,0.0,0.0,0.0,0.0,0.0,0.0
2001-07-10,0.0,0.0,0.0,0.0,0.0,0.0
2001-07-11,0.0,0.0,0.0,0.0,0.0,0.0
2001-07-12,0.0,0.0,0.0,0.016562160082432466,0.0,0.0
2001-07-13,0.0,0.0,0.0,0.02345986743664683,0.0,0.0
2001-07-16,0.0,0.0,0.0,0.023457715997950195,0.0,0.0
2001-07-17,0.0,0.0,0.0,0.023454537811683468,0.0,0.0
2001-07-18,0.0,0.0,0.0,0.019862796608192814,0.0,0.0
2001-07-19,0.0,0.0,0.0,0.0,0.0,0.0
2001-07-20,0.0,0.0,0.035906801385911354,0.0,0.0,0.0
2001-07-23,0.0,0.0,0.0,0.0,0.0,0.0
2001-07-24,0.0,0.0,0.0,0.0,0.0,0.0
2001-07-25,0.0,0.0,0.0,0.0,0.0,0.0
2001-07-26,0.0,0.0,0.0,0.0,0.0,0.0
2001-07-27,0.0,0.0,0.0,0.0,0.0,0.0
2001-07-30,0.0,0.0,0.0,0.0,0.0,0.0
2001-07-31,0.0,0.0,0.0,0.01929004992445476,0.0,0.0
2001-08-01,0.0,0.0,0.0,0.02617589006780722,0.0,0.0
2001-08-02,0.0,0.0,0.0,0.03305991736280755,0.0,0.0
2001-08-03,0.0,0.0,0.0,0.02900537307869295,0.0,0.0
2001-08-06,0.0,0.0,0.0,0.03707311426015712,0.0,0.0
2001-08-07,0.0,0.0,0.0,0.04393275977869116,0.0,0.0
2001-08-08,0.0,0.0,0.0,0.044490137886824696,0.0,0.0
2001-08-09,0.0,0.0,0.0,0.049043816876071816,0.0,0.0
2001-08-10,0.0,0.0,0.04303882716734583,0.051761797592272694,0.0,0.0
2001-08-13,0.0,0.0,0.07722893328373052,0.05447909152617717,0.0,0.0
2001-08-14,0.0,0.0,0.10373862617804042,0.051748491391223485,0.0,0.0
2001-08-15,0.0,0.0,0.10820376938459536,0.04901860503077124,0.0,0.0
2001-08-16,0.0,0.0,0.13053734896813063,0.04628943002614707,0.0,0.0
2001-08-17,0.0,0.0,0.10598553341385886,0.04356096396945522,0.0,0.0
2001-08-20,0.0,0.0,0.1253964827079036,0.034027670386264794,0.0,0.0
2001-08-21,0.0,0.0,0.14978049892629028,0.027218677944153648,0.0,0.0
2001-08-22,0.0,0.0,0.11876728387612662,0.020411420520246387,0.0,0.0
2001-08-23,0.0,0.0,0.1242540478920947,0.0,0.0,0.0
2001-08-24,0.0,0.0,0.09344409098895944,0.0,0.0,0.0
2001-08-27,0.0,0.0,0.13652309243805083,0.0,0.0,0.0
2001-08-28,0.0,0.0,0.14409120634389608,0.0,0.0,0.0
2001-08-29,0.0,0.0,0.14509780641243458,0.0,0.0,0.0
2001-08-30,0.0,0.0,0.1781847254919317,0.0,0.0,0.0
2001-08-31,0.0,0.0,0.21016390255867734,0.0,0.0,0.0
2001-09-04,0.0,0.0,0.24345259709923392,0.0,0.0,0.0
2001-09-05,0.0,0.0,0.20073449304478563,0.0,0.0,0.0
2001-09-06,0.0,0.0,0.17395240693877462,0.0,0.0,0.0
2001-09-07,0.0,0.0,0.16470029831234867,0.0,0.0,0.0
2001-09-10,0.0,0.0,0.17313815257088183,0.0,0.0,0.0
2001-09-17,0.0,0.0,0.16218446571182335,0.03091752584660279,0.0,0.0
2001-09-18,0.0,0.0,0.3045032843330534,0.03935597946635624,0.0,0.0
2001-09-19,0.0,0.0,0.27696550731001446,0.024497985572707347,0.0,0.0
2001-09-20,0.0,0.0,0.29064585915765273,0.0,0.0,0.0
2001-09-21,0.0,0.0,0.2943730451112968,0.0,0.0,0.0
2001-09-24,0.0,0.0,0.33713849340564017,0.0,0.0,0.0
2001-09-25,0.0,0.0,0.35219411703979375,0.0,0.0,0.0
2001-09-26,0.0,0.0,0.3469179471149003,0.0,0.0,0.0
2001-09-27,0.0,0.0,0.4114888090261639,0.0,0.0,0.0
2001-09-28,0.0,0.0,0.43213036628387336,0.0,0.0,0.0
2001-10-01,0.0,0.0,0.46635692518949035,0.0,0.0,0.0
2001-10-02,0.0,0.0,0.4992331463128198,0.0,0.0,0.0
2001-10-03,0.0,0.0,0.516510836277534,0.0,0.0,0.0
2001-10-04,0.0,0.0,0.5281332331602296,0.0,0.0,0.0
2001-10-05,0.0,0.0,0.5518122575971325,0.0,0.0,0.0
2001-10-08,0.0,0.0,0.5645956892122153,0.0,0.0,0.0
2001-10-09,0.0,0.0,0.5714025950175955,0.0,0.0,0.0
2001-10-10,0.0,0.0,0.5782052355920725,0.0,0.0,0.0
2001-10-11,0.0,0.0,0.5584980585129841,0.0,0.0,0.0
2001-10-12,0.0,0.0,0.5156282456525388,0.0,0.0,0.0
2001-10-15,0.0,0.0,0.5147176870100196,0.0,0.0,0.0
2001-10-16,0.0,0.0,0.5042279803644978,0.0,0.0,0.0
2001-10-17,0.0,0.0,0.48524356267443347,0.0,0.0,0.0
2001-10-18,0.0,0.0,0.4103111049247658,0.0,0.0,0.0
2001-10-19,0.0,0.0,0.40957070374000876,0.0,0.0,0.0
2001-10-22,0.0,0.0,0.3715310214146826,0.0,0.0,0.0
2001-10-23,0.0,0.0,0.34275259077081827,0.0,0.0,0.0
2001-10-24,0.0,0.0,0.28834981013457445,0.0,0.0,0.0
2001-10-25,0.0,0.0,0.27590323136183686,0.0,0.0,0.0
2001-10-26,0.0,0.0,0.2560269301146873,0.0,0.0,0.0
2001-10-29,0.0,0.0,0.24291027688939287,0.0,0.0,0.0
2001-10-30,0.0,0.0,0.2544299326897331,0.0,0.0,0.0
2001-10-31,0.0,0.0,0.2754275293288362,0.0,0.0,0.0
2001-11-01,0.0,0.0,0.27621744673825693,0.0,0.0,0.0
2001-11-02,0.0,0.0,0.2786684926935031,0.0,0.0,0.0
2001-11-05,0.0,0.0,0.28218394063190316,0.0,0.0,0.0
2001-11-06,0.0,0.0,0.28055311249323184,0.0,0.0,0.0
2001-11-07,0.0,0.0,0.2890694250716801,0.0,0.0,0.0
2001-11-08,0.0,0.0,0.3003431098513733,0.0,0.0,0.0
2001-11-09,0.0,0.0,0.3122837234864238,0.0,0.0,0.0
2001-11-12,0.0,0.0,0.2931337759100367,0.0,0.0,0.0
2001-11-13,0.0,0.0,0.3060195468854158,0.0,0.0,0.0
2001-11-14,0.0,0.0,0.30206281610696695,0.0,0.0,0.0
2001-11-15,0.0,0.0,0.2773705371617864,0.0,0.0,0.0
2001-11-16,0.0,0.0,0.26150803709414416,0.0,0.0,0.0
2001-11-19,0.0,0.0,0.23268221611562834,0.0,0.0,0.0
2001-11-20,0.0,0.0,0.23694033953501456,0.0,0.0,0.0
2001-11-21,0.0,0.0,0.23327126729700082,0.0,0.0,0.0
2001-11-23,0.0,0.0,0.2523799037792071,0.0,0.0,0.0
2001-11-26,0.0,0.0,0.2665822134863437,0.0,0.0,0.0
2001-11-27,0.0,0.0,0.2925104099996966,0.0,0.0,0.0
2001-11-28,0.0,0.0,0.3294796703984927,0.0,0.0,0.0
2001-11-29,0.0,0.0,0.35180010793299193,0.0,0.0,0.0
2001-11-30,0.0,0.05158736931064153,0.35826188871605497,0.0,0.0,0.0
2001-12-03,0.0,0.2198261125950314,0.3685556554648327,0.0,0.0,0.0
2001-12-04,0.0,0.0,0.3954464639519199,0.0,0.0,0.0
2001-12-05,0.0,0.16471230499336,0.4124259011280502,0.0,0.0,0.0
2001-12-06,0.0,0.23084263000293662,0.4253913870872533,0.0,0.0,0.0
2001-12-07,0.0,0.24742783716104147,0.40416366043010826,0.0,0.0,0.0
2001-12-10,0.0,0.217059386555621,0.3822914031206942,0.0,0.0,0.0
2001-12-11,0.0,0.23253394993685342,0.3357100474864054,0.0,0.0,0.0
2001-12-12,0.0,0.26322928758396114,0.3096277641843463,0.0,0.0,0.0
2001-12-13,0.0,0.2510140949524249,0.2890602725334765,0.0,0.0,0.0
2001-12-14,0.0,0.10623659194900449,0.2638134315669714,0.0,0.0,0.0
2001-12-17,0.0,0.11255106437597195,0.26942079985710304,0.0,0.0,0.0
2001-12-18,0.0,0.13010698319977645,0.2764797020973171,0.0,0.0,0.0
2001-12-19,0.0,0.2360193188269382,0.33399113161520977,0.0,0.0,0.0
2001-12-20,0.0,0.19188788725346906,0.3439023129396622,0.0,0.0,0.0
2001-12-21,0.0,0.09200012867503206,0.2861327008153773,0.0,0.0,0.0
2001-12-24,0.0,0.19263279641044143,0.3417855473299128,0.0,0.0,0.0
2001-12-26,0.0,0.19259643236772298,0.3355724601276904,0.0,0.0,0.0
2001-12-27,0.0,0.19256014217707648,0.3100147922883857,0.0,0.0,0.0
2001-12-28,0.0,0.14448492174881952,0.304785222575542,0.0,0.0,0.0
2001-12-31,0.0,0.19097744892224106,0.2932391704933981,0.0,0.0,0.0
2002-01-02,0.0,0.21787782093865654,0.2577076978624817,0.0,0.0,0.0
2002-01-03,0.0,0.21052210690389075,0.3353739237208373,0.0,0.0,0.0
2002-01-04,0.0,0.2824259570924403,0.3188422788232641,0.0,0.0,0.0
2002-01-07,0.0,0.22718662934920789,0.3177944267208466,0.0,0.0,0.0
2002-01-08,0.0,0.22225276256698587,0.33321202147614415,0.0,0.0,0.0
2002-01-09,0.0,0.14014953454446769,0.3010744604992516,0.0,0.0,0.0
2002-01-10,0.0,0.09424327381948357,0.3379881031025153,0.0,0.0,0.0
2002-01-11,0.0,0.09595947634944645,0.3945080387487786,0.0,0.0,0.0
2002-01-14,0.0,0.09208092817340963,0.3811522683720781,0.0,0.0,0.0
2002-01-15,0.0,0.08020457606644889,0.3958268298414783,0.0,0.0,0.0
2002-01-16,0.0,0.08048983069996418,0.3499362524421111,0.0,0.0,0.0
2002-01-17,0.0,0.06087390887902221,0.39445758336509695,0.0,0.0,0.0
2002-01-18,0.0,0.08044079523558871,0.37616276425501766,0.0,0.0,0.0
2002-01-22,0.0,0.06084264433094436,0.3457782333108758,0.0,0.0,0.0
2002-01-23,0.0,0.060827058779050286,0.3509650130605708,0.0,0.0,0.0
2002-01-24,0.0,0.060811504251174514,0.3278105229126388,0.0,0.0,0.0
2002-01-25,0.0,0.06079598065472145,0.31298784246138317,0.0,0.0,0.0
2002-01-28,0.0,0.06078048789746384,0.27874281437392456,0.0,0.0,0.0
2002-01-29,0.0,0.06076502588754091,0.30895129479213174,0.0,0.0,0.0
2002-01-30,0.0,0.06074959453345654,0.29408321313967195,0.0,0.0,0.0
2002-01-31,0.0,0.060734193744077444,0.3749871348842436,0.0,0.0,0.0
2002-02-01,0.0,0.06071882342863142,0.4058671466725371,0.0,0.0,0.0
2002-02-04,0.0,0.06070348349670551,0.4186975063987288,0.0,0.0,0.0
2002-02-05,0.0,0.06068817385824428,0.47720825445202164,0.0,0.0,0.0
2002-02-06,0.0,0.06067289442354795,0.551115249513123,0.0,0.0,0.0
2002-02-07,0.0,0.05544444192686562,0.5869071275405815,0.0,0.0,0.0
2002-02-08,0.0,0.04893535452077064,0.5915559213747581,0.0,0.0,0.0
2002-02-11,0.0,0.0,0.5889755806555275,0.0,0.0,0.0
2002-02-12,0.0,0.0,0.5773566407455154,0.0,0.0,0.0
2002-02-13,0.0,0.0,0.4556616815082942,0.0,0.0,0.0
2002-02-14,0.0,0.0,0.48937673862894243,0.0,0.0,0.0
2002-02-15,0.0,0.0,0.4781123129253137,0.0,0.0,0.0
2002-02-19,0.0,0.0,0.513921548729645,0.0,0.0,0.0
2002-02-20,0.0,0.0,0.49782670215394065,0.0,0.0,0.0
2002-02-21,0.0,0.0,0.5113929499165666,0.0,0.0,0.0
2002-02-22,0.0,0.0,0.515818388892843,0.0,0.0,0.0
2002-02-25,0.0,0.0,0.5963199614367806,0.0,0.0,0.0
2002-02-26,0.0,0.0,0.5993737909114583,0.0,0.0,0.0
2002-02-27,0.0,0.0,0.6159415445446081,0.0,0.0,0.0
2002-02-28,0.0,0.0,0.6199011929835695,0.0,0.0,0.0
2002-03-01,0.0,0.0,0.6211879709165357,0.0,0.0,0.0
2002-03-04,0.0,0.0,0.5954253228702464,0.0,0.0,0.0
2002-03-05,0.0,0.0,0.5696038531504177,0.0,0.0,0.0
2002-03-06,0.0,0.0,0.5208213182949316,0.0,0.0,0.0
2002-03-07,0.0,0.0,0.5050921632759275,0.0,0.0,0.0
2002-03-08,0.0,0.0,0.4164310517998395,0.0,0.0,0.0
2002-03-11,0.0,0.0,0.2995501176351929,0.0,0.0,0.0
2002-03-12,0.0,0.0,0.287911396712366,0.0,0.0,0.0
2002-03-13,0.0,0.0,0.2928537698145827,0.01638113862770298,0.0,0.0
2002-03-14,0.0,0.0,0.2813961683962496,0.0,0.0,0.0
2002-03-15,0.0,0.0,0.2855197779696477,0.026276201559341707,0.0,0.0
2002-03-18,0.0,0.0,0.2842139329434146,0.018818650642209417,0.0,0.0
2002-03-19,0.0,0.0,0.2822962961685698,0.029221972140239447,0.0,0.0
2002-03-20,0.0,0.0,0.3033651369718937,0.028803202292033193,0.0,0.0
2002-03-21,0.0,0.0,0.29176042722317574,0.0275770941667404,0.0,0.0
2002-03-22,0.0,0.0,0.28238859129050525,0.0383742434755339,0.0,0.0
2002-03-25,0.0,0.0,0.3132078575605306,0.03955653383731687,0.0,0.0
2002-03-26,0.0,0.0,0.42820361487569214,0.0397936125318318,0.0,0.0
2002-03-27,0.0,0.0,0.3891897221503784,0.03930461856780175,0.0,0.0
2002-03-28,0.0,0.0,0.4205454249908198,0.03960146796495808,0.0,0.0
2002-04-01,0.0,0.0,0.4421192183124583,0.03882415709702296,0.0,0.0
2002-04-02,0.0,0.0,0.38514097083659915,0.03882278963389054,0.0,0.0
2002-04-03,0.0,0.0,0.45651638983171483,0.03882144153480078,0.0,0.0
2002-04-04,0.0,0.0,0.45913146944608907,0.03952801322352901,0.0,0.0
2002-04-05,0.0,0.0,0.38442361211702175,0.03918963427372069,0.0,0.0
2002-04-08,0.0,0.0,0.4311368203786751,0.03777830521349985,0.0,0.0
2002-04-09,0.0,0.0,0.4292326162367121,0.03851295920525803,0.0,0.0
2002-04-10,0.0,0.0,0.46697202562264717,0.03258667776442709,0.0,0.0
2002-04-11,0.0,0.0,0.4643592824685138,0.03783639404748202,0.0,0.0
2002-04-12,0.0,0.0,0.4630526209589093,0.03434123030522969,0.0,0.0
2002-04-15,0.0,0.0,0.4630526209589093,0.0,0.0,0.0
2002-04-16,0.0,0.0,0.4630526209589093,0.0,0.0,0.0
2002-04-17,0.0,0.0,0.45803802301525526,0.02276636238471255,0.0,0.0
2002-04-18,0.0,0.0,0.4630526209589093,0.03463978828372421,0.0,0.0
2002-04-19,0.0,0.0,0.4656657504897917,0.026249345641526416,0.0,0.0
2002-04-22,0.0,0.0,0.4682781084633641,0.03368220985658557,0.0,0.0
2002-04-23,0.0,0.0,0.4787199190566443,0.0299442021263157,0.0,0.0
2002-04-24,0.0,0.0,0.48914975520573933,0.029922406027263017,0.0,0.0
2002-04-25,0.0,0.0,0.4995678988407282,0.029739516016638292,0.0,0.0
2002-04-26,0.0,0.0,0.5060734211493554,0.029417985454260092,0.0,0.0
2002-04-29,0.0,0.0,0.5008693582075987,0.03197880975728054,0.0,0.0
2002-04-30,0.0,0.0,0.4982662610005862,0.03996362817876067,0.0,0.0
2002-05-01,0.0,0.0,0.4943602714721272,0.03667025152427482,0.0,0.0
2002-05-02,0.0,0.0,0.48654340313122296,0.017799403509075162,0.0,0.0
2002-05-03,0.0,0.0,0.4787199190566443,0.01662582006203349,0.0,0.0
2002-05-06,0.0,0.0,0.44464290661640593,0.022136708292279268,0.0,0.0
2002-05-07,0.0,0.0,0.5372397657613839,0.01774031261610454,0.0,0.0
2002-05-08,0.0,0.0,0.5683111837895475,0.03448799892100586,0.0,0.0
2002-05-09,0.0,0.0,0.5902658252252838,0.04588792452076572,0.0,0.0
2002-05-10,0.0,0.0,0.6121775614621708,0.05086931836820862,0.0,0.0
2002-05-13,0.0,0.0,0.6096018806515274,0.05050192688644707,0.0,0.0
2002-05-14,0.0,0.0,0.5786482374779787,0.04531680041679069,0.0,0.0
2002-05-15,0.0,0.0,0.5424247642066108,0.04380429794986233,0.0,0.0
2002-05-16,0.0,0.0,0.4991867699515887,0.042917508872207875,0.0,0.0
2002-05-17,0.0,0.0,0.4800242975192106,0.041230607241631335,0.0,0.0
2002-05-20,0.0,0.0,0.451283859578374,0.04190329853522963,0.0,0.0
2002-05-21,0.0,0.0,0.44997522937022594,0.04320172304529489,0.0,0.0
2002-05-22,0.0,0.0,0.44866639882616194,0.04459672362745954,0.0,0.0
2002-05-23,0.0,0.0,0.4525922900925937,0.037417718916525095,0.0,0.0
2002-05-24,0.0,0.0,0.45390052155086824,0.03462518846378311,0.0,0.0
2002-05-28,0.0,0.0,0.45390052155086824,0.041260313575165256,0.0,0.0
2002-05-29,0.0,0.0,0.45651638983171483,0.018476281038712686,0.0,0.0
2002-05-30,0.0,0.0,0.4578240279105628,0.019435389562060205,0.0,0.0
2002-05-31,0.0,0.0,0.4617457653574202,0.017142526970854464,0.0,0.0
2002-06-03,0.0,0.0,0.5177723182517159,0.01714193661391083,0.0,0.0
2002-06-04,0.0,0.0,0.5721887291121499,0.017141347356430334,0.0,0.0
2002-06-05,0.0,0.0,0.62761976282779,0.017140759195392215,0.0,0.0
2002-06-06,0.0,0.0,0.6815135822949487,0.01714017212778669,0.0,0.0
2002-06-07,0.0,0.0,0.7339083645020055,0.01713958615061496,0.0,0.0
2002-06-10,0.0,0.0,0.75,0.0,0.0,0.0
2002-06-11,0.0,0.0,0.75,0.0,0.0,0.0
2002-06-12,0.0,0.0,0.75,0.0,0.0,0.0
2002-06-13,0.0,0.0,0.75,0.03528377403574373,0.0,0.0
2002-06-14,0.0,0.0,0.75,0.039555770682297625,0.0,0.0
2002-06-17,0.0,0.0,0.75,0.04260647397239314,0.0,0.0
2002-06-18,0.0,0.0,0.75,0.04362915950752287,0.0,0.0
2002-06-19,0.0,0.0,0.75,0.03366898750418794,0.0,0.0
2002-06-20,0.0,0.0,0.75,0.037837829148683555,0.0,0.0
2002-06-21,0.0,0.0,0.75,0.041734317488571905,0.0,0.0
2002-06-24,0.0,0.0,0.75,0.05118877058986458,0.0,0.0
2002-06-25,0.0,0.0,0.75,0.054843989732335924,0.0,0.0
2002-06-26,0.0,0.0,0.75,0.06108234991259616,0.0,0.0
2002-06-27,0.0,0.0,0.7093416028482282,0.06231012500069687,0.0,0.0
2002-06-28,0.0,0.0,0.6514022118820265,0.06690979645412196,0.0,0.0
2002-07-01,0.0,0.0,0.6591611089224511,0.06763561970691409,0.0,0.0
2002-07-02,0.0,0.0,0.6430127527040278,0.06520481936702106,0.0,0.0
2002-07-03,0.0,0.0,0.6414337664678229,0.06172208178523895,0.0,0.0
2002-07-05,0.0,0.0,0.6400503318270423,0.05987244208541082,0.0,0.0
2002-07-08,0.0,0.0,0.6283918933861814,0.06081764685255866,0.0,0.0
2002-07-09,0.0,0.0,0.6073032404197051,0.0641602308125319,0.0,0.0
2002-07-10,0.0,0.0,0.5677318748111668,0.07142314570100856,0.0,0.0
2002-07-11,0.0,0.0,0.5684835839648976,0.07810418028355628,0.0,0.0
2002-07-12,0.0,0.0,0.5395146728879207,0.07766587401374887,0.0,0.0
2002-07-15,0.0,0.0,0.5406051220337672,0.07484359118673667,0.0,0.0
2002-07-16,0.0,0.0,0.5109797325848524,0.07511125415369956,0.0,0.0
2002-07-17,0.0,0.0,0.5229973381515555,0.07011559558840133,0.0,0.0
2002-07-18,0.0,0.0,0.48253091986398167,0.06249541624067731,0.0,0.0
2002-07-19,0.0,0.0,0.46405028625528666,0.07134269508739398,0.0,0.0
2002-07-22,0.0,0.0,0.45585917995446296,0.07758320787989707,0.0,0.0
2002-07-23,0.0,0.0,0.46568021299614926,0.08404432946923776,0.0,0.0
2002-07-24,0.0,0.0,0.4455679183822567,0.08290661292867456,0.0,0.0
2002-07-25,0.0,0.0,0.391452725335956,0.08185671627229535,0.0,0.0
2002-07-26,0.0,0.0,0.367815311170554,0.08100118522790693,0.0,0.0
2002-07-29,0.0,0.0,0.3613487962522144,0.08073393353492937,0.0,0.0
2002-07-30,0.0,0.0,0.31525921833363635,0.08015575778512728,0.0,0.0
2002-07-31,0.0,0.0,0.3174110060008863,0.07869059185259268,0.0,0.0
2002-08-01,0.0,0.0,0.31477759651983256,0.07661895704948496,0.0,0.0
2002-08-02,0.0,0.0,0.27083267503413766,0.07416598017752847,0.0,0.0
2002-08-05,0.0,0.0,0.260485126549315,0.0700136858578299,0.0,0.0
2002-08-06,0.0,0.0,0.24656690613770524,0.06803127415885074,0.0,0.0
2002-08-07,0.0,0.0,0.24817380374297832,0.06763973523864958,0.0,0.0
2002-08-08,0.0,0.0,0.24908561348247538,0.06724826419671841,0.0,0.0
2002-08-09,0.0,0.0,0.2811246723855284,0.06685686085143337,0.0,0.0
2002-08-12,0.0,0.0,0.2550130462301297,0.06646552502180846,0.0,0.0
2002-08-13,0.0,0.0,0.2972912288136911,0.06359534781036542,0.0,0.0
2002-08-14,0.0,0.0,0.2881683598724195,0.0635168263770375,0.0,0.0
2002-08-15,0.0,0.0,0.2947108578470704,0.06629602390388567,0.0,0.0
2002-08-16,0.0,0.0,0.26601977456581993,0.05972860176289829,0.0,0.0
2002-08-19,0.0,0.0,0.2763116416842012,0.056972959026651775,0.0,0.0
2002-08-20,0.0,0.0,0.26971028316806356,0.05610526783175411,0.0,0.0
2002-08-21,0.0,0.0,0.2349490495888665,0.056141650011825375,0.0,0.0
2002-08-22,0.0,0.0,0.22876484159280372,0.056261846437971004,0.0,0.0
2002-08-23,0.0,0.0,0.2182042840852394,0.05854622601792814,0.0,0.0
2002-08-26,0.0,0.0,0.2318380137488308,0.05894925323264216,0.0,0.0
2002-08-27,0.0,0.0,0.24752307144964983,0.059352234031585654,0.0,0.0
2002-08-28,0.0,0.0,0.2706524264544382,0.059687367142815334,0.0,0.0
2002-08-29,0.0,0.0,0.36174430417823905,0.05995466594272573,0.0,0.0
2002-08-30,0.0,0.0,0.3644516481660998,0.06022193632803607,0.0,0.0
2002-09-03,0.0,0.0,0.3608416195389661,0.06021802571295554,0.0,0.0
2002-09-04,0.0,0.0,0.354519480219483,0.059807419364629674,0.0,0.0
2002-09-05,0.0,0.0,0.3481914011639364,0.0593968725310177,0.0,0.0
2002-09-06,0.0,0.0,0.3418572629312893,0.05898638505535642,0.0,0.0
2002-09-09,0.0,0.0,0.3426253014197299,0.0592424624880735,0.0,0.0
2002-09-10,0.0,0.0,0.34696683984235344,0.05991448214225135,0.0,0.0
2002-09-11,0.0,0.0,0.3612799776790464,0.06097470896301932,0.0,0.0
2002-09-12,0.0,0.0,0.3812231583215805,0.06250370805776928,0.0,0.0
2002-09-13,0.0,0.0,0.3321958091099388,0.06349214109032611,0.0,0.0
2002-09-16,0.0,0.0,0.3555529144235731,0.06519678790668668,0.0,0.0
2002-09-17,0.0,0.0,0.35325066398805055,0.0672098723479561,0.0,0.0
2002-09-18,0.0,0.0,0.3649071481197874,0.06918870805510469,0.0,0.0
2002-09-19,0.0,0.0,0.390892759862336,0.07140812502740028,0.0,0.0
2002-09-20,0.0,0.0,0.4607132966577745,0.07350682550111753,0.0,0.0
2002-09-23,0.0,0.0,0.4716228236571989,0.0751526817876197,0.0,0.0
2002-09-24,0.0,0.0,0.47947012528655564,0.07337746588027436,0.0,0.0
2002-09-25,0.0,0.0,0.4855854440408889,0.0776215540435729,0.0,0.0
2002-09-26,0.0,0.0,0.49223201158349483,0.1,0.0,0.0
2002-09-27,0.0,0.0,0.5066125231797431,0.1,0.0,0.0
2002-09-30,0.0,0.0,0.4973468594611961,0.1,0.0,0.0
2002-10-01,0.0,0.0,0.4880352771321523,0.1,0.0,0.0
2002-10-02,0.0,0.0,0.470576026791089,0.1,0.0,0.0
2002-10-03,0.0,0.0,0.4523368999707861,0.1,0.0,0.0
2002-10-04,0.0,0.0,0.43101284278195434,0.1,0.0,0.0
2002-10-07,0.0,0.0,0.41498341991705384,0.1,0.0,0.0
2002-10-08,0.0,0.0,0.42033012159298333,0.1,0.0,0.0
2002-10-09,0.0,0.0,0.34693098946928086,0.1,0.0,0.0
2002-10-10,0.0,0.0,0.3415225548526545,0.1,0.0,0.0
2002-10-11,0.0,0.0,0.36462020529574946,0.1,0.0,0.0
2002-10-14,0.0,0.0,0.3880868808258611,0.1,0.0,0.0
2002-10-15,0.0,0.0,0.4192903820848723,0.1,0.0,0.0
2002-10-16,0.0,0.0,0.451188129129779,0.1,0.0,0.0
2002-10-17,0.0,0.0,0.44662558157777743,0.1,0.0,0.0
2002-10-18,0.0,0.0,0.45830954384209116,0.1,0.0,0.0
2002-10-21,0.0,0.0,0.43406165868930363,0.1,0.0,0.0
2002-10-22,0.0,0.0,0.38242437993518963,0.1,0.0,0.0
2002-10-23,0.0,0.0,0.320389736290804,0.1,0.0,0.0
2002-10-24,0.0,0.0,0.2687651064843786,0.1,0.0,0.0
2002-10-25,0.0,0.0,0.21710866001914209,0.1,0.0,0.0
2002-10-28,0.0,0.0,0.17119763418757164,0.1,0.0,0.0
2002-10-29,0.0,0.0,0.19100529006413156,0.1,0.0,0.0
2002-10-30,0.0,0.0,0.21688372449599236,0.1,0.0,0.0
2002-10-31,0.0,0.0,0.21693221941033725,0.1,0.0,0.0
2002-11-01,0.0,0.0,0.21486915789169247,0.1,0.0,0.0
2002-11-04,0.0,0.0,0.22465591522820258,0.1,0.0,0.0
2002-11-05,0.0,0.0,0.2356772824620467,0.1,0.0,0.0
2002-11-06,0.0,0.0,0.2688320943781365,0.1,0.0,0.0
2002-11-07,0.0,0.0,0.2825760774786018,0.1,0.0,0.0
2002-11-08,0.0,0.0,0.29851601846314946,0.098104807590368,0.0,0.0
2002-11-11,0.0,0.0,0.38209270279120117,0.1,0.0,0.0
2002-11-12,0.0,0.0,0.3589135266340872,0.09964897355897634,0.0,0.0
2002-11-13,0.0,0.0,0.4266319336290913,0.1,0.0,0.0
2002-11-14,0.0,0.0,0.4759256244731448,0.08148589499015661,0.0,0.0
2002-11-15,0.0,0.0,0.41325644567570924,0.07654893774392692,0.0,0.0
2002-11-18,0.0,0.0,0.48165392159646125,0.0820085273082548,0.0,0.0
2002-11-19,0.0,0.0,0.5220308873470729,0.08743401182826117,0.0,0.0
2002-11-20,0.0,0.0,0.5403189242150973,0.08173511721670114,0.0,0.0
2002-11-21,0.0,0.0,0.5451563437555341,0.08909884705985685,0.0,0.0
2002-11-22,0.0,0.0,0.5628500923599206,0.0880048162890352,0.0,0.0
2002-11-25,0.0,0.0,0.539527122072393,0.08209581750215315,0.0,0.0
2002-11-26,0.0,0.0,0.5534682628519467,0.07874428810661258,0.0,0.0
2002-11-27,0.0,0.0,0.5265789417130611,0.08336544302632819,0.0,0.0
2002-11-29,0.0,0.0,0.5323767106242389,0.08066000071340823,0.0,0.0
2002-12-02,0.0,0.0,0.4671131614008953,0.084739867942522,0.0,0.0
2002-12-03,0.0,0.0,0.4613570630308537,0.1,0.0,0.0
2002-12-04,0.0,0.0,0.45528814514156885,0.08055177009278951,0.0,0.0
2002-12-05,0.0,0.0,0.46937487376244036,0.07861501482309938,0.0,0.0
2002-12-06,0.0,0.0,0.5578803718660083,0.09149320432279755,0.0,0.0
2002-12-09,0.0,0.0,0.5711616380094007,0.09768538592615943,0.0,0.0
2002-12-10,0.0,0.0,0.5489352658456284,0.09888520590360622,0.0,0.0
2002-12-11,0.0,0.0,0.5524684308405019,0.09315181062796957,0.0,0.0
2002-12-12,0.0,0.0,0.46010892155991484,0.09221779131041323,0.0,0.0
2002-12-13,0.0,0.0,0.5135458263643798,0.0805475732716858,0.0,0.0
2002-12-16,0.0,0.0,0.6041102086075545,0.0777894671554263,0.0,0.0
2002-12-17,0.0,0.0,0.6329927196398251,0.050450637976620784,0.0,0.0
2002-12-18,0.0,0.0,0.689193991187979,0.05251691529295368,0.0,0.0
2002-12-19,0.0,0.0,0.7211478478722653,0.049998634233819846,0.0,0.0
2002-12-20,0.0,0.0,0.75,0.048961886967064265,0.0,0.0
2002-12-23,0.0,0.0,0.75,0.04868663082795148,0.0,0.0
2002-12-24,0.0,0.0,0.75,0.04593353195796978,0.0,0.0
2002-12-26,0.0,0.0,0.75,0.046566158069494504,0.0,0.0
2002-12-27,0.0,0.0,0.75,0.047199212143173234,0.0,0.0
2002-12-30,0.0,0.0,0.75,0.04752473172224358,0.0,0.0
2002-12-31,0.0,0.0,0.75,0.04816697161477338,0.0,0.0
2003-01-02,0.0,0.0,0.75,0.05225933633875395,0.0,0.0
2003-01-03,0.0,0.0,0.75,0.05117997083446323,0.0,0.0
2003-01-06,0.0,0.0,0.75,0.05380683814700158,0.0,0.0
2003-01-07,0.0,0.0,0.75,0.05785878955252252,0.0,0.0
2003-01-08,0.0,0.0,0.75,0.06388902215438018,0.0,0.0
2003-01-09,0.0,0.0,0.75,0.07112466858562794,0.0,0.0
2003-01-10,0.0,0.0,0.75,0.06689099520067726,0.0,0.0
2003-01-13,0.0,0.0,0.75,0.07049992703651055,0.0,0.0
2003-01-14,0.0,0.0,0.75,0.06890536725138555,0.0,0.0
2003-01-15,0.0,0.0,0.75,0.06829944519030484,0.0,0.0
2003-01-16,0.0,0.0,0.75,0.06766049790293384,0.0,0.0
2003-01-17,0.0,0.0,0.7444415136229545,0.06613141858414005,0.0,0.0
2003-01-21,0.0,0.0,0.7317697757151579,0.06598050177437079,0.0,0.0
2003-01-22,0.0,0.0,0.75,0.06683670771898854,0.0,0.0
2003-01-23,0.0,0.0,0.75,0.06843211250624394,0.0,0.0
2003-01-24,0.0,0.0,0.75,0.0694588029798516,0.0,0.0
2003-01-27,0.0,0.0,0.75,0.0695415605294079,0.0,0.0
2003-01-28,0.0,0.0,0.75,0.07118068268908703,0.0,0.0
2003-01-29,0.0,0.0,0.75,0.07187561245122505,0.0,0.0
2003-01-30,0.0,0.0,0.75,0.07190312919635732,0.0,0.0
2003-01-31,0.0,0.0,0.75,0.07031135703430565,0.0,0.0
2003-02-03,0.0,0.0,0.75,0.06591999121619853,0.0,0.0
2003-02-04,0.0,0.0,0.75,0.06930493660589901,0.0,0.0
2003-02-05,0.0,0.0,0.75,0.06482998886129249,0.0,0.0
2003-02-06,0.0,0.0,0.6835049940613671,0.057441661558484,0.0,0.0
2003-02-07,0.0,0.0,0.6044392926082266,0.05306611916435408,0.0,0.0
2003-02-10,0.0,0.0,0.75,0.060965545056580986,0.0,0.0
2003-02-11,0.0,0.0,0.75,0.06268686444946708,0.0,0.0
2003-02-12,0.0,0.0,0.75,0.06247889193126625,0.0,0.0
2003-02-13,0.0,0.0,0.7404018109605431,0.06255509680126606,0.0,0.0
2003-02-14,0.0,0.0,0.5246532123459378,0.05852662387567156,0.0,0.0
2003-02-18,0.0,0.0,0.5359610905599359,0.059957299418085336,0.0,0.0
2003-02-19,0.0,0.0,0.41544762015092607,0.05411979297565791,0.0,0.0
2003-02-20,0.0,0.0,0.38514878571781686,0.052075991942353274,0.0,0.0
2003-02-21,0.0,0.0,0.393787634907319,0.05327364514094341,0.0,0.0
2003-02-24,0.0,0.0,0.37896606474088473,0.050504543140041186,0.0,0.0
2003-02-25,0.0,0.0,0.3139528488641427,0.04525891067834696,0.0,0.0
2003-02-26,0.0,0.0,0.2666226629798567,0.04183868865874382,0.0,0.0
2003-02-27,0.0,0.0,0.20560760642801632,0.03841047756123896,0.0,0.0
2003-02-28,0.0,0.0,0.234805347909018,0.039313980382172924,0.0,0.0
2003-03-03,0.0,0.06612675938325673,0.2156539868294306,0.03967452807959897,0.0,0.0
2003-03-04,0.0,0.06573392348844957,0.22876585509422834,0.04053898330446441,0.0,0.0
2003-03-05,0.0,0.06788704025506431,0.2627259860465777,0.041746974880952546,0.0,0.0
2003-03-06,0.0,0.06888421165141861,0.29048807184218994,0.042739929065950526,0.0,0.0
2003-03-07,0.0,0.06920063204170197,0.28577228779413416,0.04275566014042078,0.0,0.0
2003-03-10,0.0,0.06895168920651874,0.27889911308632753,0.042771366711659764,0.0,0.0
2003-03-11,0.0,0.05917922319472405,0.24781451946806696,0.04269486780482077,0.0,0.0
2003-03-12,0.0,0.04255515311502028,0.25351974900244506,0.04271049180778565,0.0,0.0
2003-03-13,0.0,0.05915123606188195,0.2208691238535135,0.04272609153102564,0.0,0.0
2003-03-14,0.0,0.5508282841535895,0.19704127213928274,0.04349231558998389,0.0,0.0
2003-03-17,0.0,0.560197463684016,0.1645550213180761,0.04552238650120718,0.0,0.0
2003-03-18,0.0,0.44118047057680215,0.21338353567823148,0.04711899417669504,0.0,0.0
2003-03-19,0.0,0.42347115159480975,0.19708015774908386,0.02029835945979808,0.0,0.0
2003-03-20,0.0,0.4331148405878767,0.24356630542363847,0.01716513397361569,0.0,0.0
2003-03-21,0.0,0.43430369386281137,0.23603375625003667,0.01669098707854834,0.0,0.0
2003-03-24,0.0,0.408469054165283,0.21011814248316527,0.017766307635030627,0.0,0.0
2003-03-25,0.0,0.24317725443552618,0.18719092491584652,0.0,0.0,0.0
2003-03-26,0.0,0.4084945951841635,0.17691109274411182,0.0,0.0,0.0
2003-03-27,0.0,0.4077388908885003,0.15230484268586608,0.017071017225468787,0.0,0.0
2003-03-28,0.0,0.4085095264291313,0.13808250401622563,0.016906808406231353,0.0,0.0
2003-03-31,0.0,0.3635645815572882,0.1279522422708703,0.02136256979822091,0.0,0.0
2003-04-01,0.0,0.22560958469829043,0.13958447083468958,0.05576913404567544,0.0,0.0
2003-04-02,0.0,0.18699476901346127,0.15209198499075854,0.03931315829549229,0.0,0.0
2003-04-03,0.0,0.4053109375310931,0.10359217498677185,0.02252991599127692,0.0,0.0
2003-04-04,0.0,0.40425631289906766,0.07886810457072486,0.026175286997873016,0.0,0.0
2003-04-07,0.0,0.35903753662752613,0.06507961443360548,0.019188585831622532,0.0,0.0
2003-04-08,0.0,0.35748011288490433,0.05145295576569241,0.0,0.0,0.0
2003-04-09,0.0,0.35856621775477016,0.0,0.018193508430786095,0.0,0.0
2003-04-10,0.0,0.28180395211671294,0.0,0.035797800388021696,0.0,0.0
2003-04-11,0.0,0.27942526628458614,0.0,0.0,0.0,0.0
2003-04-14,0.0,0.2801055073854893,0.06071477278546555,0.022266416947957213,0.0,0.0
2003-04-15,0.0,0.3540058260676974,0.08190853040617012,0.02917309690550185,0.0,0.0
2003-04-16,0.0,0.4143420225607553,0.10777186275455884,0.04130882279929079,0.0,0.0
2003-04-17,0.0,0.28207087292747407,0.09380285603960882,0.02723619792545711,0.0,0.0
2003-04-21,0.0,0.3535373415329187,0.11045868963216353,0.05719929127024516,0.0,0.0
2003-04-22,0.0,0.4018157057717535,0.1236097062902906,0.06251608791495177,0.0,0.0
2003-04-23,0.0,0.38217610901055626,0.14475580153058795,0.06572004662315283,0.0,0.0
2003-04-24,0.0,0.405127619281194,0.14745529452235942,0.06914191800774265,0.0,0.0
2003-04-25,0.0,0.4110550750387553,0.14520459942813868,0.02832536609009358,0.0,0.0
2003-04-28,0.0,0.40268236958864634,0.1436299900458622,0.0,0.0,0.0
2003-04-29,0.0,0.4069278880125293,0.1948667364884813,0.0,0.0,0.0
2003-04-30,0.0,0.3947030410709787,0.13432773026956638,0.0,0.0,0.0
2003-05-01,0.0,0.4031068045067044,0.19268188955181834,0.0,0.0,0.0
2003-05-02,0.0,0.4016324408245114,0.20354107113004205,0.0,0.0,0.0
2003-05-05,0.0,0.38239775494810546,0.22547088265080803,0.0,0.0,0.0
2003-05-06,0.0,0.39066977670389763,0.2637559230339311,0.0,0.0,0.0
2003-05-07,0.0,0.34663664047066556,0.27924681835420356,0.0,0.0,0.0
2003-05-08,0.0,0.3552572428452119,0.29354357698428013,0.0,0.0,0.0
2003-05-09,0.0,0.3452379260347773,0.2941249097348418,0.0,0.0,0.0
2003-05-12,0.0,0.3498810601720316,0.2941249097348418,0.0,0.0,0.0
2003-05-13,0.0,0.3400856999500901,0.29373736129452915,0.0,0.0,0.0
2003-05-14,0.0,0.3234883559341516,0.29296218363422766,0.0,0.0,0.0
2003-05-15,0.0,0.32387835412202964,0.29296218363422766,0.0,0.0,0.0
2003-05-16,0.0,0.3182297152257757,0.294479464849855,0.0,0.0,0.0
2003-05-19,0.0,0.3237652239521347,0.3051284221402346,0.0,0.0,0.0
2003-05-20,0.0,0.28347357210909163,0.32990323696258045,0.0,0.0,0.0
2003-05-21,0.0,0.2832575737868529,0.34985275030332164,0.02802650218499948,0.0,0.0
2003-05-22,0.0,0.2807713489990679,0.37032682878692713,0.04115116351486235,0.0,0.0
2003-05-23,0.0,0.3106108552383137,0.3872414521446031,0.03553230408271047,0.0,0.0
2003-05-27,0.0,0.3106125374505956,0.40844745898550594,0.06456115800014176,0.0,0.0
2003-05-28,0.0,0.31566464913919134,0.4264112563516286,0.05735107925420129,0.0,0.0
2003-05-29,0.0,0.31983712691687266,0.4394455378252139,0.049716544920867196,0.0,0.0
2003-05-30,0.0,0.3240067885268368,0.45021197505892463,0.0753080056945372,0.0,0.0
2003-06-02,0.0,0.32817367452445756,0.47170459188458125,0.07510888727952804,0.0,0.0
2003-06-03,0.0,0.33775864856729076,0.48957570605311157,0.06822986632968493,0.0,0.0
2003-06-04,0.0,0.3392708629056379,0.49671447744089886,0.06784182391421124,0.0,0.0
2003-06-05,0.0,0.34421088623880486,0.4928390047628381,0.0748649778677708,0.0,0.0
2003-06-06,0.0,0.3478626112389378,0.48713276497907704,0.0657597920624948,0.0,0.0
2003-06-09,0.0,0.36815369062887193,0.491041281299953,0.06387811990175889,0.0,0.0
2003-06-10,0.0,0.3700847464732284,0.476615709675431,0.061950050044765545,0.0,0.0
2003-06-11,0.0,0.3783685262343705,0.4586977384710772,0.05657442658367284,0.0,0.0
2003-06-12,0.0,0.38674025017697944,0.40281631314351873,0.04740909018970056,0.0,0.0
2003-06-13,0.0,0.3762146323276363,0.33637869262798614,0.04962951377303991,0.0,0.0
2003-06-16,0.0,0.3647778402094087,0.30124845067941863,0.04655410191068459,0.0,0.0
2003-06-17,0.0,0.3612724330875547,0.3980067518976581,0.050034975884625944,0.0,0.0
2003-06-18,0.0,0.3696843843962228,0.3970531552216208,0.050380659420644326,0.0,0.0
2003-06-19,0.0,0.3610956504724648,0.3960994379913251,0.039863213060408575,0.0,0.0
2003-06-20,0.0,0.36508825074259255,0.28689084746904964,0.034161407784728565,0.0,0.0
2003-06-23,0.0,0.3761130428853142,0.31399238791604667,0.04701136086101518,0.0,0.0
2003-06-24,0.0,0.3469392677669062,0.3075188372874734,0.05275214639856551,0.0,0.0
2003-06-25,0.0,0.3634888034101671,0.31465458281191977,0.05675660430062004,0.0,0.0
2003-06-26,0.0,0.384382450816246,0.29967427354119736,0.05959484181892152,0.0,0.0
2003-06-27,0.0,0.44680575154017144,0.3023486333858127,0.03938924087106677,0.0,0.0
2003-06-30,0.0,0.4622932590140003,0.31913139746958036,0.06288785298470341,0.0,0.0
2003-07-01,0.0,0.44060923692506293,0.3680861811294123,0.0773408257643124,0.0,0.0
2003-07-02,0.0,0.516311825791907,0.42399749673134124,0.08031487334565436,0.0,0.0
2003-07-03,0.0,0.5712924451175392,0.47940136962300955,0.06052510366036352,0.0,0.0
2003-07-07,0.0,0.6037029323613489,0.5071089158486419,0.06810353345621191,0.0,0.0
2003-07-08,0.0,0.6202523989138455,0.5639301041813595,0.09490334233211856,0.0,0.0
2003-07-09,0.0,0.6336150937597029,0.5419368494239485,0.07339414113770601,0.0,0.0
2003-07-10,0.0,0.6526049523800291,0.53218967217431,0.07593568881526053,0.0,0.0
2003-07-11,0.0,0.6387098800319886,0.5223494589333366,0.08631687992114392,0.0,0.0
2003-07-14,0.0,0.6538188327922722,0.5246994376974122,0.09131263547648254,0.0,0.0
2003-07-15,0.0,0.6613739365106014,0.519070995519394,0.1,0.0,0.0
2003-07-16,0.0,0.6700682953112306,0.535303216938622,0.1,0.0,0.0
2003-07-17,0.0,0.6499927476328792,0.4823567958221935,0.1,0.0,0.0
2003-07-18,0.0,0.6162539686160923,0.44503960082763855,0.1,0.0,0.0
2003-07-21,0.0,0.6072594661852192,0.38036764715069016,0.1,0.0,0.0
2003-07-22,0.0,0.5433513911353849,0.36895746832965276,0.1,0.0,0.0
2003-07-23,0.0,0.6046937909910896,0.3871283295856675,0.1,0.0,0.0
2003-07-24,0.0,0.6062432415995076,0.34505930649375977,0.1,0.0,0.0
2003-07-25,0.0,0.5944058766767303,0.38170009370008423,0.1,0.0,0.0
2003-07-28,0.0,0.6101702461359976,0.43362761255606747,0.1,0.0,0.0
2003-07-29,0.0,0.6246370646403557,0.4398725407829745,0.1,0.0,0.0
2003-07-30,0.0,0.6206251485058624,0.4461128060057786,0.1,0.0,0.0
2003-07-31,0.0,0.6149982485200467,0.4391592061724245,0.1,0.0,0.0
2003-08-01,0.0,0.6445601894803799,0.4321998063722217,0.1,0.0,0.0
2003-08-04,0.0,0.6483706921737663,0.4143577828784053,0.1,0.0,0.0
2003-08-05,0.0,0.6740458672660554,0.3648469080534135,0.1,0.0,0.0
2003-08-06,0.0,0.5890693191152786,0.4300890306016474,0.1,0.0,0.0
2003-08-07,0.0,0.4478254006809584,0.4792506058756581,0.1,0.0,0.0
2003-08-08,0.0,0.4561665429848659,0.5691506046300276,0.09738538638568986,0.0,0.0
2003-08-11,0.0,0.5505588577243388,0.6000440433019406,0.1,0.0,0.0
2003-08-12,0.0,0.6968644562400841,0.5877455969471066,0.1,0.0,0.0
2003-08-13,0.0,0.7276827284317587,0.5497817231599572,0.1,0.0,0.0
2003-08-14,0.0,0.7264614445883704,0.5084496606741731,0.1,0.0,0.0
2003-08-15,0.0,0.75,0.4800871882823911,0.1,0.0,0.0
2003-08-18,0.0,0.75,0.4516361957918318,0.1,0.0,0.0
2003-08-19,0.0,0.75,0.4516361957918318,0.1,0.0,0.0
2003-08-20,0.0,0.75,0.4516361957918318,0.1,0.0,0.0
2003-08-21,0.0,0.75,0.45690664422190064,0.1,0.0,0.0
2003-08-22,0.0,0.6009526610156423,0.45690664422190064,0.1,0.0,0.0
2003-08-25,0.0,0.6231416544237781,0.45690664422190064,0.1,0.0,0.0
2003-08-26,0.0,0.6504387762658465,0.36437282519030584,0.1,0.0,0.0
2003-08-27,0.0,0.6776760374683523,0.34979155758476616,0.1,0.0,0.0
2003-08-28,0.0,0.6941878903654178,0.3663675696509796,0.1,0.0,0.0
2003-08-29,0.0,0.6652016695030967,0.45690664422190064,0.1,0.0,0.0
2003-09-02,0.0,0.6751290680289197,0.45690664422190064,0.1,0.0,0.0
2003-09-03,0.0,0.6855254063732488,0.46384587700290875,0.1,0.0,0.0
2003-09-04,0.0,0.7001714587426566,0.46384587700290864,0.1,0.0,0.0
2003-09-05,0.0,0.7021380938238014,0.46939332791725286,0.07425237960217777,0.0,0.0
2003-09-08,0.0,0.7226047477081152,0.47731793919742277,0.0739917004437309,0.0,0.0
2003-09-09,0.0,0.7391784488957475,0.49984383182144265,0.0751790242519943,0.0,0.0
2003-09-10,0.0,0.75,0.5136523880940126,0.07759194721080392,0.0,0.0
2003-09-11,0.0,0.6657560377160747,0.5205493130377611,0.07917866035470121,0.0,0.0
2003-09-12,0.0,0.7401691814709013,0.5297608058742708,0.07311736213771777,0.0,0.0
2003-09-15,0.0,0.7476192639592031,0.5382945024473015,0.0703748120525554,0.0,0.0
2003-09-16,0.0,0.7378760599465651,0.5368583742147478,0.06690827928730228,0.0,0.0
2003-09-17,0.0,0.75,0.5097632768915179,0.06909670200663401,0.0,0.0
2003-09-18,0.0,0.75,0.4965986559111364,0.06683473551971653,0.0,0.0
2003-09-19,0.0,0.75,0.5698163327407156,0.061394890476522676,0.0,0.0
2003-09-22,0.0,0.75,0.5808984560498794,0.056183763693081236,0.0,0.0
2003-09-23,0.0,0.7349425960221857,0.5871416044990717,0.05436884564129737,0.0,0.0
2003-09-24,0.0,0.75,0.5822889086492888,0.05277645018248948,0.0,0.0
2003-09-25,0.0,0.6527075622275065,0.6022126947002312,0.04841724167333924,0.0,0.0
2003-09-26,0.0,0.5291445524077732,0.6084397491994579,0.04811667621417774,0.0,0.0
2003-09-29,0.0,0.5276926406383576,0.5989451931171302,0.0474799636543317,0.0,0.0
2003-09-30,0.0,0.6454721161951643,0.5636019930871061,0.04770176461671307,0.0,0.0
2003-10-01,0.0,0.5236425879349775,0.5804632451945987,0.045648138062740526,0.0,0.0
2003-10-02,0.0,0.6386958892321866,0.5691908885402098,0.04286660735935149,0.0,0.0
2003-10-03,0.0,0.6386988327001217,0.5634443169590936,0.04197383067820776,0.0,0.0
2003-10-06,0.0,0.708056033454525,0.5885932750435237,0.03968075400343612,0.0,0.0
2003-10-07,0.0,0.6832575408029625,0.4509681297901465,0.03995168285937454,0.0,0.0
2003-10-08,0.0,0.6380096757376832,0.5554676522355376,0.03849017847643807,0.0,0.0
2003-10-09,0.0,0.6137084542188052,0.49877882780054733,0.04033388868893202,0.0,0.0
2003-10-10,0.0,0.6399439958924187,0.49954201113053814,0.040234242430671766,0.0,0.0
2003-10-13,0.0,0.6115435069034645,0.47783006900383185,0.033297294757233496,0.0,0.0
2003-10-14,0.0,0.6141759793677218,0.45595784617100427,0.06313769537156025,0.0,0.0
2003-10-15,0.0,0.6165981727454926,0.4829158424262286,0.06091718419507325,0.0,0.0
2003-10-16,0.0,0.6327095414841113,0.47513783734042364,0.05413139021195378,0.0,0.0
2003-10-17,0.0,0.6180526231808012,0.4808872827022869,0.05264721318698438,0.0,0.0
2003-10-20,0.0,0.6192377974943983,0.45902975569913823,0.041116813856972176,0.0,0.0
2003-10-21,0.0,0.75,0.452546300083603,0.04815773966918271,0.0,0.0
2003-10-22,0.0,0.75,0.44335381360096937,0.0359090648819292,0.0,0.0
2003-10-23,0.0,0.75,0.43307404110750586,0.03104906334114191,0.0,0.0
2003-10-24,0.0,0.75,0.4969818174130035,0.029688641133364908,0.0,0.0
2003-10-27,0.0,0.6770080149191819,0.48861282988392357,0.028450455127121136,0.0,0.0
2003-10-28,0.0,0.75,0.4778925244857217,0.029295860865800636,0.0,0.0
2003-10-29,0.0,0.75,0.5215374350830213,0.0302562461367418,0.0,0.0
2003-10-30,0.0,0.75,0.5389253899163995,0.02936974614722694,0.0,0.0
2003-10-31,0.0,0.75,0.6352833818885466,0.02991973764773103,0.0,0.0
2003-11-03,0.0,0.75,0.5256584164224378,0.030083581195041866,0.0,0.0
2003-11-04,0.0,0.75,0.5734883783114971,0.027836102708456302,0.0,0.0
2003-11-05,0.0,0.75,0.5717048704895218,0.026741976498415723,0.0,0.0
2003-11-06,0.0,0.7426586625195433,0.6879382963175078,0.02571101891649653,0.0,0.0
2003-11-07,0.0,0.7310249423380577,0.6782412044163827,0.025479621091563053,0.0,0.0
2003-11-10,0.0,0.706543156987173,0.6879477007308702,0.026353391256161186,0.0,0.0
2003-11-11,0.0,0.6947190660228747,0.6627219734190534,0.0266861384548121,0.0,0.0
2003-11-12,0.0,0.6943269069095687,0.7347141019472719,0.027956443986922788,0.0,0.0
2003-11-13,0.0,0.6935437563310105,0.7358112949041157,0.03142924729301025,0.0,0.0
2003-11-14,0.0,0.7063637435649865,0.7447721057710313,0.03036695973005295,0.0,0.0
2003-11-17,0.0,0.6684054011255972,0.7495733694374774,0.028453391406257158,0.0,0.0
2003-11-18,0.0,0.7138860308460285,0.75,0.03001433824362778,0.0,0.0
2003-11-19,0.0,0.4880962783950147,0.75,0.02966287732663281,0.0,0.0
2003-11-20,0.0,0.6127861953121807,0.75,0.03120593371043042,0.0,0.0
2003-11-21,0.0,0.4746003265315767,0.75,0.032889770176357996,0.0,0.0
2003-11-24,0.0,0.599904657035445,0.75,0.03482122545290683,0.0,0.0
2003-11-25,0.0,0.6868713321947252,0.75,0.03907120388852181,0.0,0.0
2003-11-26,0.0,0.6779225614987028,0.75,0.03894691249735468,0.0,0.0
2003-11-28,0.0,0.673674055200157,0.75,0.03973119420554371,0.0,0.0
2003-12-01,0.0,0.6868922142332642,0.75,0.039734859027775495,0.0,0.0
2003-12-02,0.0,0.6742871873669648,0.75,0.03948113075166702,0.0,0.0
2003-12-03,0.0,0.6890440787035725,0.75,0.06722297244005822,0.0,0.0
2003-12-04,0.0,0.6824600321182805,0.75,0.08057851836508009,0.0,0.0
2003-12-05,0.0,0.7239005971189079,0.75,0.08052085146439944,0.0,0.0
2003-12-08,0.0,0.7048186825938747,0.75,0.08323071561430466,0.0,0.0
2003-12-09,0.0,0.7224274022094264,0.75,0.07601594149217689,0.0,0.0
2003-12-10,0.0,0.5764947790122917,0.703284977507439,0.045390079880355295,0.0,0.0
2003-12-11,0.0,0.5802234022263367,0.7067384839197068,0.06936194709150478,0.0,0.0
2003-12-12,0.0,0.6798879517258666,0.7162593249135261,0.06766397085237663,0.0,0.0
2003-12-15,0.0,0.6684405282764774,0.709454212067589,0.06072869057495232,0.0,0.0
2003-12-16,0.0,0.6738033160888646,0.7345342672709956,0.06252657326288334,0.0,0.0
2003-12-17,0.0,0.674308137604335,0.7464275361657228,0.06544460961634024,0.0,0.0
2003-12-18,0.0,0.7059827404127484,0.75,0.06601668151005063,0.0,0.0
2003-12-19,0.0,0.6529648055289458,0.7093854922910856,0.057784521234383025,0.0,0.0
2003-12-22,0.0,0.724373342186654,0.75,0.07250397946764466,0.0,0.0
2003-12-23,0.0,0.75,0.75,0.07588893084445682,0.0,0.0
2003-12-24,0.0,0.75,0.75,0.07919548842548757,0.0,0.0
2003-12-26,0.0,0.75,0.75,0.0791956767177478,0.0,0.0
2003-12-29,0.0,0.75,0.75,0.0795578148440415,0.0,0.0
2003-12-30,0.0,0.75,0.75,0.08346918020960561,0.0,0.0
2003-12-31,0.0,0.75,0.75,0.08048011819635377,0.0,0.0
2004-01-02,0.0,0.75,0.75,0.1,0.0,0.0
2004-01-05,0.0,0.75,0.75,0.1,0.0,0.0
2004-01-06,0.0,0.5619072452264119,0.75,0.08133076934275732,0.0,0.0
2004-01-07,0.0,0.5048008354523934,0.75,0.07612293158505748,0.0,0.0
2004-01-08,0.0,0.47027184458219257,0.75,0.07243934283397403,0.0,0.0
2004-01-09,0.0,0.5140996535481991,0.75,0.07378595081235718,0.0,0.0
2004-01-12,0.0,0.5806363440026676,0.75,0.0822944339549092,0.0,0.0
2004-01-13,0.0,0.6209593469002516,0.75,0.0825064802028504,0.0,0.0
2004-01-14,0.0,0.5592370820340133,0.75,0.07810085503049594,0.0,0.0
2004-01-15,0.0,0.5543311368382499,0.75,0.07468154203718895,0.0,0.0
2004-01-16,0.0,0.49916945145745056,0.75,0.07220159889077908,0.0,0.0
2004-01-20,0.0,0.535563719578929,0.75,0.06649939996765268,0.0,0.0
2004-01-21,0.0,0.5564437855488806,0.75,0.06291003163505711,0.0,0.0
2004-01-22,0.0,0.5793243239718926,0.75,0.06667886991545345,0.0,0.0
2004-01-23,0.0,0.6126547622465671,0.75,0.07381400243976437,0.0,0.0
2004-01-26,0.0,0.6748838033859846,0.75,0.07733667463070171,0.0,0.0
2004-01-27,0.0,0.6805180361210337,0.75,0.07944486481326024,0.0,0.0
2004-01-28,0.0,0.5987341350932841,0.6552463348321227,0.07077670825793121,0.0,0.0
2004-01-29,0.0,0.5364912916968794,0.6696754271614983,0.07253433269404033,0.0,0.0
2004-01-30,0.0,0.5315741342374546,0.6686535076536069,0.07045798402091089,0.0,0.0
2004-02-02,0.0,0.5412462154636352,0.6323211408070726,0.07430712774291004,0.0,0.0
2004-02-03,0.0,0.5367187033282947,0.6303886861173109,0.06894283913748583,0.0,0.0
2004-02-04,0.0,0.5260670280624767,0.6439781021964038,0.06736861958628135,0.0,0.0
2004-02-05,0.0,0.39708351110086887,0.5659562240490295,0.0686558472333906,0.0,0.0
2004-02-06,0.0,0.5243744376481719,0.7078445045109688,0.08152939660575936,0.0,0.0
2004-02-09,0.0,0.6449167021612678,0.7250026338283357,0.07606026755793299,0.0,0.0
2004-02-10,0.0,0.630569957898744,0.75,0.08029002334159872,0.0,0.0
2004-02-11,0.0,0.6270274744857884,0.7187932095812078,0.07195879775588301,0.0,0.0
2004-02-12,0.0,0.48985066073504807,0.45166241264334966,0.06251107572794368,0.0,0.0
2004-02-13,0.0,0.4249653878256504,0.37699459375810784,0.058705086428468965,0.0,0.0
2004-02-17,0.0,0.3783374510947064,0.4015811952585307,0.05480528969298023,0.0,0.0
2004-02-18,0.0,0.4216733745017555,0.39543252590249317,0.05126900483047468,0.0,0.0
2004-02-19,0.0,0.4227742402041743,0.43549229291657665,0.051284176587935035,0.0,0.0
2004-02-20,0.0,0.4305167654562725,0.39582021448685467,0.05129932843495251,0.0,0.0
2004-02-23,0.0,0.416966902408125,0.3884217041111172,0.05926787088895289,0.0,0.0
2004-02-24,0.0,0.39259761999094334,0.34870725060704205,0.057004550852588216,0.0,0.0
2004-02-25,0.0,0.41798958677953324,0.335773954565935,0.05784616373017544,0.0,0.0
2004-02-26,0.0,0.44095511244153934,0.3673669616559337,0.050379828160477924,0.0,0.0
2004-02-27,0.0,0.4236758578445341,0.343961484030777,0.05117994428057729,0.0,0.0
2004-03-01,0.0,0.4017054129489361,0.3547270587086585,0.051486783218532575,0.0,0.0
2004-03-02,0.0,0.41402238345200465,0.37564740028397997,0.051618461557956435,0.0,0.0
2004-03-03,0.0,0.40960940738651397,0.378235745586208,0.0519255473417097,0.0,0.0
2004-03-04,0.0,0.3676912279180071,0.3198859241345657,0.0520573714137777,0.0,0.0
2004-03-05,0.0,0.37906215306322283,0.33415268100875617,0.05218924301377011,0.0,0.0
2004-03-08,0.0,0.34798315059580903,0.3179452364319694,0.05139606612381448,0.0,0.0
2004-03-09,0.0,0.322715112809625,0.3706486629532438,0.05192644742357599,0.0,0.0
2004-03-10,0.0,0.31474503484157745,0.3649997516628607,0.05182416391994191,0.0,0.0
2004-03-11,0.0,0.2487902289233168,0.3967162243463584,0.051692517884756074,0.0,0.0
2004-03-12,0.0,0.2446184469508951,0.35157848214078335,0.051736479725725135,0.0,0.0
2004-03-15,0.0,0.3135175277344966,0.39737727591444827,0.051780439109105306,0.0,0.0
2004-03-16,0.0,0.2129341258559849,0.40279719324708035,0.051131860903104294,0.0,0.0
2004-03-17,0.0,0.22998922897942184,0.41149348557418797,0.052102829705330665,0.0,0.0
2004-03-18,0.0,0.30061863140023254,0.41925185188245795,0.05144744794884967,0.0,0.0
2004-03-19,0.0,0.27011147754365433,0.42991499242037434,0.05227884284677745,0.0,0.0
2004-03-22,0.0,0.18671459040250502,0.4356052430943554,0.05229354606729269,0.0,0.0
2004-03-23,0.0,0.19270216562221626,0.46879067620890513,0.052308230266824074,0.0,0.0
2004-03-24,0.0,0.13717843436385563,0.49642467729446604,0.05232289548225782,0.0,0.0
2004-03-25,0.0,0.1383005374304785,0.49642467729446604,0.0523375417503848,0.0,0.0
2004-03-26,0.0,0.2034044317875084,0.49642467729446604,0.04873330701099112,0.0,0.0
2004-03-29,0.0,0.21800844392419189,0.49936050697571766,0.05116975681283075,0.0,0.0
2004-03-30,0.0,0.23646362460279233,0.5022954284972011,0.052336754041348174,0.0,0.0
2004-03-31,0.0,0.2227355202892982,0.5052294477221476,0.058375027667942773,0.0,0.0
2004-04-01,0.0,0.2146714950306896,0.5081625704403344,0.05001088961711048,0.0,0.0
2004-04-02,0.0,0.2213655077896011,0.5110948023694452,0.04934257616764381,0.0,0.0
2004-04-05,0.0,0.24786183709729404,0.5140261491563981,0.05007319788917415,0.0,0.0
2004-04-06,0.0,0.2177735270028209,0.5140261491563981,0.041960242786821624,0.0,0.0
2004-04-07,0.0,0.2366316707996784,0.5140261491563981,0.0482187034670018,0.0,0.0
2004-04-08,0.0,0.24889048692368643,0.5140261491563981,0.062082553535849516,0.0,0.0
2004-04-12,0.0,0.24500529244411584,0.5140261491563981,0.062109390004472534,0.0,0.0
2004-04-13,0.0,0.23660844005683132,0.5140261491563981,0.062136192067366564,0.0,0.0
2004-04-14,0.0,0.2602255919778379,0.5140261491563981,0.06216295979065407,0.0,0.0
2004-04-15,0.0,0.25730954056530475,0.43870764252962247,0.06368520346875009,0.0,0.0
2004-04-16,0.0,0.2721699059156302,0.35308268385599983,0.062215435048736126,0.0,0.0
2004-04-19,0.0,0.26235012387518136,0.3832447027367375,0.06224210076041798,0.0,0.0
2004-04-20,0.0,0.25045121535450404,0.4250431291903422,0.06354939650344159,0.0,0.0
2004-04-21,0.0,0.24166910944482664,0.3887046781868578,0.06037968806186349,0.0,0.0
2004-04-22,0.0,0.2435201677332119,0.36845962805024424,0.05832443074995183,0.0,0.0
2004-04-23,0.0,0.21900998344892392,0.3434524445670131,0.061307782737792534,0.0,0.0
2004-04-26,0.0,0.20978985573129483,0.348315483761627,0.05945293446831327,0.0,0.0
2004-04-27,0.0,0.22232818283310998,0.35224064582345765,0.057673421418152404,0.0,0.0
2004-04-28,0.0,0.21328936072873045,0.3376440848416463,0.05704925554215994,0.0,0.0
2004-04-29,0.0,0.21002147080643385,0.31694798838589827,0.05423305020947253,0.0,0.0
2004-04-30,0.0,0.1703226306803055,0.21550501046409573,0.049162926445930524,0.0,0.0
2004-05-03,0.0,0.14443729871508615,0.26380667987039047,0.050092419006179514,0.0,0.0
2004-05-04,0.0,0.14997946180010616,0.23303113638060202,0.04894644618696736,0.0,0.0
2004-05-05,0.0,0.1602372369964978,0.24040878312264477,0.048799421717453266,0.0,0.0
2004-05-06,0.0,0.1379265497165347,0.2760424516612956,0.04664735524678024,0.0,0.0
2004-05-07,0.0,0.11393966240915646,0.28616783427796316,0.04698999613558262,0.0,0.0
2004-05-10,0.0,0.11828971841896,0.2761177318481009,0.04869021517207864,0.0,0.0
2004-05-11,0.0,0.11929175323874047,0.27694192511782306,0.05428830017757171,0.0,0.0
2004-05-12,0.0,0.16541828091005523,0.3677856811009704,0.06100266641103971,0.0,0.0
2004-05-13,0.0,0.15145340459012005,0.4017902274514496,0.06596729674084481,0.0,0.0
2004-05-14,0.0,0.1552604450951682,0.3647345360983505,0.06959457209400625,0.0,0.0
2004-05-17,0.0,0.13226325452803112,0.3088863660417939,0.07220693545931496,0.0,0.0
2004-05-18,0.0,0.11721334893059956,0.33665645952709844,0.07398797217705731,0.0,0.0
2004-05-19,0.0,0.1280893003809678,0.3124871786066254,0.07535609440077433,0.0,0.0
2004-05-20,0.0,0.10964257323895843,0.26251681032637175,0.07490809490771332,0.0,0.0
2004-05-21,0.0,0.12865755416399172,0.2651080965652303,0.07537076621830648,0.0,0.0
2004-05-24,0.0,0.1256664101989842,0.25456925614029213,0.07735191647718091,0.0,0.0
2004-05-25,0.0,0.11947381296102814,0.26812518318430245,0.07492715896236185,0.0,0.0
2004-05-26,0.0,0.10819948295381557,0.24960899691011426,0.07599248001857643,0.0,0.0
2004-05-27,0.0,0.1122958760319023,0.2497829212139897,0.0780564316040592,0.0,0.0
2004-05-28,0.0,0.12710715355277344,0.23272335858398796,0.08086726377407286,0.0,0.0
2004-06-01,0.0,0.12856230526281237,0.2653699776915995,0.09300616265362105,0.0,0.0
2004-06-02,0.0,0.1720640316279217,0.39439901656642273,0.09113334674440177,0.0,0.0
2004-06-03,0.0,0.1953403511168568,0.41359467203496836,0.0929967650271502,0.0,0.0
2004-06-04,0.0,0.143003187735387,0.3932591916383462,0.09299207541014344,0.0,0.0
2004-06-07,0.0,0.16202073996011607,0.3668537853914272,0.09112040477217324,0.0,0.0
2004-06-08,0.0,0.1798891931460107,0.4164937805556982,0.09298271451012341,0.0,0.0
2004-06-09,0.0,0.2005548226735334,0.5159416900924115,0.09111180488197383,0.0,0.0
2004-06-10,0.0,0.20519299054614976,0.43937891118349953,0.09110751333215383,0.0,0.0
2004-06-14,0.0,0.20925835442045485,0.4528290388373853,0.09110322736498047,0.0,0.0
2004-06-15,0.0,0.2217647860116251,0.4627706777526586,0.09109894696983237,0.0,0.0
2004-06-16,0.0,0.24236256969723413,0.43806258794338426,0.09109467213611476,0.0,0.0
2004-06-17,0.0,0.24639247367227027,0.5214684981780029,0.09109040285325963,0.0,0.0
2004-06-18,0.0,0.2517578612296301,0.5385713852740137,0.09108613911072548,0.0,0.0
2004-06-21,0.0,0.2525912774257917,0.4949514369270659,0.1,0.0,0.0
2004-06-22,0.0,0.24472663023848384,0.5266389015371499,0.1,0.0,0.0
2004-06-23,0.0,0.2534172364797376,0.511862781721501,0.1,0.0,0.0
2004-06-24,0.0,0.248760243426965,0.5075458374001245,0.1,0.0,0.0
2004-06-25,0.0,0.23477070481451048,0.571014384182874,0.1,0.0,0.0
2004-06-28,0.0,0.23147995075791247,0.5657806109331409,0.1,0.0,0.0
2004-06-29,0.0,0.22450298304084612,0.5576063760122989,0.1,0.0,0.0
2004-06-30,0.0,0.21976060247978307,0.5069339375548396,0.08649793387621552,0.0,0.0
2004-07-01,0.0,0.2188808902895034,0.45276832751071905,0.09057659178262747,0.0,0.0
2004-07-02,0.0,0.18568212784317856,0.4472765722862996,0.0942892574339517,0.0,0.0
2004-07-06,0.0,0.17111474194522105,0.4329696937244616,0.09296581627099636,0.0,0.0
2004-07-07,0.0,0.11964876443006954,0.46337738706395626,0.08873061730623343,0.0,0.0
2004-07-08,0.0,0.14001421989151536,0.5443182212613766,0.09160644019574646,0.0,0.0
2004-07-09,0.0,0.1175794943707941,0.5924052474982361,0.0867801512201125,0.0,0.0
2004-07-12,0.0,0.11404342377531282,0.6101100030818809,0.08962842285603649,0.0,0.0
2004-07-13,0.0,0.09604702653407425,0.5922304099797093,0.09171420797130017,0.0,0.0
2004-07-14,0.0,0.11895782489149959,0.5171478344827186,0.09110692321448809,0.0,0.0
2004-07-15,0.0,0.10940787931188498,0.480184235851959,0.08548189112565005,0.0,0.0
2004-07-16,0.0,0.11893559944955384,0.4944630061467029,0.08808466766001022,0.0,0.0
2004-07-19,0.0,0.08533367180056384,0.4804652273033028,0.08580885538059105,0.0,0.0
2004-07-20,0.0,0.07625384046704649,0.5037490512713738,0.08449604819151434,0.0,0.0
2004-07-21,0.0,0.0759994901269598,0.5292328693958126,0.08819628182240576,0.0,0.0
2004-07-22,0.0,0.07677445158865873,0.4376913572381217,0.08921396172440844,0.0,0.0
2004-07-23,0.0,0.07531165611942063,0.38859311105292227,0.0870064140842564,0.0,0.0
2004-07-26,0.0,0.07747977911706189,0.37540647046600834,0.08513225296221653,0.0,0.0
2004-07-27,0.0,0.077944502991029,0.3790243067287663,0.0878721191293674,0.0,0.0
2004-07-28,0.0,0.07645105670151046,0.3550833153015642,0.08576142446147962,0.0,0.0
2004-07-29,0.0,0.08474043379220814,0.30469732129632815,0.07987781158101182,0.0,0.0
2004-07-30,0.0,0.08318111005192881,0.31373202953669954,0.08134763068373183,0.0,0.0
2004-08-02,0.0,0.07729567441729764,0.2929218325239011,0.0763701492845873,0.0,0.0
2004-08-03,0.0,0.06882813015573581,0.2870102255040129,0.0764873643099524,0.0,0.0
2004-08-04,0.0,0.0677383601798373,0.24555095188364898,0.09110797596027076,0.0,0.0
2004-08-05,0.0,0.07186656375231072,0.20876540665518253,0.09296921648223448,0.0,0.0
2004-08-06,0.0,0.07008780087227595,0.19069332216969268,0.0910993998326223,0.0,0.0
2004-08-09,0.0,0.06465516313915216,0.17253049520683178,0.09295990547604609,0.0,0.0
2004-08-10,0.0,0.06437861580711988,0.2068933336508943,0.09109084551712818,0.0,0.0
2004-08-11,0.0,0.06247433210909568,0.18207401687512204,0.09295061813714489,0.0,0.0
2004-08-12,0.0,0.06387771761619632,0.17253049520683178,0.0929459833154448,0.0,0.0
2004-08-13,0.0,0.06522428955771742,0.18331083100840329,0.0910780547644917,0.0,0.0
2004-08-16,0.0,0.05915040671319375,0.16155484905989884,0.09049594454033594,0.0,0.0
2004-08-17,0.0,0.0,0.17989014878679024,0.08882784745966114,0.0,0.0
2004-08-18,0.0,0.0,0.173871017847954,0.08445621472849062,0.0,0.0
2004-08-19,0.0,0.0,0.1388557886748992,0.08248354295561496,0.0,0.0
2004-08-20,0.0,0.0,0.15224258951765582,0.08176301387364156,0.0,0.0
2004-08-23,0.0,0.0,0.16671124558535808,0.0827293595598109,0.0,0.0
2004-08-24,0.0,0.0,0.21695452622534298,0.08360000223803199,0.0,0.0
2004-08-25,0.0,0.0,0.2120586056123306,0.08478272680697885,0.0,0.0
2004-08-26,0.0,0.0,0.21769311768872976,0.08454389278053177,0.0,0.0
2004-08-27,0.0,0.0,0.19111189997791456,0.08643174449743665,0.0,0.0
2004-08-30,0.0,0.06556925260049656,0.23369082612839354,0.06036527266202515,0.0,0.0
2004-08-31,0.0,0.0,0.23836317601162285,0.05917424461888133,0.0,0.0
2004-09-01,0.0,0.0,0.27317933623580753,0.060015049323345074,0.0,0.0
2004-09-02,0.0,0.0,0.24618919588552574,0.09089551497879532,0.0,0.0
2004-09-03,0.0,0.06983924448305048,0.26515506687789137,0.09089136098543996,0.0,0.0
2004-09-07,0.0,0.0,0.22165255288047955,0.09088721221649017,0.0,0.0
2004-09-08,0.0,0.06685728801764328,0.23602932151923492,0.09088306866234273,0.0,0.0
2004-09-09,0.0,0.056147265931000084,0.2536019361912521,0.09087893031341775,0.0,0.0
2004-09-10,0.0,0.07421071236462981,0.2802994083046099,0.09272039861601232,0.0,0.0
2004-09-13,0.0,0.0981920214597915,0.3068634983864115,0.09087066919303174,0.0,0.0
2004-09-14,0.0,0.0976253914098931,0.3333069463353455,0.09086654640252693,0.0,0.0
2004-09-15,0.0,0.13588306520834392,0.3333069463353455,0.092706953288575,0.0,0.0
2004-09-16,0.0,0.09482481587596392,0.3447774052860894,0.09270248274001242,0.0,0.0
2004-09-17,0.0,0.07364388726187725,0.3333069463353455,0.09269801778794808,0.0,0.0
2004-09-20,0.0,0.08868900796996308,0.3333069463353455,0.07807253376164386,0.0,0.0
2004-09-21,0.0,0.09100369493130345,0.3333069463353455,0.07664193983532097,0.0,0.0
2004-09-22,0.0,0.1150182179500159,0.3333069463353455,0.075282535076764,0.0,0.0
2004-09-23,0.0,0.11275674014205554,0.3333069463353455,0.07563881199004722,0.0,0.0
2004-09-24,0.0,0.12335833732172216,0.3333069463353455,0.07616575637980201,0.0,0.0
2004-09-27,0.0,0.12909278128868476,0.3333069463353455,0.0750945501449293,0.0,0.0
2004-09-28,0.0,0.11933312822178964,0.3333069463353455,0.07487211292628951,0.0,0.0
2004-09-29,0.0,0.12029472644370137,0.3333069463353455,0.0748629012029403,0.0,0.0
2004-09-30,0.0,0.11189519341188972,0.3333069463353455,0.07532117948143052,0.0,0.0
2004-10-01,0.0,0.10605707402167303,0.3499745896686673,0.07532804467909875,0.0,0.0
2004-10-04,0.0,0.09306536072058033,0.4054082179717248,0.07487407150062973,0.0,0.0
2004-10-05,0.0,0.08857226718645494,0.4524138304209645,0.07533328765184669,0.0,0.0
2004-10-06,0.0,0.08673353733633493,0.4869273085263805,0.07487685013375311,0.0,0.0
2004-10-07,0.0,0.09059136188239657,0.5510758648812104,0.0748808756380618,0.0,0.0
2004-10-08,0.0,0.0931899331692221,0.5518479832500794,0.07488698365409796,0.0,0.0
2004-10-11,0.0,0.09989646703905396,0.5755179311934795,0.0748931942536419,0.0,0.0
2004-10-12,0.0,0.1035634012793967,0.6157569893985525,0.07489943080102113,0.0,0.0
2004-10-13,0.0,0.10854665399355166,0.6220285269605677,0.07536079055263417,0.0,0.0
2004-10-14,0.0,0.1132620685587691,0.5952187644013247,0.0910732670767221,0.0,0.0
2004-10-15,0.0,0.1193107283466072,0.5744009314864004,0.09106903087648717,0.0,0.0
2004-10-18,0.0,0.12312101038669458,0.6181089914353729,0.09106480875133685,0.0,0.0
2004-10-19,0.0,0.12959117108579662,0.6864083809300685,0.09292237201699616,0.0,0.0
2004-10-20,0.0,0.13032365699469714,0.6721946213813973,0.09291779470249692,0.0,0.0
2004-10-21,0.0,0.12895755916017873,0.7281731895629606,0.0910521767022796,0.0,0.0
2004-10-22,0.0,0.1744742984321204,0.75,0.09290865703921383,0.0,0.0
2004-10-25,0.0,0.1443815870347787,0.75,0.09104378133193042,0.0,0.0
2004-10-26,0.0,0.14057241377151364,0.75,0.0928995419288742,0.0,0.0
2004-10-27,0.0,0.1395423124270746,0.7460503473382365,0.09103540667064884,0.0,0.0
2004-10-28,0.0,0.17595026549644374,0.7267175637706456,0.09289044929020582,0.0,0.0
2004-10-29,0.0,0.16166470385590126,0.7186423158452981,0.09102705264385048,0.0,0.0
2004-11-01,0.0,0.17617098256112537,0.7132290726099247,0.09288137904232295,0.0,0.0
2004-11-02,0.0,0.19031566406545766,0.7310339575969084,0.09101871917730543,0.0,0.0
2004-11-03,0.0,0.16373512495600484,0.6907699027209157,0.06235116195562245,0.0,0.0
2004-11-04,0.0,0.1694392716663604,0.6656362724242664,0.06421315192981496,0.0,0.0
2004-11-05,0.0,0.19665033572363233,0.7480099738285929,0.06175703165334044,0.0,0.0
2004-11-08,0.0,0.20940200545812065,0.75,0.0910021136298161,0.0,0.0
2004-11-09,0.0,0.2389627752038742,0.75,0.09285430184028148,0.0,0.0
2004-11-10,0.0,0.25721908034073804,0.75,0.09284980834337121,0.0,0.0
2004-11-11,0.0,0.2494939279239551,0.75,0.09284532035433583,0.0,0.0
2004-11-12,0.0,0.26880718330830394,0.75,0.09284083786331368,0.0,0.0
2004-11-15,0.0,0.3020613865971493,0.75,0.0928363608604665,0.0,0.0
2004-11-16,0.0,0.3041613808281896,0.75,0.09283188933597916,0.0,0.0
2004-11-17,0.0,0.31444618668211977,0.75,0.09175372084816094,0.0,0.0
2004-11-18,0.0,0.32986162939178976,0.75,0.0898245005132913,0.0,0.0
2004-11-19,0.0,0.33474776208970386,0.75,0.07816609133465752,0.0,0.0
2004-11-22,0.0,0.3165650960539632,0.75,0.07591839134158715,0.0,0.0
2004-11-23,0.0,0.34323398700547314,0.75,0.07655167478488926,0.0,0.0
2004-11-24,0.0,0.34295752722716,0.75,0.07651264355092585,0.0,0.0
2004-11-26,0.0,0.34197978309106336,0.75,0.07613193474914418,0.0,0.0
2004-11-29,0.0,0.3452061510951249,0.75,0.08370378437080296,0.0,0.0
2004-11-30,0.0,0.34786660526634233,0.75,0.0800354507781912,0.0,0.0
2004-12-01,0.0,0.35082262770358336,0.75,0.08081113447542371,0.0,0.0
2004-12-02,0.0,0.3534512251044811,0.75,0.08452985498435087,0.0,0.0
2004-12-03,0.0,0.3561806114707427,0.75,0.06989454898285186,0.0,0.0
2004-12-06,0.0,0.36143982223234106,0.75,0.04730582829074635,0.0,0.0
2004-12-07,0.0,0.3639936525210916,0.75,0.04424803610204768,0.0,0.0
2004-12-08,0.0,0.36633484891667323,0.75,0.043343638450951655,0.0,0.0
2004-12-09,0.0,0.36889147582008236,0.75,0.04171323111885329,0.0,0.0
2004-12-10,0.0,0.3708863533002124,0.6978368334557872,0.04193522750177957,0.0,0.0
2004-12-13,0.0,0.3728227280240793,0.6334497305395261,0.043532961727910206,0.0,0.0
2004-12-14,0.0,0.37253778413491323,0.643130413268045,0.06617731175728657,0.0,0.0
2004-12-15,0.0,0.3726161645043756,0.6867623217232861,0.07455916695365945,0.0,0.0
2004-12-16,0.0,0.3633979216218867,0.6111503938360772,0.07624324247779485,0.0,0.0
2004-12-17,0.0,0.2952510586646672,0.4494189801834554,0.03565905111164188,0.0,0.0
2004-12-20,0.0,0.23212986301646388,0.28379037061240137,0.026375784089796805,0.0,0.0
2004-12-21,0.0,0.1854879399316191,0.2552627268199518,0.02519315476563086,0.0,0.0
2004-12-22,0.0,0.18079201531502986,0.27337761059488896,0.027959239950287627,0.0,0.0
2004-12-23,0.0,0.20374912340013293,0.28879348344522643,0.026816631931410578,0.0,0.0
2004-12-27,0.0,0.2066340252843462,0.269641241317637,0.026494139286143227,0.0,0.0
2004-12-28,0.0,0.2023080496442968,0.25441481129746496,0.04283674900906445,0.0,0.0
2004-12-29,0.0,0.20136763772414804,0.2518553060933473,0.038646795332602554,0.0,0.0
2004-12-30,0.0,0.22063897584735984,0.2714728577115361,0.057046555642368664,0.0,0.0
2004-12-31,0.0,0.2173397009285025,0.27498341142870697,0.05413769090318123,0.0,0.0
2005-01-03,0.0,0.3790787240769692,0.5309753691066592,0.07670396537443452,0.0,0.0
2005-01-04,0.0,0.28557060789341265,0.5195128405823028,0.0738609712112886,0.0,0.0
2005-01-05,0.0,0.23923574586824298,0.3732629864599169,0.1,0.0,0.0
2005-01-06,0.0,0.2566291805573982,0.41620962570248776,0.1,0.0,0.0
2005-01-07,0.0,0.23847790679189268,0.43398791135045134,0.09898732043541607,0.0,0.0
2005-01-10,0.0,0.22352887526174361,0.43151133148954013,0.1,0.0,0.0
2005-01-11,0.0,0.20970006137861477,0.40288817270045646,0.1,0.0,0.0
2005-01-12,0.0,0.21291135149653484,0.4370592537814957,0.09972124006131224,0.0,0.0
2005-01-13,0.0,0.22734982683998933,0.436076983455013,0.0944232541331932,0.0,0.0
2005-01-14,0.0,0.22928259280106822,0.45960783073500816,0.05076603416490145,0.0,0.0
2005-01-18,0.0,0.26685858255063183,0.5150661615629345,0.04602768842198691,0.0,0.0
2005-01-19,0.0,0.3411199509250687,0.48296326911053744,0.05349027028195094,0.0,0.0
2005-01-20,0.0,0.2993490399190727,0.4778038489555836,0.06101819109172302,0.0,0.0
2005-01-21,0.0,0.2348877504605296,0.4342489411527957,0.1,0.0,0.0
2005-01-24,0.0,0.21761664214078996,0.4065517790930776,0.1,0.0,0.0
2005-01-25,0.0,0.1972669939350931,0.4571267154552818,0.1,0.0,0.0
2005-01-26,0.0,0.21950965701853423,0.4836801531479697,0.09795775162168807,0.0,0.0
2005-01-27,0.0,0.25023893265190733,0.5561107219540191,0.1,0.0,0.0
2005-01-28,0.0,0.2602431344685185,0.5582809130004717,0.1,0.0,0.0
2005-01-31,0.0,0.23950411194527466,0.5450392534161891,0.1,0.0,0.0
2005-02-01,0.0,0.2586646254980477,0.5487240171684253,0.1,0.0,0.0
2005-02-02,0.0,0.2687992660763295,0.5346780898912324,0.1,0.0,0.0
2005-02-03,0.0,0.28037794773955044,0.45549642387856204,0.1,0.0,0.0
2005-02-04,0.0,0.21768696336175367,0.42275422441686983,0.1,0.0,0.0
2005-02-07,0.0,0.2683161679063789,0.41356907065352183,0.1,0.0,0.0
2005-02-08,0.0,0.27898296740125966,0.3947065636415978,0.1,0.0,0.0
2005-02-09,0.0,0.28093910897834573,0.35083595307434073,0.1,0.0,0.0
2005-02-10,0.0,0.24283209586387133,0.36077479973401655,0.08223715602390941,0.0,0.0
2005-02-11,0.0,0.22815475764738552,0.34018491026313763,0.1,0.0,0.0
2005-02-14,0.0,0.2663438222273244,0.33728182167752047,0.1,0.0,0.0
2005-02-15,0.0,0.2517455776225932,0.37644416601834324,0.1,0.0,0.0
2005-02-16,0.0,0.26398233126442855,0.35786648115762676,0.1,0.0,0.0
2005-02-17,0.0,0.2566401522400773,0.33773590228363626,0.09496090074860745,0.0,0.0
2005-02-18,0.0,0.23819179519493106,0.4295974180768076,0.1,0.0,0.0
2005-02-22,0.0,0.2792550850275024,0.36317760914995284,0.1,0.0,0.0
2005-02-23,0.0,0.2644949297399266,0.6206555071095541,0.0868409297668674,0.0,0.0
2005-02-24,0.0,0.2269393080515447,0.618354959772179,0.08482181752595044,0.0,0.0
2005-02-25,0.0,0.3037301630416466,0.6046577397746479,0.08437371814940259,0.0,0.0
2005-02-28,0.0,0.3703041223714623,0.6279840277778554,0.08419709670281555,0.0,0.0
2005-03-01,0.0,0.24805589079884316,0.7321594753409593,0.08455634406314377,0.0,0.0
2005-03-02,0.0,0.3399995851934753,0.7431857044804945,0.08324204012285477,0.0,0.0
2005-03-03,0.0,0.30636017724947795,0.5396361914081028,0.08084641819210626,0.0,0.0
2005-03-04,0.0,0.24836205564837224,0.7431857044804945,0.08169062699466363,0.0,0.0
2005-03-07,0.0,0.294447589749742,0.7281839976070117,0.08289534393314013,0.0,0.0
2005-03-08,0.0,0.390661639669421,0.75,0.08345342402843679,0.0,0.0
2005-03-09,0.0,0.41557917848571707,0.7294367293102908,0.08401158075025049,0.0,0.0
2005-03-10,0.0,0.29799466262552377,0.75,0.08457066603330786,0.0,0.0
2005-03-11,0.0,0.41066894785233715,0.75,0.09529050041574158,0.0,0.0
2005-03-14,0.0,0.5759864680735127,0.75,0.1,0.0,0.0
2005-03-15,0.0,0.7412312252070976,0.75,0.1,0.0,0.0
2005-03-16,0.0,0.75,0.75,0.1,0.0,0.0
2005-03-17,0.0,0.75,0.75,0.1,0.0,0.0
2005-03-18,0.0,0.75,0.75,0.1,0.0,0.0
2005-03-21,0.0,0.75,0.75,0.1,0.0,0.0
2005-03-22,0.0,0.75,0.75,0.1,0.0,0.0
2005-03-23,0.0,0.74978907233908,0.75,0.1,0.0,0.0
2005-03-24,0.0,0.75,0.75,0.1,0.0,0.0
2005-03-28,0.0,0.75,0.75,0.08238092790476546,0.0,0.0
2005-03-29,0.0,0.75,0.75,0.0898611193493948,0.0,0.0
2005-03-30,0.0,0.75,0.75,0.09222495739134795,0.0,0.0
2005-03-31,0.0,0.75,0.75,0.08857399510790796,0.0,0.0
2005-04-01,0.0,0.75,0.75,0.09682576364479575,0.0,0.0
2005-04-04,0.0,0.75,0.75,0.1,0.0,0.0
2005-04-05,0.0,0.75,0.75,0.1,0.0,0.0
2005-04-06,0.0,0.75,0.75,0.1,0.0,0.0
2005-04-07,0.0,0.75,0.75,0.1,0.0,0.0
2005-04-08,0.0,0.75,0.75,0.1,0.0,0.0
2005-04-11,0.0,0.75,0.75,0.1,0.0,0.0
2005-04-12,0.0,0.75,0.7425560462524432,0.1,0.0,0.0
2005-04-13,0.0,0.75,0.6862574801467779,0.1,0.0,0.0
2005-04-14,0.0,0.75,0.5752833026369844,0.1,0.0,0.0
2005-04-15,0.0,0.75,0.550413700658193,0.1,0.0,0.0
2005-04-18,0.0,0.5839677996157564,0.3845644768123288,0.1,0.0,0.0
2005-04-19,0.0,0.5559534177392316,0.3799097584790552,0.1,0.0,0.0
2005-04-20,0.0,0.48839744948524877,0.32557926083809624,0.1,0.0,0.0
2005-04-21,0.0,0.5035541326572066,0.3899150352916609,0.1,0.0,0.0
2005-04-22,0.0,0.6386879688749078,0.3388581454442666,0.1,0.0,0.0
2005-04-25,0.0,0.4702739105912358,0.46163318860937214,0.1,0.0,0.0
2005-04-26,0.0,0.6557401760508927,0.7096826795503448,0.1,0.0,0.0
2005-04-27,0.0,0.4213738627308836,0.75,0.1,0.0,0.0
2005-04-28,0.0,0.3685532511560296,0.75,0.1,0.0,0.0
2005-04-29,0.0,0.21991679258857913,0.75,0.1,0.0,0.0
2005-05-02,0.0,0.17497376863690894,0.75,0.1,0.0,0.0
2005-05-03,0.0,0.239900564475532,0.75,0.1,0.0,0.0
2005-05-04,0.0,0.23504433286309492,0.75,0.1,0.0,0.0
2005-05-05,0.0,0.30628675250521026,0.75,0.1,0.0,0.0
2005-05-06,0.0,0.2639873726521752,0.75,0.1,0.0,0.0
2005-05-09,0.0,0.29605358420429045,0.75,0.1,0.0,0.0
2005-05-10,0.0,0.2545669514767293,0.75,0.1,0.0,0.0
2005-05-11,0.0,0.2186906373797522,0.75,0.1,0.0,0.0
2005-05-12,0.0,0.23386940290770547,0.75,0.1,0.0,0.0
2005-05-13,0.0,0.15678745608691852,0.75,0.1,0.0,0.0
2005-05-16,0.0,0.3035635825550779,0.7367713262524082,0.1,0.0,0.0
2005-05-17,0.0,0.4809048233892925,0.7215012240806121,0.1,0.0,0.0
2005-05-18,0.0,0.649951579718167,0.7349096517168013,0.1,0.0,0.0
2005-05-19,0.0,0.5719990186994144,0.713029833212755,0.1,0.0,0.0
2005-05-20,0.0,0.5446424028736688,0.731390726418498,0.1,0.0,0.0
2005-05-23,0.0,0.5471794802267149,0.6211206953818615,0.1,0.0,0.0
2005-05-24,0.0,0.5181516189989771,0.515111708213897,0.1,0.0,0.0
2005-05-25,0.0,0.4909819939982858,0.4583925300452754,0.1,0.0,0.0
2005-05-26,0.0,0.48443837003789403,0.39690698771323113,0.1,0.0,0.0
2005-05-27,0.0,0.44066783046534136,0.29602618566341066,0.1,0.0,0.0
2005-05-31,0.0,0.45173981375024,0.1941048294895431,0.1,0.0,0.0
2005-06-01,0.0,0.4918290154463167,0.1808057700205045,0.1,0.0,0.0
2005-06-02,0.0,0.5045485375589915,0.15229839406992166,0.1,0.0,0.0
2005-06-03,0.0,0.5263259351890777,0.15389350738229388,0.1,0.0,0.0
2005-06-06,0.0,0.59908660666065,0.22581880663159978,0.1,0.0,0.0
2005-06-07,0.0,0.606412706061379,0.2395073653565344,0.1,0.0,0.0
2005-06-08,0.0,0.6016168988479157,0.2558042402152408,0.1,0.0,0.0
2005-06-09,0.0,0.57633685309707,0.23325202530582947,0.1,0.0,0.0
2005-06-10,0.0,0.6285193952424719,0.2173669021573548,0.1,0.0,0.0
2005-06-13,0.0,0.6189601498629557,0.20290438046048057,0.1,0.0,0.0
2005-06-14,0.0,0.6169297824252649,0.21621149526985994,0.1,0.0,0.0
2005-06-15,0.0,0.6333515514697504,0.23782199606948815,0.1,0.0,0.0
2005-06-16,0.0,0.6072328916875944,0.32015339291214534,0.1,0.0,0.0
2005-06-17,0.0,0.561938222560243,0.38178065811317297,0.1,0.0,0.0
2005-06-20,0.0,0.5368010725698691,0.42458719284607166,0.1,0.0,0.0
2005-06-21,0.0,0.44993517393691684,0.4161350803681321,0.1,0.0,0.0
2005-06-22,0.0,0.42354591789997914,0.3171649497646615,0.1,0.0,0.0
2005-06-23,0.0,0.3523267698106363,0.37921692326817463,0.1,0.0,0.0
2005-06-24,0.0,0.3199968084914028,0.3340392139353988,0.1,0.0,0.0
2005-06-27,0.0,0.30520101446277226,0.4291213627757878,0.1,0.0,0.0
2005-06-28,0.0,0.3660243125882698,0.4061478775556816,0.1,0.0,0.0
2005-06-29,0.0,0.36527218324190697,0.3705553694170383,0.1,0.0,0.0
2005-06-30,0.0,0.3696747007417009,0.4009216121600165,0.1,0.0,0.0
2005-07-01,0.0,0.36663712440715585,0.5242021550505384,0.1,0.0,0.0
2005-07-05,0.0,0.3309699585966999,0.48329468926625646,0.1,0.0,0.0
2005-07-06,0.0,0.4040706070870772,0.3133262590662921,0.1,0.0,0.0
2005-07-07,0.0,0.35342160795222366,0.22303086516806261,0.1,0.0,0.0
2005-07-08,0.0,0.37975015954746016,0.2923741537501362,0.1,0.0,0.0
2005-07-11,0.0,0.3792256522805554,0.11869224229062236,0.1,0.0,0.0
2005-07-12,0.0,0.40970259428320366,0.08319891023854602,0.1,0.0,0.0
2005-07-13,0.0,0.45093090314200707,0.1372809657887783,0.1,0.0,0.0
2005-07-14,0.0,0.5089525478119955,0.0,0.1,0.0,0.0
2005-07-15,0.0,0.4756315785630951,0.0,0.1,0.0,0.0
2005-07-18,0.0,0.48086230565783783,0.0,0.1,0.0,0.0
2005-07-19,0.0,0.5326034870100513,0.10165769916938007,0.1,0.0,0.0
2005-07-20,0.0,0.5575714088935791,0.14968287020385576,0.1,0.0,0.0
2005-07-21,0.0,0.5978122271391699,0.1967269695793355,0.1,0.0,0.0
2005-07-22,0.0,0.604322633378334,0.24318031372470747,0.1,0.0,0.0
2005-07-25,0.0,0.6021112235397985,0.3065572971448224,0.1,0.0,0.0
2005-07-26,0.0,0.5703663400149266,0.28916824429529314,0.1,0.0,0.0
2005-07-27,0.0,0.5787546500295194,0.28916824429529314,0.1,0.0,0.0
2005-07-28,0.0,0.6020034370017324,0.28916824429529314,0.1,0.0,0.0
2005-07-29,0.0,0.6116054318021362,0.28916824429529314,0.1,0.0,0.0
2005-08-01,0.0,0.5965143586055409,0.28916824429529314,0.1,0.0,0.0
2005-08-02,0.0,0.5756804152823286,0.28916824429529314,0.1,0.0,0.0
2005-08-03,0.0,0.5893064703984561,0.28916824429529314,0.1,0.0,0.0
2005-08-04,0.0,0.5921985521208553,0.28916824429529314,0.1,0.0,0.0
2005-08-05,0.0,0.5712038929691039,0.3126893861212281,0.1,0.0,0.0
2005-08-08,0.0,0.5495433860548754,0.3099447074873385,0.1,0.0,0.0
2005-08-09,0.0,0.5458671260413338,0.3196098933382255,0.1,0.0,0.0
2005-08-10,0.0,0.5760057943443203,0.33477271027020084,0.1,0.0,0.0
2005-08-11,0.0,0.5650514322967675,0.34989945423678104,0.1,0.0,0.0
2005-08-12,0.0,0.5721106438059664,0.36499184616010677,0.1,0.0,0.0
2005-08-15,0.0,0.5582646855545117,0.506674884650812,0.1,0.0,0.0
2005-08-16,0.0,0.5472465585223163,0.4208716073161795,0.1,0.0,0.0
2005-08-17,0.0,0.5490632546860365,0.42045576273787844,0.1,0.0,0.0
2005-08-18,0.0,0.5558730916364305,0.4350999430445737,0.1,0.0,0.0
2005-08-19,0.0,0.5307909280673662,0.4085412584203197,0.1,0.0,0.0
2005-08-22,0.0,0.5278602466779369,0.4235135606673844,0.1,0.0,0.0
2005-08-23,0.0,0.5233988539386647,0.43845805001058646,0.1,0.0,0.0
2005-08-24,0.0,0.530139150367579,0.4533757727863875,0.1,0.0,0.0
2005-08-25,0.0,0.5266167179010252,0.4682677011221278,0.1,0.0,0.0
2005-08-26,0.0,0.5152167577671658,0.4926541964340062,0.1,0.0,0.0
2005-08-29,0.0,0.5564632388029435,0.5498742525063789,0.1,0.0,0.0
2005-08-30,0.0,0.5319394521542401,0.5281259734101784,0.1,0.0,0.0
2005-08-31,0.0,0.5536958260952453,0.4123218916273045,0.1,0.0,0.0
2005-09-01,0.0,0.5216059718128017,0.3180528822022794,0.1,0.0,0.0
2005-09-02,0.0,0.5434305954203028,0.27923752862010887,0.1,0.0,0.0
2005-09-06,0.0,0.6540181034475068,0.4098164286867658,0.1,0.0,0.0
2005-09-07,0.0,0.5418057722985729,0.4408341630480878,0.1,0.0,0.0
2005-09-08,0.0,0.5434329197053283,0.479708991091896,0.1,0.0,0.0
2005-09-09,0.0,0.5215159296176797,0.5265081183698647,0.1,0.0,0.0
2005-09-12,0.0,0.5468491234405118,0.5954943067487526,0.1,0.0,0.0
2005-09-13,0.0,0.5595706488125463,0.6478645180477242,0.1,0.0,0.0
2005-09-14,0.0,0.5592951332378386,0.6374218569645144,0.1,0.0,0.0
2005-09-15,0.0,0.5899261106534216,0.5723693547836007,0.1,0.0,0.0
2005-09-16,0.0,0.5996305871864902,0.6151855072293977,0.1,0.0,0.0
2005-09-19,0.0,0.5840624206976347,0.75,0.1,0.0,0.0
2005-09-20,0.0,0.6425964383565668,0.75,0.1,0.0,0.0
2005-09-21,0.0,0.6846777195972067,0.75,0.1,0.0,0.0
2005-09-22,0.0,0.7480054251663839,0.75,0.1,0.0,0.0
2005-09-23,0.0,0.75,0.75,0.1,0.0,0.0
2005-09-26,0.0,0.74988170713871,0.75,0.1,0.0,0.0
2005-09-27,0.0,0.7428991218017198,0.75,0.1,0.0,0.0
2005-09-28,0.0,0.7301491846121775,0.75,0.1,0.0,0.0
2005-09-29,0.0,0.7378095094604006,0.75,0.1,0.0,0.0
2005-09-30,0.0,0.6768064140942723,0.75,0.1,0.0,0.0
2005-10-03,0.0,0.669343195406347,0.75,0.1,0.0,0.0
2005-10-04,0.0,0.6221283137142224,0.75,0.1,0.0,0.0
2005-10-05,0.0,0.6175507364110321,0.75,0.1,0.0,0.0
2005-10-06,0.0,0.590271645364644,0.75,0.1,0.0,0.0
2005-10-07,0.0,0.6045606296620409,0.75,0.1,0.0,0.0
2005-10-10,0.0,0.5653213887023959,0.75,0.1,0.0,0.0
2005-10-11,0.0,0.548111628457603,0.75,0.1,0.0,0.0
2005-10-12,0.0,0.5315225236709717,0.75,0.1,0.0,0.0
2005-10-13,0.0,0.46215117652070997,0.75,0.1,0.0,0.0
2005-10-14,0.0,0.46818231432807605,0.75,0.1,0.0,0.0
2005-10-17,0.0,0.37954082779999065,0.75,0.1,0.0,0.0
2005-10-18,0.0,0.27529200249521657,0.7443354451250669,0.08310551887657627,0.0,0.0
2005-10-19,0.0,0.16525089715801017,0.6414524592374804,0.07362646779745899,0.0,0.0
2005-10-20,0.0,0.16996039047604536,0.5985834132042487,0.07632127284079222,0.0,0.0
2005-10-21,0.0,0.1759255967002111,0.4328326962396714,0.07669484807586602,0.0,0.0
2005-10-24,0.0,0.1677366002770445,0.461727390523603,0.07669396908298821,0.0,0.0
2005-10-25,0.0,0.22108797655748727,0.49760504507685416,0.08141291642303754,0.0,0.0
2005-10-26,0.0,0.23555420931519172,0.6251059755141567,0.08707110068499514,0.0,0.0
2005-10-27,0.0,0.21888050835649542,0.75,0.08964009654774885,0.0,0.0
2005-10-28,0.0,0.20024770040693024,0.75,0.08928695389516149,0.0,0.0
2005-10-31,0.0,0.17951118559441923,0.75,0.08835024413211066,0.0,0.0
2005-11-01,0.0,0.17948144476183814,0.5821029446477352,0.09573475392570606,0.0,0.0
2005-11-02,0.0,0.16018788908755846,0.49315621059587517,0.09568209529141426,0.0,0.0
2005-11-03,0.0,0.16938819791545381,0.46611277443443644,0.09596470220672922,0.0,0.0
2005-11-04,0.0,0.2566995819559758,0.45232175650406176,0.09074959673424943,0.0,0.0
2005-11-07,0.0,0.28895219784733944,0.4255419358499133,0.09396138708208719,0.0,0.0
2005-11-08,0.0,0.33362979695963607,0.3791088706424907,0.09241573058544436,0.0,0.0
2005-11-09,0.0,0.3338402308376831,0.3595775762805279,0.08960319757886856,0.0,0.0
2005-11-10,0.0,0.3194322235020544,0.39722441473798215,0.0901089161100726,0.0,0.0
2005-11-11,0.0,0.3432043293456618,0.4676135404693821,0.0700401437326942,0.0,0.0
2005-11-14,0.0,0.3698532250030491,0.43762461916386913,0.07024563434655462,0.0,0.0
2005-11-15,0.0,0.35936444441813364,0.49654757053830323,0.07492345954450853,0.0,0.0
2005-11-16,0.0,0.3464135602937792,0.511793231549803,0.06136692012423763,0.0,0.0
2005-11-17,0.0,0.37513647379584725,0.5055553371691185,0.06087444200362238,0.0,0.0
2005-11-18,0.0,0.38279331637637776,0.75,0.050603510946797166,0.0,0.0
2005-11-21,0.0,0.3749478944001632,0.75,0.05240700018513332,0.0,0.0
2005-11-22,0.0,0.3862254183859488,0.75,0.06293607859807496,0.0,0.0
2005-11-23,0.0,0.3873356593398858,0.75,0.06607444263059636,0.0,0.0
2005-11-25,0.0,0.3887973299372454,0.75,0.0761800580603608,0.0,0.0
2005-11-28,0.0,0.390433819098183,0.75,0.06451654416272012,0.0,0.0
2005-11-29,0.0,0.391353797408168,0.75,0.05693389499623144,0.0,0.0
2005-11-30,0.0,0.3912454913657883,0.75,0.04373469553108106,0.0,0.0
2005-12-01,0.0,0.39077003245738756,0.75,0.03666887014682043,0.0,0.0
2005-12-02,0.0,0.3910423027997546,0.75,0.05133466041789747,0.0,0.0
2005-12-05,0.0,0.39302941794204144,0.75,0.05561987439893494,0.0,0.0
2005-12-06,0.0,0.39413817324515366,0.75,0.06012731733468241,0.0,0.0
2005-12-07,0.0,0.39517835715249316,0.75,0.05657452993916067,0.0,0.0
2005-12-08,0.0,0.396645540067717,0.75,0.09059541621615384,0.0,0.0
2005-12-09,0.0,0.39749067519482506,0.75,0.0901207013921933,0.0,0.0
2005-12-12,0.0,0.3987835532709473,0.75,0.06858139585857133,0.0,0.0
2005-12-13,0.0,0.39894721427081326,0.75,0.09309624185477733,0.0,0.0
2005-12-14,0.0,0.3971262570048515,0.75,0.09627166826792181,0.0,0.0
2005-12-15,0.0,0.39189680083931466,0.75,0.1,0.0,0.0
2005-12-16,0.0,0.38401704031788964,0.75,0.08953717272268404,0.0,0.0
2005-12-19,0.0,0.37197995334575146,0.75,0.06804560817144963,0.0,0.0
2005-12-20,0.0,0.29309759400671676,0.75,0.05056919900335168,0.0,0.0
2005-12-21,0.0,0.28857338016431794,0.75,0.08021353725843763,0.0,0.0
2005-12-22,0.0,0.2633466428937728,0.7378117143600987,0.09997883048771894,0.0,0.0
2005-12-23,0.0,0.27942289702271,0.7496331378867898,0.07244433927723956,0.0,0.0
2005-12-27,0.0,0.30131138932013113,0.75,0.07163079470442835,0.0,0.0
2005-12-28,0.0,0.3458251215593525,0.75,0.09787888332501939,0.0,0.0
2005-12-29,0.0,0.40722775769926506,0.75,0.1,0.0,0.0
2005-12-30,0.0,0.47193955720280123,0.75,0.1,0.0,0.0
2006-01-03,0.0,0.5488146610228377,0.75,0.1,0.0,0.0
2006-01-04,0.0,0.41482607012593936,0.75,0.08102804505181789,0.0,0.0
2006-01-05,0.0,0.3374067620591574,0.5543134286090329,0.06530692624688189,0.0,0.0
2006-01-06,0.0,0.3627733616844445,0.5829242636999119,0.06718488641926343,0.0,0.0
2006-01-09,0.0,0.3562387599209596,0.5788670431356827,0.06400601942929797,0.0,0.0
2006-01-10,0.0,0.33563448450338057,0.5005617540057905,0.060982818354346074,0.0,0.0
2006-01-11,0.0,0.33428883913192203,0.4986411308659152,0.061123231421576885,0.0,0.0
2006-01-12,0.0,0.33201709514604366,0.49312015870731124,0.059647651588196834,0.0,0.0
2006-01-13,0.0,0.33588213637661196,0.5145590880650222,0.05993409181173595,0.0,0.0
2006-01-17,0.0,0.36045584354711085,0.5970302126408136,0.06608375767440573,0.0,0.0
2006-01-18,0.0,0.38049307432789903,0.6634733059971438,0.06545296670898003,0.0,0.0
2006-01-19,0.0,0.3349387671829172,0.5275242071019655,0.0572084680503,0.0,0.0
2006-01-20,0.0,0.3656992824193192,0.6148332756992618,0.06220124280206949,0.0,0.0
2006-01-23,0.0,0.3354262415207587,0.5766159444853541,0.06157229668267529,0.0,0.0
2006-01-24,0.0,0.31763403948595875,0.540167883025153,0.059935324337373204,0.0,0.0
2006-01-25,0.0,0.32275387472101436,0.5493281076039084,0.0604159951046356,0.0,0.0
2006-01-26,0.0,0.3436335175728648,0.6251757808712595,0.06651962538943663,0.0,0.0
2006-01-27,0.0,0.35262170605521137,0.62081346670509,0.06628848158501983,0.0,0.0
2006-01-30,0.0,0.38150469221386324,0.615430638199394,0.06459132785653053,0.0,0.0
2006-01-31,0.0,0.3809826466369677,0.6184501273666682,0.06438783704971154,0.0,0.0
2006-02-01,0.0,0.38189550756329477,0.614205350578815,0.06567774011003479,0.0,0.0
2006-02-02,0.0,0.37813882382135056,0.6145287014693596,0.06581952212046374,0.0,0.0
2006-02-03,0.0,0.3830941315413896,0.6428469244343575,0.06825789872966616,0.0,0.0
2006-02-06,0.0,0.3206374240178302,0.7399409540289018,0.07708825625845198,0.0,0.0
2006-02-07,0.0,0.3285220929562374,0.75,0.08422696700885836,0.0,0.0
2006-02-08,0.0,0.3007886170193342,0.75,0.08307530283876112,0.0,0.0
2006-02-09,0.0,0.2976486494091717,0.6340267395378648,0.0736079899229228,0.0,0.0
2006-02-10,0.0,0.3023135096647825,0.6763505250819991,0.07663103701880244,0.0,0.0
2006-02-13,0.0,0.33002713570057207,0.7058839558744388,0.0788524317804617,0.0,0.0
2006-02-14,0.0,0.30640979358866405,0.6318016072942616,0.07439313932782594,0.0,0.0
2006-02-15,0.0,0.33350834672188123,0.631500887458793,0.06623215847772314,0.0,0.0
2006-02-16,0.0,0.3965939465578797,0.6336583413146742,0.05652207887289567,0.0,0.0
2006-02-17,0.0,0.43420397850540904,0.7397727735176604,0.053297733047249836,0.0,0.0
2006-02-21,0.0,0.4733288494957924,0.75,0.07110297992374098,0.0,0.0
2006-02-22,0.0,0.46520670544795545,0.75,0.06839200290189038,0.0,0.0
2006-02-23,0.0,0.5026979574126244,0.75,0.061440072590114254,0.0,0.0
2006-02-24,0.0,0.518084633163895,0.75,0.061217481677989245,0.0,0.0
2006-02-27,0.0,0.541997896167838,0.75,0.09109131449470474,0.0,0.0
2006-02-28,0.0,0.55792145210551,0.75,0.07928676666096189,0.0,0.0
2006-03-01,0.0,0.5474791096444911,0.75,0.0844102433935805,0.0,0.0
2006-03-02,0.0,0.49881003610299507,0.75,0.07027186992760981,0.0,0.0
2006-03-03,0.0,0.5016872550100877,0.75,0.08113683724267626,0.0,0.0
2006-03-06,0.0,0.5097363024429079,0.75,0.08868037933854657,0.0,0.0
2006-03-07,0.0,0.49315456684162934,0.75,0.08357898665407248,0.0,0.0
2006-03-08,0.0,0.4474311665901314,0.7352106970146477,0.06586605673197596,0.0,0.0
2006-03-09,0.0,0.44421582220243333,0.7046369581978162,0.052177724594232575,0.0,0.0
2006-03-10,0.0,0.4431978662326779,0.7032121428954148,0.05389720447000017,0.0,0.0
2006-03-13,0.0,0.4484281138411985,0.7103303754380995,0.05304888334207378,0.0,0.0
2006-03-14,0.0,0.5017637546835496,0.75,0.06000557900227674,0.0,0.0
2006-03-15,0.0,0.6139776942280402,0.75,0.06964151215327333,0.0,0.0
2006-03-16,0.0,0.5830978332113085,0.75,0.053604900800816604,0.0,0.0
2006-03-17,0.0,0.6731801815347668,0.75,0.09174394753310826,0.0,0.0
2006-03-20,0.0,0.6684751419568629,0.75,0.09669885839629454,0.0,0.0
2006-03-21,0.0,0.6140237957611159,0.75,0.1,0.0,0.0
2006-03-22,0.0,0.623608858199198,0.75,0.077183885345794,0.0,0.0
2006-03-23,0.0,0.6231409465261016,0.75,0.0672744056366851,0.0,0.0
2006-03-24,0.0,0.6598966408526341,0.75,0.07713547187820328,0.0,0.0
2006-03-27,0.0,0.6440220974396584,0.75,0.1,0.0,0.0
2006-03-28,0.0,0.5557601838091157,0.75,0.09411994071863068,0.0,0.0
2006-03-29,0.0,0.5321327759979982,0.75,0.08870618623521108,0.0,0.0
2006-03-30,0.0,0.5071735473797441,0.75,0.09004362941660143,0.0,0.0
2006-03-31,0.0,0.4835070358986961,0.7444937456046932,0.0725276977252276,0.0,0.0
2006-04-03,0.0,0.4337584535866662,0.75,0.08228736919796122,0.0,0.0
2006-04-04,0.0,0.4256836164050241,0.75,0.08480731622524561,0.0,0.0
2006-04-05,0.0,0.4743923840021344,0.75,0.08700295518746015,0.0,0.0
2006-04-06,0.0,0.43995928260780504,0.75,0.08693893244710549,0.0,0.0
2006-04-07,0.0,0.4607891604624183,0.75,0.09574198126453456,0.0,0.0
2006-04-10,0.0,0.4851075385595009,0.75,0.1,0.0,0.0
2006-04-11,0.0,0.5060974831564358,0.75,0.09625723865376344,0.0,0.0
2006-04-12,0.0,0.5145435192651209,0.75,0.0943514395621832,0.0,0.0
2006-04-13,0.0,0.48850627091629706,0.75,0.09201997593667702,0.0,0.0
2006-04-17,0.0,0.4652844327598046,0.75,0.08914134872133106,0.0,0.0
2006-04-18,0.0,0.4020369353476224,0.75,0.08783387882017607,0.0,0.0
2006-04-19,0.0,0.31652710165869036,0.6852740124208729,0.05720428381342192,0.0,0.0
2006-04-20,0.0,0.3031423278203699,0.6783459299171869,0.055823950026357844,0.0,0.0
2006-04-21,0.0,0.2637208811036651,0.5444157982089075,0.052556540479441465,0.0,0.0
2006-04-24,0.0,0.20720592387361098,0.32959621347936835,0.04156302682211223,0.0,0.0
2006-04-25,0.0,0.22362016864322562,0.3522994746292896,0.04560462225715799,0.0,0.0
2006-04-26,0.0,0.21091550713035648,0.30908248330588184,0.04431111279911175,0.0,0.0
2006-04-27,0.0,0.21427454153513326,0.297116481005,0.042303277592819065,0.0,0.0
2006-04-28,0.0,0.21638735370094675,0.31651506504048316,0.04518405234855471,0.0,0.0
2006-05-01,0.0,0.22131347863475115,0.2953512405186183,0.04399783897718627,0.0,0.0
2006-05-02,0.0,0.1818355391452622,0.28692491692376837,0.042391103972488325,0.0,0.0
2006-05-03,0.0,0.20001857885571409,0.32106263974971844,0.045876339183686624,0.0,0.0
2006-05-04,0.0,0.18961168169593848,0.2987056821217458,0.04513374970854375,0.0,0.0
2006-05-05,0.0,0.18734255271913342,0.2678253442351522,0.04303725056407698,0.0,0.0
2006-05-08,0.0,0.17115094343690754,0.257216773177788,0.04118339503896279,0.0,0.0
2006-05-09,0.0,0.15437397216703788,0.24681741381185618,0.03928277461671045,0.0,0.0
2006-05-10,0.0,0.14812905919885444,0.2396321263715716,0.038348832183580414,0.0,0.0
2006-05-11,0.0,0.1262870233058141,0.2108322985055892,0.03508427809752085,0.0,0.0
2006-05-12,0.0,0.0992458434639012,0.1952717376013635,0.033182496027701215,0.0,0.0
2006-05-15,0.0,0.08417652296005401,0.19605400150556437,0.03378608227000222,0.0,0.0
2006-05-16,0.0,0.0796879874023035,0.1644686949702839,0.021919114177078217,0.0,0.0
2006-05-17,0.0,0.06222216409685294,0.1559817378132314,0.017931237363858828,0.0,0.0
2006-05-18,0.0,0.04463312191624118,0.14870364311819476,0.0,0.0,0.0
2006-05-19,0.0,0.048288797263785016,0.17417077518569318,0.0,0.0,0.0
2006-05-22,0.0,0.04439974029602291,0.171123316807738,0.0,0.0,0.0
2006-05-23,0.0,0.04536459000279667,0.17250595232195295,0.0,0.0,0.0
2006-05-24,0.0,0.05156281624641847,0.2080527403946535,0.021959863261319407,0.0,0.0
2006-05-25,0.0,0.05421169509562868,0.21973369914667273,0.02509824288740733,0.0,0.0
2006-05-26,0.0,0.05814621139470762,0.22507318592564643,0.04389610156711254,0.0,0.0
2006-05-30,0.0,0.06224183028038819,0.23559953343542883,0.034282552814916815,0.0,0.0
2006-05-31,0.0,0.0684494612727583,0.25174629106566576,0.04643468911228728,0.0,0.0
2006-06-01,0.0,0.06824464332745428,0.2703133083225558,0.040719666098175844,0.0,0.0
2006-06-02,0.0,0.06579549135571584,0.27153566318537253,0.035971500498759405,0.0,0.0
2006-06-05,0.0,0.09845204782677205,0.3248349604514883,0.04577556742689842,0.0,0.0
2006-06-06,0.0,0.10978315748670427,0.3528692406726716,0.05272586074923448,0.0,0.0
2006-06-07,0.0,0.12333042246942706,0.37601057916223835,0.06654910008342903,0.0,0.0
2006-06-08,0.0,0.1346198058712226,0.40868697910716034,0.06722934307644209,0.0,0.0
2006-06-09,0.0,0.14408581473531987,0.4212724826031808,0.06917748898069634,0.0,0.0
2006-06-12,0.0,0.13836808150428903,0.4044874416403765,0.08053943396258494,0.0,0.0
2006-06-13,0.0,0.10184537160487443,0.4686054725991597,0.06867051397903483,0.0,0.0
2006-06-14,0.0,0.09839656822848054,0.4143486348313183,0.06712267403870094,0.0,0.0
2006-06-15,0.0,0.09302381885971142,0.3378993911382829,0.0634285106165253,0.0,0.0
2006-06-16,0.0,0.10999947204276943,0.36072849311352717,0.07461681988684339,0.0,0.0
2006-06-19,0.0,0.09304020686238433,0.3669061017145333,0.06665330694156396,0.0,0.0
2006-06-20,0.0,0.07689164785463835,0.3635602702126432,0.0789616576122471,0.0,0.0
2006-06-21,0.0,0.06583261334517976,0.38373362544626094,0.07026880197954194,0.0,0.0
2006-06-22,0.0,0.05540818257768633,0.4002568711941788,0.08959191161107861,0.0,0.0
2006-06-23,0.0,0.0,0.41716625787239586,0.09273740896915464,0.0,0.0
2006-06-26,0.0,0.0,0.41748971393863343,0.08352483969332591,0.0,0.0
2006-06-27,0.0,0.0,0.408949953093154,0.09237193204375217,0.0,0.0
2006-06-28,0.0,0.0,0.4206489072974887,0.09378171158921372,0.0,0.0
2006-06-29,0.0,0.0,0.4129748620509978,0.09641097691682424,0.0,0.0
2006-06-30,0.0,0.13205126013892157,0.4102586711991088,0.092605589386884,0.0,0.0
2006-07-03,0.0,0.10218773869368178,0.37905732197633074,0.08329808424131045,0.0,0.0
2006-07-05,0.0,0.0884347573534585,0.3654594699997503,0.08130820392221916,0.0,0.0
2006-07-06,0.0,0.0,0.2429774578375744,0.07413762564670542,0.0,0.0
2006-07-07,0.0,0.0,0.2577507389419158,0.0766911049416474,0.0,0.0
2006-07-10,0.0,0.0,0.2604349669075236,0.07875033073902671,0.0,0.0
2006-07-11,0.0,0.0,0.288877963081609,0.08171640305980725,0.0,0.0
2006-07-12,0.0,0.0,0.31490063608192315,0.08165115437915949,0.0,0.0
2006-07-13,0.0,0.0,0.3591480699579918,0.07965704396958576,0.0,0.0
2006-07-14,0.0,0.0,0.4924069779932836,0.07841831838596962,0.0,0.0
2006-07-17,0.0,0.0,0.6035071004018486,0.08647442303925183,0.0,0.0
2006-07-18,0.0,0.0,0.75,0.1,0.0,0.0
2006-07-19,0.0,0.0,0.5557100861174006,0.0802328767420245,0.0,0.0
2006-07-20,0.0,0.0,0.41831827416579964,0.06891683630708363,0.0,0.0
2006-07-21,0.0,0.0,0.39547182434867106,0.06453405046818719,0.0,0.0
2006-07-24,0.0,0.0,0.3460938902456105,0.06062458873096047,0.0,0.0
2006-07-25,0.0,0.0,0.32393442645686926,0.0589082086537519,0.0,0.0
2006-07-26,0.0,0.0,0.3315624317836306,0.0610925243574047,0.0,0.0
2006-07-27,0.0,0.0,0.3408167162105366,0.06418216854880596,0.0,0.0
2006-07-28,0.0,0.0,0.31636727477857496,0.062383388270249404,0.0,0.0
2006-07-31,0.0,0.0,0.31633751176042746,0.0654588682348737,0.0,0.0
2006-08-01,0.0,0.0,0.31938322066226316,0.06554108369939357,0.0,0.0
2006-08-02,0.0,0.0,0.3233631282260285,0.06705515992734425,0.0,0.0
2006-08-03,0.0,0.0,0.33536363156634974,0.0678172065859278,0.0,0.0
2006-08-04,0.0,0.0,0.36497086391906863,0.07117074822184308,0.0,0.0
2006-08-07,0.0,0.0,0.3807009818659165,0.07375269514561249,0.0,0.0
2006-08-08,0.0,0.0,0.3941728792389115,0.0712737434452001,0.0,0.0
2006-08-09,0.0,0.0,0.40442458792465913,0.07305062963889412,0.0,0.0
2006-08-10,0.0,0.0,0.40959189211119273,0.0728277099124347,0.0,0.0
2006-08-11,0.0,0.0,0.40116914570479173,0.0727632410039101,0.0,0.0
2006-08-14,0.0,0.0,0.39957556500437375,0.0722164612376968,0.0,0.0
2006-08-15,0.0,0.0,0.36717277134616433,0.0703055731392179,0.0,0.0
2006-08-16,0.0,0.0,0.37065685177052926,0.08102926302364633,0.0,0.0
2006-08-17,0.0,0.0,0.38112774065308647,0.0836151564608078,0.0,0.0
2006-08-18,0.0,0.0,0.450221526188552,0.0916289137876678,0.0,0.0
2006-08-21,0.0,0.04940496366570051,0.4807894533345308,0.09801361435824374,0.0,0.0
2006-08-22,0.0,0.07851430442276354,0.5384461809185949,0.09974964701226886,0.0,0.0
2006-08-23,0.0,0.10917541108494122,0.6004395712651271,0.1,0.0,0.0
2006-08-24,0.0,0.13542486893739009,0.6264571735801869,0.1,0.0,0.0
2006-08-25,0.0,0.13694118262044602,0.6204178385640172,0.1,0.0,0.0
2006-08-28,0.0,0.16274157400065312,0.6152996409098314,0.1,0.0,0.0
2006-08-29,0.0,0.2072779157661238,0.7447731611170093,0.1,0.0,0.0
2006-08-30,0.0,0.23534141710218381,0.706671177590932,0.1,0.0,0.0
2006-08-31,0.0,0.26656447104785724,0.6929477649307327,0.09756368317988992,0.0,0.0
2006-09-01,0.0,0.28394554201788785,0.7172571648165501,0.0931076623899338,0.0,0.0
2006-09-05,0.0,0.3409318033388016,0.75,0.09367227892369193,0.0,0.0
2006-09-06,0.0,0.28744479357219627,0.75,0.09365757271509906,0.0,0.0
2006-09-07,0.0,0.2659577608777395,0.75,0.1,0.0,0.0
2006-09-08,0.0,0.22273012107494655,0.75,0.1,0.0,0.0
2006-09-11,0.0,0.16146882077291105,0.5996746565447043,0.07735519343464138,0.0,0.0
2006-09-12,0.0,0.13927983540173905,0.5322027221205712,0.06317118249540646,0.0,0.0
2006-09-13,0.0,0.13933762878632674,0.5627467659415899,0.0629766571001665,0.0,0.0
2006-09-14,0.0,0.14065009488522096,0.47228233078937226,0.061240947562365575,0.0,0.0
2006-09-15,0.0,0.14417505157422764,0.49153338239433925,0.06028439695696751,0.0,0.0
2006-09-18,0.0,0.12873135885996978,0.3940850894691087,0.04646871961095903,0.0,0.0
2006-09-19,0.0,0.10465684177151845,0.37328773208909527,0.04594489209452847,0.0,0.0
2006-09-20,0.0,0.0782544625751129,0.3675256490710696,0.03737985298227458,0.0,0.0
2006-09-21,0.0,0.05379557207188653,0.37799330296535616,0.037435871308722904,0.0,0.0
2006-09-22,0.0,0.0,0.3668768848557747,0.033304540814816215,0.0,0.0
2006-09-25,0.0,0.06620515862943717,0.3729698897786237,0.03238866341308949,0.0,0.0
2006-09-26,0.0,0.12340251735113818,0.3684237989988179,0.031872801987399814,0.0,0.0
2006-09-27,0.0,0.18913579603302463,0.3454510066769271,0.030837174696395214,0.0,0.0
2006-09-28,0.0,0.2556738883545067,0.34765043592436806,0.03018456251067427,0.0,0.0
2006-09-29,0.0,0.3095034714140826,0.36602936280432147,0.028857778940341125,0.0,0.0
2006-10-02,0.0,0.3824357763601897,0.3828568734347802,0.022575987835335903,0.0,0.0
2006-10-03,0.0,0.3757278314361404,0.40301667780304273,0.0,0.0,0.0
2006-10-04,0.0,0.3698333380239686,0.3877132584565648,0.0,0.0,0.0
2006-10-05,0.0,0.3587929943047377,0.38381701704621435,0.0,0.0,0.0
2006-10-06,0.0,0.3609256281703444,0.35665123358780937,0.0,0.0,0.0
2006-10-09,0.0,0.42140715198852885,0.3449879620082511,0.0,0.0,0.0
2006-10-10,0.0,0.41773886766507556,0.3364743373612682,0.0,0.0,0.0
2006-10-11,0.0,0.5009369742773879,0.48996927334599155,0.0,0.0,0.0
2006-10-12,0.0,0.5823981297866759,0.5765991937110811,0.0,0.0,0.0
2006-10-13,0.0,0.5591482752466527,0.5634497196793735,0.0,0.0,0.0
2006-10-16,0.0,0.614969137858424,0.7488118946833329,0.0,0.0,0.0
2006-10-17,0.0,0.6218108416141082,0.75,0.0,0.0,0.0
2006-10-18,0.0,0.6522173962122472,0.75,0.0,0.0,0.0
2006-10-19,0.0,0.6271365993961807,0.75,0.0,0.0,0.0
2006-10-20,0.0,0.673480507958284,0.75,0.0,0.0,0.0
2006-10-23,0.0,0.6896914539339732,0.75,0.0,0.0,0.0
2006-10-24,0.0,0.7174151479425643,0.75,0.0,0.0,0.0
2006-10-25,0.0,0.7247871349505111,0.75,0.0,0.0,0.0
2006-10-26,0.0,0.7009323771655879,0.75,0.0,0.0,0.0
2006-10-27,0.0,0.7069518953455829,0.75,0.0,0.0,0.0
2006-10-30,0.0,0.6752996676561249,0.75,0.0,0.0,0.0
2006-10-31,0.0,0.6736724619371802,0.75,0.0,0.0,0.0
2006-11-01,0.0,0.6630304425323243,0.75,0.0,0.0,0.0
2006-11-02,0.0,0.6299120617878465,0.75,0.0,0.0,0.0
2006-11-03,0.0,0.6035583723749937,0.75,0.0,0.0,0.0
2006-11-06,0.0,0.5662794926842878,0.75,0.0,0.0,0.0
2006-11-07,0.0,0.6437853747650745,0.75,0.0,0.0,0.0
2006-11-08,0.0,0.625863306199115,0.75,0.0,0.0,0.0
2006-11-09,0.0,0.6249441459288779,0.75,0.05214523676079153,0.0,0.0
2006-11-10,0.0,0.5745296901045424,0.75,0.055936534513621614,0.0,0.0
2006-11-13,0.0,0.478776345823271,0.75,0.04048036109242303,0.0,0.0
2006-11-14,0.0,0.5076527928738982,0.75,0.0,0.0,0.0
2006-11-15,0.0,0.4901750929107513,0.75,0.0,0.0,0.0
2006-11-16,0.0,0.5288252059718165,0.75,0.030629117093276096,0.0,0.0
2006-11-17,0.0,0.5557809649321183,0.75,0.030011879310256784,0.0,0.0
2006-11-20,0.0,0.5539274973717717,0.75,0.0,0.0,0.0
2006-11-21,0.0,0.5720242542382865,0.75,0.0,0.0,0.0
2006-11-22,0.0,0.5971053054589418,0.75,0.0,0.0,0.0
2006-11-24,0.0,0.6402731613801308,0.75,0.0,0.0,0.0
2006-11-27,0.0,0.7388180845906647,0.75,0.0,0.0,0.0
2006-11-28,0.0,0.676748693692314,0.75,0.03560473814279619,0.0,0.0
2006-11-29,0.0,0.6722708926907036,0.75,0.0,0.0,0.0
2006-11-30,0.0,0.6890502509115373,0.75,0.06649776476510423,0.0,0.0
2006-12-01,0.0,0.6927369540369195,0.75,0.07166068395479233,0.0,0.0
2006-12-04,0.0,0.6547004667872961,0.75,0.08314874653211653,0.0,0.0
2006-12-05,0.0,0.6870807854570037,0.75,0.09982068920422657,0.0,0.0
2006-12-06,0.0,0.7033844585309175,0.75,0.1,0.0,0.0
2006-12-07,0.0,0.6984262440562878,0.75,0.09635212521359765,0.0,0.0
2006-12-08,0.0,0.6712758800147155,0.75,0.06963956083553532,0.0,0.0
2006-12-11,0.0,0.6651343881420797,0.75,0.042082599634481764,0.0,0.0
2006-12-12,0.0,0.6570155762261516,0.75,0.0,0.0,0.0
2006-12-13,0.0,0.6704751505742479,0.75,0.036467964120054465,0.0,0.0
2006-12-14,0.0,0.6176844121323146,0.75,0.0390141574347201,0.0,0.0
2006-12-15,0.0,0.5792226581579264,0.75,0.03886440467273264,0.0,0.0
2006-12-18,0.0,0.5316450144869438,0.75,0.04895027420817662,0.0,0.0
2006-12-19,0.0,0.43141098706706477,0.737452135026946,0.0,0.0,0.0
2006-12-20,0.0,0.4406812389710548,0.75,0.05268129504454629,0.0,0.0
2006-12-21,0.0,0.4479654398857874,0.75,0.05220273217167706,0.0,0.0
2006-12-22,0.0,0.46630581885862193,0.75,0.04542680746009962,0.0,0.0
2006-12-26,0.0,0.4912234612361862,0.75,0.046088989648910034,0.0,0.0
2006-12-27,0.0,0.49620023505566185,0.75,0.045723612955611725,0.0,0.0
2006-12-28,0.0,0.6195520680102083,0.75,0.042947048738081715,0.0,0.0
2006-12-29,0.0,0.6402470825485752,0.75,0.03897951882096519,0.0,0.0
2007-01-03,0.0,0.5644673086450103,0.75,0.0,0.0,0.0
2007-01-04,0.0,0.5599083807359906,0.75,0.0,0.0,0.0
2007-01-05,0.0,0.5221483942630777,0.6720221942063552,0.0,0.0,0.0
2007-01-08,0.0,0.5570290114146157,0.5948665534976404,0.0,0.0,0.0
2007-01-09,0.0,0.5141119293827741,0.5089222294727399,0.0,0.0,0.0
2007-01-10,0.0,0.5243416884070727,0.46135770701825235,0.0,0.0,0.0
2007-01-11,0.0,0.5656210452237097,0.43574271547825505,0.0,0.0,0.0
2007-01-12,0.0,0.5454827491617676,0.4033786967596686,0.0,0.0,0.0
2007-01-16,0.0,0.5400241044556463,0.3749463395986219,0.0,0.0,0.0
2007-01-17,0.0,0.49113696740039736,0.3594186829577645,0.0,0.0,0.0
2007-01-18,0.0,0.44704665768463275,0.26799331927588227,0.0,0.0,0.0
2007-01-19,0.0,0.32054970686872336,0.27274763621314074,0.0,0.0,0.0
2007-01-22,0.0,0.26005243711325604,0.1357855983393042,0.0,0.0,0.0
2007-01-23,0.0,0.19233222105661427,0.07603067967491704,0.0,0.0,0.0
2007-01-24,0.0,0.18360220504728364,0.07603067967491704,0.0,0.0,0.0
2007-01-25,0.0,0.25146005998125076,0.07603067967491704,0.0,0.0,0.0
2007-01-26,0.0,0.18312899640187905,0.07603067967491704,0.0,0.0,0.0
2007-01-29,0.0,0.1950542400973018,0.0820375862421842,0.0,0.0,0.0
2007-01-30,0.0,0.2513387735177689,0.08802141037473439,0.0,0.0,0.0
2007-01-31,0.0,0.2945866557345447,0.09398388322447475,0.0,0.0,0.0
2007-02-01,0.0,0.3417280112498419,0.09992649918546465,0.0,0.0,0.0
2007-02-02,0.0,0.3450891405278994,0.10585056108445166,0.0,0.0,0.0
2007-02-05,0.0,0.36841242611768454,0.12352224747473335,0.0,0.0,0.0
2007-02-06,0.0,0.37860184041874356,0.16217974519331088,0.0,0.0,0.0
2007-02-07,0.0,0.3008196970886446,0.20035338194950017,0.0,0.0,0.0
2007-02-08,0.0,0.34453188146166397,0.2381455486837293,0.0,0.0,0.0
2007-02-09,0.0,0.33160188543072555,0.4861810487654017,0.0,0.0,0.0
2007-02-12,0.0,0.3216126587852586,0.4622647666098606,0.0,0.0,0.0
2007-02-13,0.0,0.30191912699353873,0.4779919359781001,0.0,0.0,0.0
2007-02-14,0.0,0.28541586906156935,0.6183600679122212,0.0,0.0,0.0
2007-02-15,0.0,0.2993652130784645,0.596640183994676,0.0,0.0,0.0
2007-02-16,0.0,0.3786139601387187,0.5787089708030254,0.0,0.0,0.0
2007-02-20,0.0,0.3852522823279179,0.5358383893715233,0.0,0.0,0.0
2007-02-21,0.0,0.43945370110854703,0.6590725831733472,0.0,0.0,0.0
2007-02-22,0.0,0.4304104895327885,0.6022880629636529,0.0,0.0,0.0
2007-02-23,0.0,0.4065660573011216,0.6508366493996742,0.0,0.0,0.0
2007-02-26,0.0,0.41476515294801475,0.7098373279025836,0.0,0.0,0.0
2007-02-27,0.0,0.3968261669778234,0.75,0.0,0.0,0.0
2007-02-28,0.0,0.3269252285156077,0.75,0.0,0.0,0.0
2007-03-01,0.0,0.3384245678747007,0.75,0.0,0.0,0.0
2007-03-02,0.0,0.35532393176109694,0.75,0.0,0.0,0.0
2007-03-05,0.0,0.30057683892395337,0.7434989533328981,0.0,0.0,0.0
2007-03-06,0.0,0.26870741530551,0.561978499187492,0.0,0.0,0.0
2007-03-07,0.0,0.2544819742437332,0.5403887004431893,0.0,0.0,0.0
2007-03-08,0.0,0.2520297785732867,0.507604091679489,0.0,0.0,0.0
2007-03-09,0.0,0.27243568197340134,0.6013729372207448,0.0,0.0,0.0
2007-03-12,0.0,0.26522906867153934,0.5830009142337115,0.0,0.0,0.0
2007-03-13,0.0,0.2672455062044724,0.5508160786635237,0.0,0.0,0.0
2007-03-14,0.0,0.22474423688606712,0.4771486200903488,0.0,0.0,0.0
2007-03-15,0.0,0.24854814125503583,0.46566766887633787,0.0,0.0,0.0
2007-03-16,0.0,0.2437684317938576,0.474694841981567,0.0,0.0,0.0
2007-03-19,0.0,0.25838828071598213,0.4948161891451381,0.0,0.0,0.0
2007-03-20,0.0,0.28132562435850983,0.5288106330816056,0.0,0.0,0.0
2007-03-21,0.0,0.26075818302672327,0.5387998789853113,0.0,0.0,0.0
2007-03-22,0.0,0.3042469779388991,0.5051979785539354,0.0,0.0,0.0
2007-03-23,0.0,0.2914457055609268,0.4455623624284453,0.0,0.0,0.0
2007-03-26,0.0,0.31527190560453267,0.44087547569286645,0.0,0.0,0.0
2007-03-27,0.0,0.35418038941130076,0.3790758775743224,0.0,0.0,0.0
2007-03-28,0.0,0.3678856384604092,0.3688856285827141,0.0,0.0,0.0
2007-03-29,0.0,0.3695022186875526,0.3807930763664084,0.0,0.0,0.0
2007-03-30,0.0,0.3930418730369139,0.3672945241459483,0.0,0.0,0.0
2007-04-02,0.0,0.42726950557648036,0.319356347754216,0.0,0.0,0.0
2007-04-03,0.0,0.4526570812258463,0.2988313176028206,0.0,0.0,0.0
2007-04-04,0.0,0.44477716276174306,0.2721526977179411,0.0,0.0,0.0
2007-04-05,0.0,0.44521346638210335,0.32505583613187705,0.0,0.0,0.0
2007-04-09,0.0,0.43591806099418334,0.5178557170152982,0.0,0.0,0.0
2007-04-10,0.0,0.4396558349404395,0.633917268404234,0.0,0.0,0.0
2007-04-11,0.0,0.43182286470540715,0.5556522473746498,0.0,0.0,0.0
2007-04-12,0.0,0.45139804595136185,0.6691200469792085,0.0,0.0,0.0
2007-04-13,0.0,0.44711015321788283,0.7404092214575206,0.0,0.0,0.0
2007-04-16,0.0,0.4484621393856982,0.7284466124449873,0.0,0.0,0.0
2007-04-17,0.0,0.4171760238789342,0.75,0.0,0.0,0.0
2007-04-18,0.0,0.4138654944859158,0.7261520849972378,0.0,0.0,0.0
2007-04-19,0.0,0.41976314178944046,0.7452783060369663,0.0,0.0,0.0
2007-04-20,0.0,0.426240040323571,0.6899955084118876,0.0,0.0,0.0
2007-04-23,0.0,0.3827548263936305,0.7099304409506445,0.0,0.0,0.0
2007-04-24,0.0,0.37655165688709585,0.6500407617229703,0.0,0.0,0.0
2007-04-25,0.0,0.37395906992809613,0.6502246027811299,0.0,0.0,0.0
2007-04-26,0.0,0.36868980108636007,0.6405487628029602,0.0,0.0,0.0
2007-04-27,0.0,0.3701936303563894,0.6280216946344844,0.0,0.0,0.0
2007-04-30,0.0,0.37588808860537665,0.5163537994529201,0.0,0.0,0.0
2007-05-01,0.0,0.3904448732960319,0.5836613071400527,0.0,0.0,0.0
2007-05-02,0.0,0.38554204380887225,0.5118155267298451,0.0,0.0,0.0
2007-05-03,0.0,0.3817196868230793,0.5231488265849216,0.0,0.0,0.0
2007-05-04,0.0,0.3794199348827411,0.6171906784651633,0.0,0.0,0.0
2007-05-07,0.0,0.38649993243303615,0.6674721086135232,0.0,0.0,0.0
2007-05-08,0.0,0.3933936502347387,0.6539825682909958,0.0,0.0,0.0
2007-05-09,0.0,0.3989362500987627,0.6472660244075334,0.0,0.0,0.0
2007-05-10,0.0,0.4097142678296865,0.7353110345792427,0.0,0.0,0.0
2007-05-11,0.0,0.42233794078351017,0.48755965993686917,0.0,0.0,0.0
2007-05-14,0.0,0.5090284181078598,0.41178845000973974,0.0,0.0,0.0
2007-05-15,0.0,0.5073576915128756,0.4550654643967374,0.0,0.0,0.0
2007-05-16,0.0,0.49357713039499745,0.41964533968499607,0.0,0.0,0.0
2007-05-17,0.0,0.48912752423625727,0.427755914625252,0.0,0.0,0.0
2007-05-18,0.0,0.4807643382321815,0.38523342839936675,0.0,0.0,0.0
2007-05-21,0.0,0.4769452631279214,0.3870292233659817,0.0,0.0,0.0
2007-05-22,0.0,0.46700448993212895,0.40714810667251733,0.0,0.0,0.0
2007-05-23,0.0,0.4592985934633663,0.3826381124123174,0.0,0.0,0.0
2007-05-24,0.0,0.4645064372350043,0.34749346338255394,0.0,0.0,0.0
2007-05-25,0.0,0.5088809841029706,0.4719464070412607,0.0,0.0,0.0
2007-05-29,0.0,0.6320858318068256,0.46782398773946926,0.0,0.0,0.0
2007-05-30,0.0,0.740937461124409,0.524169545477017,0.0,0.0,0.0
2007-05-31,0.0,0.75,0.6307450688499132,0.0,0.0,0.0
2007-06-01,0.0,0.75,0.6243107975462847,0.0,0.0,0.0
2007-06-04,0.0,0.75,0.7123584327800249,0.05969066888786768,0.0,0.0
2007-06-05,0.0,0.75,0.75,0.07349043121909,0.0,0.0
2007-06-06,0.0,0.75,0.75,0.0776518884784246,0.0,0.0
2007-06-07,0.0,0.75,0.75,0.08740634371031451,0.0,0.0
2007-06-08,0.0,0.75,0.75,0.09180629591488253,0.0,0.0
2007-06-11,0.0,0.75,0.75,0.0874603663521473,0.0,0.0
2007-06-12,0.0,0.75,0.75,0.1,0.0,0.0
2007-06-13,0.0,0.75,0.75,0.09768768011347319,0.0,0.0
2007-06-14,0.0,0.75,0.75,0.09954216072596973,0.0,0.0
2007-06-15,0.0,0.75,0.75,0.09276394910462603,0.0,0.0
2007-06-18,0.0,0.75,0.75,0.09461508688433581,0.0,0.0
2007-06-19,0.0,0.75,0.75,0.0877579422074574,0.0,0.0
2007-06-20,0.0,0.75,0.75,0.08952023985895455,0.0,0.0
2007-06-21,0.0,0.75,0.75,0.09521989667341564,0.0,0.0
2007-06-22,0.0,0.75,0.75,0.09854236104138053,0.0,0.0
2007-06-25,0.0,0.75,0.75,0.1,0.0,0.0
2007-06-26,0.0,0.75,0.75,0.1,0.0,0.0
2007-06-27,0.0,0.75,0.75,0.1,0.0,0.0
2007-06-28,0.0,0.75,0.75,0.1,0.0,0.0
2007-06-29,0.0,0.75,0.75,0.1,0.0,0.0
2007-07-02,0.0,0.75,0.75,0.1,0.0,0.0
2007-07-03,0.0,0.75,0.75,0.1,0.0,0.0
2007-07-05,0.0,0.75,0.75,0.1,0.0,0.0
2007-07-06,0.0,0.75,0.75,0.1,0.0,0.0
2007-07-09,0.0,0.75,0.6568489827547402,0.1,0.0,0.0
2007-07-10,0.0,0.75,0.6883719233008602,0.1,0.0,0.0
2007-07-11,0.0,0.75,0.7166122958326623,0.1,0.0,0.0
2007-07-12,0.0,0.75,0.75,0.1,0.0,0.0
2007-07-13,0.0,0.75,0.75,0.1,0.0,0.0
2007-07-16,0.0,0.75,0.75,0.1,0.0,0.0
2007-07-17,0.0,0.75,0.75,0.1,0.0,0.0
2007-07-18,0.0,0.75,0.75,0.1,0.0,0.0
2007-07-19,0.0,0.75,0.75,0.1,0.0,0.0
2007-07-20,0.0,0.75,0.75,0.1,0.0,0.0
2007-07-23,0.0,0.7498920018642844,0.75,0.1,0.0,0.0
2007-07-24,0.0,0.7443897192331683,0.75,0.1,0.0,0.0
2007-07-25,0.0,0.75,0.75,0.1,0.0,0.0
2007-07-26,0.0,0.737607500078681,0.75,0.1,0.0,0.0
2007-07-27,0.0,0.7480022079969545,0.75,0.1,0.0,0.0
2007-07-30,0.0,0.7371145992028902,0.75,0.0958442102983879,0.0,0.0
2007-07-31,0.0,0.7171509366660778,0.75,0.09564428120383779,0.0,0.0
2007-08-01,0.0,0.5980806967631523,0.75,0.09390576470573635,0.0,0.0
2007-08-02,0.0,0.6044032576569262,0.75,0.09394182216434487,0.0,0.0
2007-08-03,0.0,0.6165100444336099,0.75,0.09297283137101406,0.0,0.0
2007-08-06,0.0,0.5596305003667708,0.75,0.09817813181614155,0.0,0.0
2007-08-07,0.0,0.5835548433375701,0.75,0.1,0.0,0.0
2007-08-08,0.0,0.5814605066310701,0.75,0.1,0.0,0.0
2007-08-09,0.0,0.5863873161671473,0.75,0.1,0.0,0.0
2007-08-10,0.0,0.5675664097918869,0.75,0.1,0.0,0.0
2007-08-13,0.0,0.5478170315671748,0.6927440233002015,0.1,0.0,0.0
2007-08-14,0.0,0.5355346326650278,0.75,0.1,0.0,0.0
2007-08-15,0.0,0.4871627545102268,0.75,0.1,0.0,0.0
2007-08-16,0.0,0.46053168154552004,0.75,0.1,0.0,0.0
2007-08-17,0.0,0.45802236306673805,0.75,0.1,0.0,0.0
2007-08-20,0.0,0.49400975018708887,0.7496086790608052,0.1,0.0,0.0
2007-08-21,0.0,0.5033564254637676,0.75,0.08317955265625479,0.0,0.0
2007-08-22,0.0,0.5227101292822122,0.7272511343224024,0.06697784826020675,0.0,0.0
2007-08-23,0.0,0.5743929267361176,0.6982542581842861,0.057789071341832005,0.0,0.0
2007-08-24,0.0,0.5873514425548005,0.7035904680645474,0.061364756510470936,0.0,0.0
2007-08-27,0.0,0.6176028607355473,0.6765962008172833,0.06527685331564367,0.0,0.0
2007-08-28,0.0,0.5989724174181063,0.6950633253183774,0.08169984256034019,0.0,0.0
2007-08-29,0.0,0.5989309840275272,0.75,0.08407842633523473,0.0,0.0
2007-08-30,0.0,0.5552350671672979,0.7173718650080425,0.09929363658935335,0.0,0.0
2007-08-31,0.0,0.6114348770483693,0.7054962162417159,0.1,0.0,0.0
2007-09-04,0.0,0.6257435415649066,0.75,0.1,0.0,0.0
2007-09-05,0.0,0.6307560310976512,0.75,0.1,0.0,0.0
2007-09-06,0.0,0.6483691438238625,0.75,0.1,0.0,0.0
2007-09-07,0.0,0.6547503816216113,0.75,0.1,0.0,0.0
2007-09-10,0.0,0.5527442664107161,0.75,0.1,0.0,0.0
2007-09-11,0.0,0.548999766005045,0.75,0.1,0.0,0.0
2007-09-12,0.0,0.653922121651568,0.75,0.1,0.0,0.0
2007-09-13,0.0,0.650578118496095,0.75,0.1,0.0,0.0
2007-09-14,0.0,0.6533863162254802,0.75,0.1,0.0,0.0
2007-09-17,0.0,0.6515392150725441,0.75,0.1,0.0,0.0
2007-09-18,0.0,0.6438906184248054,0.75,0.1,0.0,0.0
2007-09-19,0.0,0.6409691736515148,0.75,0.1,0.0,0.0
2007-09-20,0.0,0.6347268567551376,0.75,0.1,0.0,0.0
2007-09-21,0.0,0.6304816690123888,0.75,0.1,0.0,0.0
2007-09-24,0.0,0.6235687186857144,0.75,0.1,0.0,0.0
2007-09-25,0.0,0.621622422231185,0.75,0.1,0.0,0.0
2007-09-26,0.0,0.6039216371023238,0.75,0.1,0.0,0.0
2007-09-27,0.0,0.5559963500344662,0.75,0.1,0.0,0.0
2007-09-28,0.0,0.4893466536057095,0.75,0.1,0.0,0.0
2007-10-01,0.0,0.4303947409786385,0.75,0.1,0.0,0.0
2007-10-02,0.0,0.36909791572841105,0.75,0.09849830757387047,0.0,0.0
2007-10-03,0.0,0.3629350719728448,0.75,0.09735255552805962,0.0,0.0
2007-10-04,0.0,0.3602334166427583,0.75,0.09687430543019718,0.0,0.0
2007-10-05,0.0,0.35784380665754045,0.75,0.09639612158903696,0.0,0.0
2007-10-08,0.0,0.35568997602175223,0.75,0.09591800396896724,0.0,0.0
2007-10-09,0.0,0.35682594366032333,0.7417193764754573,0.0959114800668892,0.0,0.0
2007-10-10,0.0,0.3585938521182506,0.7328181089720336,0.09593386387508435,0.0,0.0
2007-10-11,0.0,0.3594177802711821,0.7288997518398798,0.09616398211755854,0.0,0.0
2007-10-12,0.0,0.3602133421738949,0.7256929987364802,0.09639337497676066,0.0,0.0
2007-10-15,0.0,0.36301916078755625,0.7272964683081851,0.09688451116394929,0.0,0.0
2007-10-16,0.0,0.3655971402564699,0.7328181089720336,0.0950038312774129,0.0,0.0
2007-10-17,0.0,0.3675901076425462,0.7397615823255128,0.09545816649365693,0.0,0.0
2007-10-18,0.0,0.368986531726612,0.7467016272073337,0.09830231139719213,0.0,0.0
2007-10-19,0.0,0.3706616676044014,0.75,0.09616202577650756,0.0,0.0
2007-10-22,0.0,0.3705010381484293,0.75,0.09881310420349504,0.0,0.0
2007-10-23,0.0,0.3704649329051384,0.75,0.09880662966431866,0.0,0.0
2007-10-24,0.0,0.36990472567004073,0.75,0.09880351867410955,0.0,0.0
2007-10-25,0.0,0.3701648207462063,0.75,0.09879673347924992,0.0,0.0
2007-10-26,0.0,0.36964333150171186,0.75,0.09639027714363599,0.0,0.0
2007-10-29,0.0,0.36819906485671844,0.75,0.09846868224911208,0.0,0.0
2007-10-30,0.0,0.3673811215781614,0.75,0.09576414461165719,0.0,0.0
2007-10-31,0.0,0.3631024526235267,0.75,0.09751183777625995,0.0,0.0
2007-11-01,0.0,0.3584238151545923,0.7424312341548167,0.0945245991490786,0.0,0.0
2007-11-02,0.0,0.35402895277994223,0.7331742684945728,0.09624085950252256,0.0,0.0
2007-11-05,0.0,0.34915723526645015,0.7267619991444572,0.09328537849383266,0.0,0.0
2007-11-06,0.0,0.34701150226455174,0.7292560118499868,0.09559894949356543,0.0,0.0
2007-11-07,0.0,0.3448071195253973,0.7285434826649526,0.09296661330860216,0.0,0.0
2007-11-08,0.0,0.315661178768489,0.7321057625900399,0.09527153432674701,0.0,0.0
2007-11-09,0.0,0.2647468921511243,0.731749575720787,0.09495071544488924,0.0,0.0
2007-11-12,0.0,0.2223522728306108,0.7306809603411051,0.09447280578440705,0.0,0.0
2007-11-13,0.0,0.24364225128877218,0.7228419253923631,0.0938378375961493,0.0,0.0
2007-11-14,0.0,0.2722896724430711,0.711431686126794,0.09288872885280877,0.0,0.0
2007-11-15,0.0,0.2609853872653136,0.7060798283825156,0.09246342939416989,0.0,0.0
2007-11-16,0.0,0.2668959365923136,0.7007258347451959,0.092038189142362,0.0,0.0
2007-11-19,0.0,0.28149903089710426,0.701975291916669,0.09192717209233826,0.0,0.0
2007-11-20,0.0,0.2561353871736927,0.717801556247487,0.09311327820054655,0.0,0.0
2007-11-21,0.0,0.3555675711105609,0.75,0.1,0.0,0.0
2007-11-23,0.0,0.4108703639794267,0.75,0.1,0.0,0.0
2007-11-26,0.0,0.45062628136798477,0.75,0.1,0.0,0.0
2007-11-27,0.0,0.37783629616239073,0.75,0.1,0.0,0.0
2007-11-28,0.0,0.38021364601908625,0.75,0.1,0.0,0.0
2007-11-29,0.0,0.3158693156940413,0.46883382180029903,0.08570924772912226,0.0,0.0
2007-11-30,0.0,0.3349817838408439,0.48552188245102373,0.08729211343881259,0.0,0.0
2007-12-03,0.0,0.3252197991845922,0.43341305336812463,0.07714895169058791,0.0,0.0
2007-12-04,0.0,0.3445700298452706,0.4082727902791405,0.07420199850375138,0.0,0.0
2007-12-05,0.0,0.35409808355709427,0.41126844401550244,0.07156926212376111,0.0,0.0
2007-12-06,0.0,0.30599226279497754,0.37639456609651156,0.06716852861371235,0.0,0.0
2007-12-07,0.0,0.3194136594709198,0.3559257968380265,0.06699866193220229,0.0,0.0
2007-12-10,0.0,0.34466468386055965,0.3966769799809974,0.07263971470949827,0.0,0.0
2007-12-11,0.0,0.3678722543659709,0.4331218838835438,0.07824137920442206,0.0,0.0
2007-12-12,0.0,0.3997370249239337,0.45713107679201587,0.08161318336611062,0.0,0.0
2007-12-13,0.0,0.39363982332538255,0.43699704914427373,0.08158726695248689,0.0,0.0
2007-12-14,0.0,0.45191343255069166,0.5219446939387471,0.09209275592737891,0.0,0.0
2007-12-17,0.0,0.4167120293145015,0.46943116213731184,0.08439463070348244,0.0,0.0
2007-12-18,0.0,0.3484370810926519,0.4147762491145173,0.07737126547552871,0.0,0.0
2007-12-19,0.0,0.36054514449214403,0.42305097446138495,0.07622803300229858,0.0,0.0
2007-12-20,0.0,0.3485142380641992,0.44963152459177536,0.07634492064047363,0.0,0.0
2007-12-21,0.0,0.38699048874042535,0.4398149283500423,0.07515261108400458,0.0,0.0
2007-12-24,0.0,0.3435586629108251,0.42716190591256464,0.07945863404450529,0.0,0.0
2007-12-26,0.0,0.3266314801944587,0.414103884012959,0.08146308353096735,0.0,0.0
2007-12-27,0.0,0.37277688484745164,0.4450037682021483,0.09647401096247939,0.0,0.0
2007-12-28,0.0,0.5016054693556155,0.5884896655713951,0.1,0.0,0.0
2007-12-31,0.0,0.5475503973735424,0.6258617893425379,0.1,0.0,0.0
2008-01-02,0.0,0.5369524999286324,0.75,0.1,0.0,0.0
2008-01-03,0.0,0.5181660778305148,0.75,0.1,0.0,0.0
2008-01-04,0.0,0.5258242543304701,0.75,0.1,0.0,0.0
2008-01-07,0.0,0.3853279292179326,0.75,0.1,0.0,0.0
2008-01-08,0.0,0.36387564776059284,0.75,0.1,0.0,0.0
2008-01-09,0.0,0.3505232335343385,0.75,0.1,0.0,0.0
2008-01-10,0.0,0.3444210708229286,0.75,0.1,0.0,0.0
2008-01-11,0.0,0.311268542546416,0.7154606289104851,0.09299772240277303,0.0,0.0
2008-01-14,0.0,0.3184443273305024,0.6614179978637409,0.09086680204905484,0.0,0.0
2008-01-15,0.0,0.29376582914807203,0.5668204802822987,0.07921924481731342,0.0,0.0
2008-01-16,0.0,0.3208553740710871,0.5051463904015127,0.07197516251965909,0.0,0.0
2008-01-17,0.0,0.29103099581371794,0.39652587733723954,0.06260809475392408,0.0,0.0
2008-01-18,0.0,0.314502707760121,0.44588552690044286,0.06310020250683582,0.0,0.0
2008-01-22,0.0,0.33887513690324567,0.48816448423541886,0.06860975692332034,0.0,0.0
2008-01-23,0.0,0.3068778950360747,0.42281078539661804,0.06143211665558721,0.0,0.0
2008-01-24,0.0,0.27995667464058255,0.37262012003487244,0.05848815270718409,0.0,0.0
2008-01-25,0.0,0.2429813398493067,0.3625552000707802,0.05573481607634962,0.0,0.0
2008-01-28,0.0,0.23617065642916527,0.34624125195402633,0.05512114244156608,0.0,0.0
2008-01-29,0.0,0.20539648810650837,0.34682918240932836,0.05712550962269511,0.0,0.0
2008-01-30,0.0,0.1455412441837728,0.341828122291361,0.0544599279405336,0.0,0.0
2008-01-31,0.0,0.12079391448714272,0.3453305790389452,0.05370950390452822,0.0,0.0
2008-02-01,0.0,0.11495563634809,0.3559597004070912,0.05416025730429205,0.0,0.0
2008-02-04,0.0,0.15655131961176064,0.3783663898430816,0.05485962195652741,0.0,0.0
2008-02-05,0.0,0.12447889277036142,0.3034045968555488,0.056812899056699964,0.0,0.0
2008-02-06,0.0,0.15056757282172759,0.34752660033220706,0.07420736640597617,0.0,0.0
2008-02-07,0.0,0.18653226013087337,0.40527524472445375,0.07211914415258651,0.0,0.0
2008-02-08,0.0,0.1875059425083056,0.38687866859213216,0.06831773473719563,0.0,0.0
2008-02-11,0.0,0.17986816652738707,0.38077094789597166,0.06347678846045655,0.0,0.0
2008-02-12,0.0,0.24165156466589455,0.36480954447979314,0.05910831975769869,0.0,0.0
2008-02-13,0.0,0.2118420952976928,0.36915069702102193,0.06288281366511016,0.0,0.0
2008-02-14,0.0,0.24410043470035236,0.3637813000494901,0.06388263245797403,0.0,0.0
2008-02-15,0.0,0.2194051195068436,0.3907975449736099,0.06440010889778389,0.0,0.0
2008-02-19,0.0,0.1878419090772328,0.3906925637633975,0.07014268159489702,0.0,0.0
2008-02-20,0.0,0.16328855353892904,0.4672971048472904,0.062142227395515115,0.0,0.0
2008-02-21,0.0,0.12512856280608678,0.48793989596766396,0.06581051540859745,0.0,0.0
2008-02-22,0.0,0.08626488397134902,0.5096197411564386,0.0728264741906208,0.0,0.0
2008-02-25,0.0,0.10990781187494217,0.6139276934613008,0.08325417976086524,0.0,0.0
2008-02-26,0.0,0.13303647834292526,0.7135927740286189,0.08940194073036907,0.0,0.0
2008-02-27,0.0,0.20454314625914427,0.6765578302798398,0.08640208190567752,0.0,0.0
2008-02-28,0.0,0.2494512286740984,0.6333037234053234,0.1,0.0,0.0
2008-02-29,0.0,0.289471936326687,0.621454224793943,0.09648061080138899,0.0,0.0
2008-03-03,0.0,0.2529143345729517,0.6232174433545444,0.1,0.0,0.0
2008-03-04,0.0,0.19205168097218606,0.6365565100472137,0.09796072195819813,0.0,0.0
2008-03-05,0.0,0.13457757042221657,0.6580827958289576,0.09401363827356064,0.0,0.0
2008-03-06,0.0,0.08071161673222699,0.6502294495242297,0.0871480172377281,0.0,0.0
2008-03-07,0.0,0.0,0.75,0.1,0.0,0.0
2008-03-10,0.0,0.0,0.75,0.1,0.0,0.0
2008-03-11,0.0,0.0,0.75,0.1,0.0,0.0
2008-03-12,0.0,0.10256753203118472,0.75,0.1,0.0,0.0
2008-03-13,0.0,0.11936432823420123,0.75,0.1,0.0,0.0
2008-03-14,0.0,0.15673077935733742,0.75,0.1,0.0,0.0
2008-03-17,0.0,0.17144448607219673,0.75,0.09631567614349802,0.0,0.0
2008-03-18,0.0,0.14322159082305316,0.75,0.09577454003288641,0.0,0.0
2008-03-19,0.0,0.18371465365010795,0.75,0.08931605914811526,0.0,0.0
2008-03-20,0.0,0.15098623214585244,0.698709825749949,0.07976108767339014,0.0,0.0
2008-03-24,0.0,0.07251457743297655,0.14307102290992546,0.03413575868798779,0.0,0.0
2008-03-25,0.0,0.05389894365331766,0.11704959955026212,0.03019273966078873,0.0,0.0
2008-03-26,0.0,0.036454165711112804,0.09646053360251249,0.026731141639746547,0.0,0.0
2008-03-27,0.0,0.03502998681563537,0.09107134786072893,0.02509609596728374,0.0,0.0
2008-03-28,0.0,0.03362655663500403,0.08778519488290984,0.024318191147440025,0.0,0.0
2008-03-31,0.0,0.026834263347646586,0.08560154808513776,0.024393537373093566,0.0,0.0
2008-04-01,0.0,0.0,0.09513873450935016,0.02657785432241954,0.0,0.0
2008-04-02,0.0,0.0,0.08961855572243689,0.02599611191791667,0.0,0.0
2008-04-03,0.0,0.0,0.08934359597539002,0.02515119634571751,0.0,0.0
2008-04-04,0.0,0.0,0.08940179966457544,0.025425547383362487,0.0,0.0
2008-04-07,0.0,0.0,0.08950007336910756,0.02543321482091074,0.0,0.0
2008-04-08,0.0,0.02574556528468908,0.09151198716889507,0.025297026578134367,0.0,0.0
2008-04-09,0.0,0.037353959585003635,0.10247813049348262,0.027072062476312924,0.0,0.0
2008-04-10,0.0,0.044213468071397935,0.10391119807706171,0.026761789893464623,0.0,0.0
2008-04-11,0.0,0.05211518466043249,0.10121367633189172,0.026814212464711353,0.0,0.0
2008-04-14,0.0,0.051180571137870313,0.10456303049303026,0.02743358535245965,0.0,0.0
2008-04-15,0.0,0.047783737369927894,0.10345507321633654,0.026658133489303053,0.0,0.0
2008-04-16,0.0,0.0455102818904721,0.10883104466903007,0.027067661033559415,0.0,0.0
2008-04-17,0.0,0.04993392204168039,0.11152973766144368,0.02739892756293544,0.0,0.0
2008-04-18,0.0,0.06321070495267622,0.13619337297802742,0.029093679004253952,0.0,0.0
2008-04-21,0.0,0.08986785323456761,0.13592333893613115,0.028541950938652035,0.0,0.0
2008-04-22,0.0,0.07947176024202887,0.13808814795811655,0.029272704422940252,0.0,0.0
2008-04-23,0.0,0.18645818113391882,0.6295543882008313,0.06320548753447036,0.0,0.0
2008-04-24,0.0,0.12790016393462683,0.6253718770682318,0.06301926713772064,0.0,0.0
2008-04-25,0.0,0.169838133732148,0.6688595469643109,0.06543970579979244,0.0,0.0
2008-04-28,0.0,0.1225241365060584,0.6982314108330591,0.06766745965238545,0.0,0.0
2008-04-29,0.0,0.2400243835506611,0.6808234050449148,0.06745775690622777,0.0,0.0
2008-04-30,0.0,0.276557780689159,0.6704065923722312,0.06853692917354946,0.0,0.0
2008-05-01,0.0,0.21656237954507812,0.6309663446170278,0.06699498459332659,0.0,0.0
2008-05-02,0.0,0.293741234083966,0.6820205420922164,0.07213843042581852,0.0,0.0
2008-05-05,0.0,0.3430679134428088,0.6765911172528173,0.0701136680939304,0.0,0.0
2008-05-06,0.0,0.35808396904556866,0.6765911172528173,0.06901722057766316,0.0,0.0
2008-05-07,0.0,0.3141100271981009,0.6696270613747778,0.06840212332396288,0.0,0.0
2008-05-08,0.0,0.24486518046368969,0.6641564952410602,0.06791949584302698,0.0,0.0
2008-05-09,0.0,0.2530692360417455,0.6558684127191498,0.06718781017895738,0.0,0.0
2008-05-12,0.0,0.22525056056761694,0.6587479593751185,0.06744380614598512,0.0,0.0
2008-05-13,0.0,0.2968760754445439,0.6794691955418822,0.06975107343117555,0.0,0.0
2008-05-14,0.0,0.3174832716320317,0.6999960847831944,0.07158553188835347,0.0,0.0
2008-05-15,0.0,0.3527512902665663,0.7133063831922699,0.07277709277011327,0.0,0.0
2008-05-16,0.0,0.43789797983615797,0.7235405099305027,0.0736942304902865,0.0,0.0
2008-05-19,0.0,0.42543360938556446,0.7396130950364378,0.07462749710772286,0.0,0.0
2008-05-20,0.0,0.42327929670999637,0.75,0.07640575676411772,0.0,0.0
2008-05-21,0.0,0.35931952099793074,0.75,0.07902284200957571,0.0,0.0
2008-05-22,0.0,0.25387154179494603,0.75,0.08190279958144679,0.0,0.0
2008-05-23,0.0,0.32312234715674476,0.75,0.08246018963860571,0.0,0.0
2008-05-27,0.0,0.2791030043615558,0.75,0.0824603668963069,0.0,0.0
2008-05-28,0.0,0.3972563833617628,0.75,0.08246059026586518,0.0,0.0
2008-05-29,0.0,0.4095191650556013,0.75,0.08246059026586518,0.0,0.0
2008-05-30,0.0,0.4114226503513092,0.75,0.08091598940520756,0.0,0.0
2008-06-02,0.0,0.41239596979685306,0.75,0.07919164907158675,0.0,0.0
2008-06-03,0.0,0.34192778299486964,0.75,0.07610298338476643,0.0,0.0
2008-06-04,0.0,0.27457669625531556,0.75,0.07494972177923948,0.0,0.0
2008-06-05,0.0,0.3270290186374515,0.75,0.07457312600299405,0.0,0.0
2008-06-06,0.0,0.3189126622219611,0.75,0.07457312600299405,0.0,0.0
2008-06-09,0.0,0.20077487349937223,0.75,0.07404805783761303,0.0,0.0
2008-06-10,0.0,0.19277202124902101,0.75,0.07473037596892024,0.0,0.0
2008-06-11,0.0,0.18716450516713806,0.7460066468698233,0.07514895307718633,0.0,0.0
2008-06-12,0.0,0.1619922935226702,0.7153251957078895,0.07479135252209079,0.0,0.0
2008-06-13,0.0,0.15529672197058597,0.7173110574766056,0.07410416270199359,0.0,0.0
2008-06-16,0.0,0.1520396240543858,0.6638361192982398,0.07218589754543787,0.0,0.0
2008-06-17,0.0,0.1478881542141825,0.6843002899456176,0.07103363368287235,0.0,0.0
2008-06-18,0.0,0.13741471883723333,0.6840570956553116,0.07141916369288984,0.0,0.0
2008-06-19,0.0,0.15989329154675183,0.6769500005900935,0.07261759188471288,0.0,0.0
2008-06-20,0.0,0.16216413698611248,0.7009200143691801,0.073447193903884,0.0,0.0
2008-06-23,0.0,0.14495094104361597,0.7086087746606315,0.07490343593031266,0.0,0.0
2008-06-24,0.0,0.14495683193798364,0.7054500699747929,0.0750140103386201,0.0,0.0
2008-06-25,0.0,0.144962712439136,0.6845354402412204,0.0750140103386201,0.0,0.0
2008-06-26,0.0,0.14612012732675442,0.6842869476881538,0.07529219529005592,0.0,0.0
2008-06-27,0.0,0.14937065459033913,0.7038550005880821,0.07530943592985928,0.0,0.0
2008-06-30,0.0,0.14658622673244642,0.7071383598378784,0.07560243040636021,0.0,0.0
2008-07-01,0.0,0.13100560362525482,0.7145804230851401,0.07569992380455783,0.0,0.0
2008-07-02,0.0,0.11973496323665915,0.7285297951021479,0.07662703862221187,0.0,0.0
2008-07-03,0.0,0.12629977239604728,0.75,0.07830229305062648,0.0,0.0
2008-07-07,0.0,0.13597020801166207,0.75,0.08097410883601334,0.0,0.0
2008-07-08,0.0,0.13527298923031975,0.75,0.0849249076062372,0.0,0.0
2008-07-09,0.0,0.14745356015955985,0.75,0.08806177329163764,0.0,0.0
2008-07-10,0.0,0.1669075940017465,0.75,0.09182190888886138,0.0,0.0
2008-07-11,0.0,0.18680309272239204,0.75,0.0956910086098633,0.0,0.0
2008-07-14,0.0,0.172400738198609,0.75,0.0992491254601217,0.0,0.0
2008-07-15,0.0,0.15396303750897558,0.75,0.1,0.0,0.0
2008-07-16,0.0,0.12557291143288593,0.75,0.1,0.0,0.0
2008-07-17,0.0,0.1105231692667492,0.75,0.1,0.0,0.0
2008-07-18,0.0,0.0,0.75,0.1,0.0,0.0
2008-07-21,0.0,0.0,0.75,0.1,0.0,0.0
2008-07-22,0.0,0.0,0.75,0.1,0.0,0.0
2008-07-23,0.0,0.0,0.75,0.1,0.0,0.0
2008-07-24,0.0,0.0,0.4156792333008978,0.03501769496174779,0.0,0.0
2008-07-25,0.0,0.0,0.4076662004688393,0.03496467757860018,0.0,0.0
2008-07-28,0.0,0.0,0.43576138999900305,0.03647071499975748,0.0,0.0
2008-07-29,0.0,0.0,0.43976831017825185,0.05625834220625054,0.0,0.0
2008-07-30,0.0,0.0,0.44605465390688626,0.057461048304137424,0.0,0.0
2008-07-31,0.0,0.0,0.44446817372708475,0.061379099085714144,0.0,0.0
2008-08-01,0.0,0.0,0.476513356482076,0.06319384792614961,0.0,0.0
2008-08-04,0.0,0.0,0.4848140255683228,0.06302267074284928,0.0,0.0
2008-08-05,0.0,0.0,0.46840018020624397,0.06520033927574448,0.0,0.0
2008-08-06,0.0,0.0,0.3357510661268628,0.06548200315737313,0.0,0.0
2008-08-07,0.0,0.0,0.36134864324896004,0.06711754831090314,0.0,0.0
2008-08-08,0.0,0.0,0.3548569329577944,0.0670074383283433,0.0,0.0
2008-08-11,0.0,0.0,0.2963189108743459,0.055917295798217595,0.0,0.0
2008-08-12,0.0,0.0,0.3119928033980966,0.05803023816175359,0.0,0.0
2008-08-13,0.0,0.04496823982752376,0.19277473361466338,0.04794424748782081,0.0,0.0
2008-08-14,0.0,0.07815406870489965,0.184646584320958,0.05088613474265431,0.0,0.0
2008-08-15,0.0,0.08885608109025883,0.22579979848873252,0.05892518651842068,0.0,0.0
2008-08-18,0.0,0.07159307312763577,0.1766439289389009,0.05796374637780699,0.0,0.0
2008-08-19,0.0,0.08036718121237754,0.15456953077561833,0.05723723715702841,0.0,0.0
2008-08-20,0.0,0.07827786241529221,0.13771426064373687,0.05556047544428713,0.0,0.0
2008-08-21,0.0,0.07823619251525323,0.11939973172688895,0.05610298984504152,0.0,0.0
2008-08-22,0.0,0.07366942125800986,0.09681905566517565,0.04937068723858508,0.0,0.0
2008-08-25,0.0,0.1622542851854653,0.15560687788022298,0.0743809578578586,0.0,0.0
2008-08-26,0.0,0.1951571767906082,0.18387318108692777,0.07431138848267868,0.0,0.0
2008-08-27,0.0,0.23982286079404533,0.16996466339165817,0.07599130555549469,0.0,0.0
2008-08-28,0.0,0.28271195551905925,0.19166493861437256,0.07409826179710623,0.0,0.0
2008-08-29,0.0,0.32842254877387883,0.19366982464137375,0.07632625703491057,0.0,0.0
2008-09-02,0.0,0.32560118053386106,0.21149864667377835,0.07550374303747275,0.0,0.0
2008-09-03,0.0,0.25936599896125223,0.1808279813130113,0.06849181729991831,0.0,0.0
2008-09-04,0.0,0.2532965968018851,0.18457813252035213,0.06985912597289338,0.0,0.0
2008-09-05,0.0,0.2477302280488529,0.18773829006724213,0.06887592688309699,0.0,0.0
2008-09-08,0.0,0.2162535780474162,0.1670941475373575,0.06709043112905069,0.0,0.0
2008-09-09,0.0,0.134788005396736,0.10668923846605236,0.05527235006644583,0.0,0.0
2008-09-10,0.0,0.05877205869058865,0.04093460669056394,0.0336399416938318,0.0,0.0
2008-09-11,0.0,0.0,0.028321409501593772,0.028157002635700003,0.0,0.0
2008-09-12,0.0,0.0,0.028342786499485982,0.022536012202096983,0.0,0.0
2008-09-15,0.0,0.0,0.0,0.02510821718945488,0.0,0.0
2008-09-16,0.0,0.0,0.0,0.0,0.0,0.0
2008-09-17,0.0,0.0,0.0,0.0,0.0,0.0
2008-09-18,0.0,0.0,0.0,0.0,0.0,0.0
2008-09-19,0.0,0.0,0.39118940813473607,0.0,0.0,0.0
2008-09-22,0.0,0.0,0.0,0.04017322156855794,0.0,0.0
2008-09-23,0.0,0.0,0.0,0.0323142188473117,0.0,0.0
2008-09-24,0.0,0.0,0.0,0.0,0.0,0.0
2008-09-25,0.0,0.0,0.0,0.0,0.0,0.0
2008-09-26,0.0,0.0,0.0,0.0,0.0,0.0
2008-09-29,0.0,0.0,0.0,0.0,0.0,0.0
2008-09-30,0.0,0.0,0.16480499936341836,0.0,0.0,0.0
2008-10-01,0.0,0.0,0.2198016568804073,0.0,0.0,0.0
2008-10-02,0.0,0.0,0.11156841818134769,0.0,0.0,0.0
2008-10-03,0.0,0.0,0.21901999575529507,0.0,0.0,0.0
2008-10-06,0.0,0.0,0.0,0.0,0.0,0.0
2008-10-07,0.0,0.0,0.0,0.0,0.0,0.0
2008-10-08,0.0,0.0,0.4193630598865018,0.0,0.0,0.0
2008-10-09,0.0,0.0,0.49935624238284737,0.0,0.0,0.0
2008-10-10,0.0,0.0,0.34968504653504506,0.0,0.0,0.0
2008-10-13,0.0,0.0,0.48577222959742145,0.0,0.0,0.0
2008-10-14,0.0,0.0,0.19306085920575683,0.0,0.0,0.0
2008-10-15,0.0,0.0,0.08122044757845477,0.0,0.0,0.0
2008-10-16,0.0,0.0,0.0,0.0,0.0,0.0
2008-10-17,0.0,0.0,0.0,0.0,0.0,0.0
2008-10-20,0.0,0.0,0.0,0.0,0.0,0.0
2008-10-21,0.0,0.0,0.0731399759119836,0.0,0.0,0.0
2008-10-22,0.0,0.0,0.07875817977025656,0.0,0.0,0.0
2008-10-23,0.0,0.0,0.08361021828448524,0.0,0.0,0.0
2008-10-24,0.0,0.0,0.08844747343992403,0.0,0.0,0.0
2008-10-27,0.0,0.0,0.09401171200164284,0.0,0.0,0.0
2008-10-28,0.0,0.0,0.09327083727762785,0.0,0.0,0.0
2008-10-29,0.0,0.0,0.0925296526856902,0.0,0.0,0.0
2008-10-30,0.0,0.0,0.09178815548121831,0.0,0.0,0.0
2008-10-31,0.0,0.0,0.09178815548121831,0.0,0.0,0.0
2008-11-03,0.0,0.0,0.09178815548121831,0.0,0.0,0.0
2008-11-04,0.0,0.0,0.09104634287173383,0.0,0.0,0.0
2008-11-05,0.0,0.0,0.09104634287173383,0.0,0.0,0.0
2008-11-06,0.0,0.0,0.09104634287173383,0.0,0.0,0.0
2008-11-07,0.0,0.0,0.09104634287173383,0.0,0.0,0.0
2008-11-10,0.0,0.0,0.0,0.0,0.0,0.0
2008-11-11,0.0,0.0,0.0,0.0,0.0,0.0
2008-11-12,0.0,0.0,0.0,0.0,0.0,0.0
2008-11-13,0.0,0.0,0.0,0.0,0.0,0.0
2008-11-14,0.0,0.0,0.0,0.0,0.0,0.0
2008-11-17,0.0,0.0,0.0,0.0,0.0,0.0
2008-11-18,0.0,0.0,0.0,0.0,0.0,0.0
2008-11-19,0.0,0.0,0.0,0.0,0.0,0.0
2008-11-20,0.0,0.0,0.0,0.0,0.0,0.0
2008-11-21,0.0,0.0,0.0,0.0,0.0,0.0
2008-11-24,0.0,0.0,0.0,0.0,0.0,0.0
2008-11-25,0.0,0.0,0.0,0.0,0.0,0.0
2008-11-26,0.0,0.0,0.0,0.0,0.0,0.0
2008-11-28,0.0,0.0,0.0,0.0,0.0,0.0
2008-12-01,0.0,0.0,0.0,0.0,0.0,0.0
2008-12-02,0.0,0.0,0.0,0.0,0.0,0.0
2008-12-03,0.0,0.0,0.0,0.0,0.0,0.0
2008-12-04,0.0,0.0,0.0,0.0,0.0,0.0
2008-12-05,0.0,0.0,0.08354268780407482,0.0,0.0,0.0
2008-12-08,0.0,0.0,0.12664941079949815,0.0,0.0,0.0
2008-12-09,0.0,0.0,0.1452962688944564,0.0,0.0,0.0
2008-12-10,0.0,0.0,0.15324836178381024,0.0,0.0,0.0
2008-12-11,0.0,0.0,0.2031521483368795,0.0,0.0,0.0
2008-12-12,0.0,0.0,0.23691610039359823,0.0,0.0,0.0
2008-12-15,0.0,0.0,0.2806938891647769,0.0,0.0,0.0
2008-12-16,0.0,0.0,0.3470010108455775,0.0,0.0,0.0
2008-12-17,0.0,0.0,0.4281124612837965,0.0,0.0,0.0
2008-12-18,0.0,0.0,0.498358904788121,0.0,0.0,0.0
2008-12-19,0.0,0.0,0.6646324330860652,0.0,0.0,0.0
2008-12-22,0.0,0.0,0.4234299049155609,0.0,0.0,0.0
2008-12-23,0.0,0.0,0.43319811863053037,0.0,0.0,0.0
2008-12-24,0.0,0.0,0.4406083431564817,0.0,0.0,0.0
2008-12-26,0.0,0.0,0.35581080464953646,0.0,0.0,0.0
2008-12-29,0.0,0.0,0.34060008563842914,0.0,0.0,0.0
2008-12-30,0.0,0.0,0.5239776745180408,0.0,0.0,0.0
2008-12-31,0.0,0.0,0.38514045545524406,0.0,0.0,0.0
2009-01-02,0.0,0.0,0.34387670332937154,0.0,0.0,0.0
2009-01-05,0.0,0.0,0.361301441240881,0.0,0.0,0.0
2009-01-06,0.0,0.0,0.37689692116086043,0.0,0.0,0.0
2009-01-07,0.0,0.0,0.3877092900714532,0.0,0.0,0.0
2009-01-08,0.0,0.0,0.44981853641929653,0.0,0.0,0.0
2009-01-09,0.0,0.0,0.3940011949561595,0.0,0.0,0.0
2009-01-12,0.0,0.0,0.47058798294161097,0.0,0.0,0.0
2009-01-13,0.0,0.0,0.5419497599490392,0.0,0.0,0.0
2009-01-14,0.0,0.0,0.37468366268407105,0.0,0.0,0.0
2009-01-15,0.0,0.0,0.361301441240881,0.0,0.0,0.0
2009-01-16,0.0,0.0,0.3478930748170802,0.0,0.0,0.0
2009-01-20,0.0,0.0,0.33919220068035394,0.0,0.0,0.0
2009-01-21,0.0,0.0,0.4102550495336587,0.0,0.0,0.0
2009-01-22,0.0,0.0,0.5159577916353579,0.0,0.0,0.0
2009-01-23,0.0,0.0,0.3260232118123933,0.0,0.0,0.0
2009-01-26,0.0,0.0,0.5040509053599329,0.0,0.0,0.0
2009-01-27,0.0,0.0,0.6477343941860526,0.0,0.0,0.0
2009-01-28,0.0,0.0,0.520873160106501,0.0,0.0,0.0
2009-01-29,0.0,0.0,0.49701678268150895,0.0,0.0,0.0
2009-01-30,0.0,0.0,0.41863631262355727,0.0,0.0,0.0
2009-02-02,0.0,0.0,0.5900181045348777,0.0,0.0,0.0
2009-02-03,0.0,0.0,0.6269441543410458,0.0,0.0,0.0
2009-02-04,0.0,0.0,0.5453505101614541,0.0,0.0,0.0
2009-02-05,0.0,0.0,0.48711436158653915,0.0,0.0,0.0
2009-02-06,0.0,0.0,0.6123842521052695,0.0,0.0,0.0
2009-02-09,0.0,0.0,0.6128711977249153,0.0,0.0,0.0
2009-02-10,0.0,0.0,0.5055757381900552,0.0,0.0,0.0
2009-02-11,0.0,0.0,0.5391616845199473,0.0,0.0,0.0
2009-02-12,0.0,0.0,0.6502816695156752,0.0,0.0,0.0
2009-02-13,0.0,0.0,0.75,0.0,0.0,0.0
2009-02-17,0.0,0.0,0.75,0.0,0.0,0.0
2009-02-18,0.0,0.0,0.75,0.0,0.0,0.0
2009-02-19,0.0,0.0,0.75,0.0,0.0,0.0
2009-02-20,0.0,0.0,0.75,0.0,0.0,0.0
2009-02-23,0.0,0.0,0.75,0.0,0.0,0.0
2009-02-24,0.0,0.0,0.75,0.0,0.0,0.0
2009-02-25,0.0,0.0,0.75,0.0,0.0,0.0
2009-02-26,0.0,0.0,0.75,0.0,0.0,0.0
2009-02-27,0.0,0.0,0.75,0.0,0.0,0.0
2009-03-02,0.0,0.0,0.75,0.0,0.0,0.0
2009-03-03,0.0,0.0,0.75,0.0,0.0,0.0
2009-03-04,0.0,0.0,0.75,0.0,0.0,0.0
2009-03-05,0.0,0.0,0.7118050254830154,0.0,0.0,0.0
2009-03-06,0.0,0.0,0.7135628974826371,0.0,0.0,0.0
2009-03-09,0.0,0.0,0.75,0.0,0.0,0.0
2009-03-10,0.0,0.0,0.75,0.0,0.0,0.0
2009-03-11,0.0,0.0,0.486766103534993,0.0,0.0,0.0
2009-03-12,0.0,0.0,0.40619366322957146,0.0,0.0,0.0
2009-03-13,0.0,0.0,0.5315212734656295,0.0,0.0,0.0
2009-03-16,0.0,0.0,0.5337951347494926,0.0,0.0,0.0
2009-03-17,0.0,0.0,0.4641729834625089,0.0,0.0,0.0
2009-03-18,0.0,0.0,0.3944061440221657,0.0,0.0,0.0
2009-03-19,0.0,0.0,0.3396351338323071,0.0,0.0,0.0
2009-03-20,0.0,0.0,0.409131516684405,0.0,0.0,0.0
2009-03-23,0.0,0.0,0.437646534177513,0.0,0.0,0.0
2009-03-24,0.0,0.0,0.3913881894647294,0.0,0.0,0.0
2009-03-25,0.0,0.0,0.33221543073876514,0.0,0.0,0.0
2009-03-26,0.0,0.0,0.26936248548030145,0.0,0.0,0.0
2009-03-27,0.0,0.0,0.30035069279648624,0.0,0.0,0.0
2009-03-30,0.0,0.0,0.2960509504116626,0.0,0.0,0.0
2009-03-31,0.0,0.0,0.27867744789921495,0.0,0.0,0.0
2009-04-01,0.0,0.0,0.27815331647793523,0.0,0.0,0.0
2009-04-02,0.0,0.0,0.3074994412254237,0.0,0.0,0.0
2009-04-03,0.0,0.0,0.33221544137297054,0.0,0.0,0.0
2009-04-06,0.0,0.0,0.39026458066284775,0.0,0.0,0.0
2009-04-07,0.0,0.0,0.42132975761257785,0.0,0.0,0.0
2009-04-08,0.0,0.0,0.4544807361420144,0.0,0.0,0.0
2009-04-09,0.0,0.0,0.4875048113035512,0.0,0.0,0.0
2009-04-13,0.0,0.0,0.520411467021013,0.0,0.0,0.0
2009-04-14,0.0,0.0,0.5532088944551325,0.0,0.0,0.0
2009-04-15,0.0,0.0,0.5626009835698527,0.0,0.0,0.0
2009-04-16,0.0,0.0,0.5641183584494054,0.0,0.0,0.0
2009-04-17,0.0,0.0,0.5641183584494054,0.0,0.0,0.0
2009-04-20,0.0,0.0,0.5313557069709763,0.0,0.0,0.0
2009-04-21,0.0,0.0,0.48970214449999205,0.0,0.0,0.0
2009-04-22,0.0,0.0,0.45721278982596325,0.0,0.0,0.0
2009-04-23,0.0,0.0,0.4168994640110524,0.0,0.0,0.0
2009-04-24,0.0,0.0,0.4555115321149568,0.0,0.0,0.0
2009-04-27,0.0,0.0,0.488407561392543,0.0,0.0,0.0
2009-04-28,0.0,0.0,0.508900859209204,0.0,0.0,0.0
2009-04-29,0.0,0.0,0.49685964410651096,0.0,0.0,0.0
2009-04-30,0.0,0.0,0.5050129316916544,0.0,0.0,0.0
2009-05-01,0.0,0.0,0.6123441298710233,0.0,0.0,0.0
2009-05-04,0.0,0.0,0.5840667043626485,0.0,0.0,0.0
2009-05-05,0.0,0.0,0.5915725074439634,0.0,0.0,0.0
2009-05-06,0.0,0.0,0.75,0.0,0.0,0.0
2009-05-07,0.0,0.0,0.75,0.0,0.0,0.0
2009-05-08,0.0,0.0,0.75,0.0,0.0,0.0
2009-05-11,0.0,0.0,0.75,0.0,0.0,0.0
2009-05-12,0.0,0.0,0.75,0.0,0.0,0.0
2009-05-13,0.0,0.0,0.75,0.0,0.0,0.0
2009-05-14,0.0,0.0,0.75,0.0,0.0,0.0
2009-05-15,0.0,0.0,0.75,0.0,0.0,0.0
2009-05-18,0.0,0.0,0.75,0.0,0.0,0.0
2009-05-19,0.0,0.0,0.75,0.0,0.0,0.0
2009-05-20,0.0,0.0,0.75,0.0,0.0,0.0
2009-05-21,0.0,0.0,0.75,0.0,0.0,0.0
2009-05-22,0.0,0.0,0.75,0.0,0.0,0.0
2009-05-26,0.0,0.0,0.75,0.0,0.0,0.0
2009-05-27,0.0,0.0,0.75,0.0,0.0,0.0
2009-05-28,0.0,0.0,0.75,0.0,0.0,0.0
2009-05-29,0.0,0.0,0.75,0.0,0.0,0.0
2009-06-01,0.0,0.0,0.75,0.0,0.0,0.0
2009-06-02,0.0,0.0,0.75,0.0,0.0,0.0
2009-06-03,0.0,0.0,0.75,0.0,0.0,0.0
2009-06-04,0.0,0.08854025441976739,0.75,0.0,0.0,0.0
2009-06-05,0.0,0.11290273679826963,0.75,0.036606995157396134,0.0,0.0
2009-06-08,0.0,0.21683592380401795,0.75,0.0,0.0,0.0
2009-06-09,0.0,0.12729236778774783,0.75,0.0,0.0,0.0
2009-06-10,0.0,0.12305401313048663,0.75,0.0,0.0,0.0
2009-06-11,0.0,0.1554072720252436,0.75,0.0,0.0,0.0
2009-06-12,0.0,0.1865109019779319,0.75,0.0,0.0,0.0
2009-06-15,0.0,0.16234050682521298,0.75,0.0,0.0,0.0
2009-06-16,0.0,0.1224299301444297,0.75,0.0,0.0,0.0
2009-06-17,0.0,0.10862968620083639,0.75,0.0,0.0,0.0
2009-06-18,0.0,0.4580910078070222,0.75,0.0,0.0,0.0
2009-06-19,0.0,0.1407163114341324,0.75,0.0,0.0,0.0
2009-06-22,0.0,0.29018286524209475,0.75,0.0,0.0,0.0
2009-06-23,0.0,0.2708593130551431,0.75,0.0,0.0,0.0
2009-06-24,0.0,0.26352490228347486,0.75,0.0,0.0,0.0
2009-06-25,0.0,0.5274460277335848,0.75,0.03124309383153038,0.0,0.0
2009-06-26,0.0,0.6002723330404915,0.75,0.031169793900683876,0.0,0.0
2009-06-29,0.0,0.5609242848145976,0.7425536589300666,0.029436561363639667,0.0,0.0
2009-06-30,0.0,0.5609608397810322,0.75,0.08334294726679953,0.0,0.0
2009-07-01,0.0,0.5507763522309319,0.7214939814594499,0.1,0.0,0.0
2009-07-02,0.0,0.3563272577840697,0.75,0.07701193166543648,0.0,0.0
2009-07-06,0.0,0.36677569621818107,0.75,0.04534398062947306,0.0,0.0
2009-07-07,0.0,0.48228081725205213,0.75,0.049851237557206975,0.0,0.0
2009-07-08,0.0,0.2423979962118589,0.75,0.06145357184517811,0.0,0.0
2009-07-09,0.0,0.31864856980377226,0.75,0.0,0.0,0.0
2009-07-10,0.0,0.2682848214304944,0.75,0.0,0.0,0.0
2009-07-13,0.0,0.37305909938811105,0.75,0.0,0.0,0.0
2009-07-14,0.0,0.5504278384028121,0.75,0.0,0.0,0.0
2009-07-15,0.0,0.6494465985973932,0.75,0.0,0.0,0.0
2009-07-16,0.0,0.75,0.75,0.08329749211286122,0.0,0.0
2009-07-17,0.0,0.6718353081353218,0.75,0.1,0.0,0.0
2009-07-20,0.0,0.5962823681645425,0.75,0.1,0.0,0.0
2009-07-21,0.0,0.5182179623125919,0.75,0.07217598999189771,0.0,0.0
2009-07-22,0.0,0.5150835178339178,0.75,0.1,0.0,0.0
2009-07-23,0.0,0.515453417302675,0.7445491472922686,0.1,0.0,0.0
2009-07-24,0.0,0.505843735219071,0.6915019602140232,0.1,0.0,0.0
2009-07-27,0.0,0.5247962126452729,0.6995995710651163,0.1,0.0,0.0
2009-07-28,0.0,0.5258305237549057,0.7409119462647806,0.1,0.0,0.0
2009-07-29,0.0,0.5249488704450846,0.75,0.1,0.0,0.0
2009-07-30,0.0,0.3590469204482278,0.5655423994560437,0.1,0.0,0.0
2009-07-31,0.0,0.3344976116266994,0.5609863889250039,0.1,0.0,0.0
2009-08-03,0.0,0.33521393455530274,0.5789050158476655,0.1,0.0,0.0
2009-08-04,0.0,0.2914340951021019,0.5111793684145917,0.08511635201841414,0.0,0.0
2009-08-05,0.0,0.299738732115535,0.5257130879821427,0.0931260988535427,0.0,0.0
2009-08-06,0.0,0.3336103143978776,0.5749212493152857,0.09186077937546663,0.0,0.0
2009-08-07,0.0,0.3316264705260626,0.5820628581491425,0.09856298376392013,0.0,0.0
2009-08-10,0.0,0.34971194275220324,0.6037531553095397,0.1,0.0,0.0
2009-08-11,0.0,0.3412918165513944,0.5843795160854087,0.1,0.0,0.0
2009-08-12,0.0,0.31418663567541655,0.5167904672395022,0.09480550016970736,0.0,0.0
2009-08-13,0.0,0.3193190828702719,0.4908800870806257,0.09400101962349176,0.0,0.0
2009-08-14,0.0,0.31564912130581235,0.46997539434946634,0.09378180947013083,0.0,0.0
2009-08-17,0.0,0.32901575487047624,0.4472022676329874,0.09818042351747884,0.0,0.0
2009-08-18,0.0,0.24685261576390388,0.3233697838730151,0.08506479857290417,0.0,0.0
2009-08-19,0.0,0.2711105524400979,0.27620033082343354,0.08182545070959385,0.0,0.0
2009-08-20,0.0,0.29155038104904063,0.27616736041299206,0.07967001326086094,0.0,0.0
2009-08-21,0.0,0.29532911488780267,0.3035269328943936,0.08392028247342584,0.0,0.0
2009-08-24,0.0,0.288904108457395,0.29903962654241273,0.0783885955232052,0.0,0.0
2009-08-25,0.0,0.32270828361954024,0.3223343115113914,0.08537209456018896,0.0,0.0
2009-08-26,0.0,0.3097294611503718,0.3138694167493092,0.09038986866533633,0.0,0.0
2009-08-27,0.0,0.3225485268452306,0.31534041664685164,0.09203027593738405,0.0,0.0
2009-08-28,0.0,0.31594100366503686,0.3132969438815871,0.09163897016757155,0.0,0.0
2009-08-31,0.0,0.42626811641050133,0.4226750442487297,0.1,0.0,0.0
2009-09-01,0.0,0.43050931303371665,0.42400679533886376,0.1,0.0,0.0
2009-09-02,0.0,0.40942299012020694,0.3903802340462669,0.1,0.0,0.0
2009-09-03,0.0,0.472846639535547,0.42641074949847296,0.1,0.0,0.0
2009-09-04,0.0,0.4668388493900436,0.48201666504911217,0.1,0.0,0.0
2009-09-08,0.0,0.4818017270870996,0.4871396943239858,0.1,0.0,0.0
2009-09-09,0.0,0.4343782208000513,0.4550470458981403,0.1,0.0,0.0
2009-09-10,0.0,0.4800639031682312,0.459619440786646,0.1,0.0,0.0
2009-09-11,0.0,0.4468893514802319,0.4710919630409758,0.1,0.0,0.0
2009-09-14,0.0,0.4721641592455395,0.4897974618858885,0.1,0.0,0.0
2009-09-15,0.0,0.45150358416550684,0.4955948631608946,0.1,0.0,0.0
2009-09-16,0.0,0.45150098904809005,0.49858884282318305,0.1,0.0,0.0
2009-09-17,0.0,0.4449465060325057,0.49303609890331146,0.1,0.0,0.0
2009-09-18,0.0,0.5441845530970487,0.5878369201239438,0.1,0.0,0.0
2009-09-21,0.0,0.5460966720779318,0.5844952705267987,0.1,0.0,0.0
2009-09-22,0.0,0.534450496702526,0.552631332799256,0.1,0.0,0.0
2009-09-23,0.0,0.5284649164450327,0.527783065250439,0.1,0.0,0.0
2009-09-24,0.0,0.5219585802499883,0.49553969694885613,0.1,0.0,0.0
2009-09-25,0.0,0.4978015744776087,0.4553456849867276,0.1,0.0,0.0
2009-09-28,0.0,0.5019633069115039,0.4426331438166678,0.1,0.0,0.0
2009-09-29,0.0,0.5132183779408105,0.43884792389024374,0.1,0.0,0.0
2009-09-30,0.0,0.5185556580588089,0.443304595170584,0.1,0.0,0.0
2009-10-01,0.0,0.4639139837174318,0.3963265917278044,0.1,0.0,0.0
2009-10-02,0.0,0.39653181257411096,0.4067453654706206,0.1,0.0,0.0
2009-10-05,0.0,0.4222146543123541,0.42492631939432607,0.1,0.0,0.0
2009-10-06,0.0,0.47751954088447823,0.41455544833779545,0.1,0.0,0.0
2009-10-07,0.0,0.4846858919544064,0.39698363078938137,0.1,0.0,0.0
2009-10-08,0.0,0.5037998310370817,0.3955430013062599,0.1,0.0,0.0
2009-10-09,0.0,0.5650354917381999,0.43214312537094335,0.1,0.0,0.0
2009-10-12,0.0,0.5679410590983459,0.4308388091693644,0.1,0.0,0.0
2009-10-13,0.0,0.5645149540464542,0.4322273585597084,0.1,0.0,0.0
2009-10-14,0.0,0.568874230127354,0.4437633932198391,0.1,0.0,0.0
2009-10-15,0.0,0.5505956725438932,0.4428845200282267,0.1,0.0,0.0
2009-10-16,0.0,0.5971076169072055,0.47051098211227194,0.08886276686428307,0.0,0.0
2009-10-19,0.0,0.7237902033103801,0.5894084479748714,0.0965821883527288,0.0,0.0
2009-10-20,0.0,0.75,0.649286345444867,0.095106704337159,0.0,0.0
2009-10-21,0.0,0.75,0.7222591938101898,0.1,0.0,0.0
2009-10-22,0.0,0.75,0.75,0.1,0.0,0.0
2009-10-23,0.0,0.75,0.75,0.1,0.0,0.0
2009-10-26,0.0,0.75,0.75,0.1,0.0,0.0
2009-10-27,0.0,0.75,0.75,0.1,0.0,0.0
2009-10-28,0.0,0.75,0.75,0.1,0.0,0.0
2009-10-29,0.0,0.6931859471815142,0.6866417702096446,0.07860025418964263,0.0,0.0
2009-10-30,0.0,0.75,0.6343936947435962,0.07246468316356328,0.0,0.0
2009-11-02,0.0,0.49349780480468136,0.6314459233405293,0.07731141979088865,0.0,0.0
2009-11-03,0.0,0.6357765138374872,0.6246582805303481,0.0846793285943616,0.0,0.0
2009-11-04,0.0,0.6408925122742478,0.61893846452375,0.09054774086523788,0.0,0.0
2009-11-05,0.0,0.5746207282607013,0.5388337826532532,0.0854936444733108,0.0,0.0
2009-11-06,0.0,0.6755215616006784,0.5374498817147808,0.09282155141839087,0.0,0.0
2009-11-09,0.0,0.6991716070094224,0.5286549302362203,0.09621958573839043,0.0,0.0
2009-11-10,0.0,0.5615968811029228,0.44099417058910034,0.07813695169127759,0.0,0.0
2009-11-11,0.0,0.5688114349619321,0.4329073323007348,0.07525744093152166,0.0,0.0
2009-11-12,0.0,0.5692941246408211,0.42987712311808435,0.07140467311926046,0.0,0.0
2009-11-13,0.0,0.5618026999496514,0.4217054525358401,0.06728600821906791,0.0,0.0
2009-11-16,0.0,0.5858479458327482,0.414268840914886,0.06811246552411156,0.0,0.0
2009-11-17,0.0,0.4994276091021038,0.3579538393204495,0.062357368424575205,0.0,0.0
2009-11-18,0.0,0.5004048891947103,0.3490106327970455,0.0649418495486411,0.0,0.0
2009-11-19,0.0,0.5162957072247484,0.3417556782655707,0.06795951045145945,0.0,0.0
2009-11-20,0.0,0.43038514443980197,0.29307115225450203,0.06318129482446463,0.0,0.0
2009-11-23,0.0,0.4211053528518379,0.2886039530762746,0.06312315873305632,0.0,0.0
2009-11-24,0.0,0.4042170131955599,0.2820790864607896,0.05831888977885578,0.0,0.0
2009-11-25,0.0,0.40002571096911044,0.2882133816968291,0.07029766197966995,0.0,0.0
2009-11-27,0.0,0.4047843653767216,0.29999876528278674,0.06896781097698632,0.0,0.0
2009-11-30,0.0,0.3705691159037193,0.34200112039866915,0.08402323246350235,0.0,0.0
2009-12-01,0.0,0.4493703468717552,0.4772645285941217,0.1,0.0,0.0
2009-12-02,0.0,0.43682059964456277,0.4965491638927983,0.1,0.0,0.0
2009-12-03,0.0,0.5499340974640494,0.6127443858973024,0.1,0.0,0.0
2009-12-04,0.0,0.5001288234326732,0.644510229335582,0.1,0.0,0.0
2009-12-07,0.0,0.45384035594950983,0.6692521182762361,0.1,0.0,0.0
2009-12-08,0.0,0.31404244668385206,0.3825669463441845,0.09526637105465499,0.0,0.0
2009-12-09,0.0,0.32662833299702787,0.3842208084711298,0.0961043905852531,0.0,0.0
2009-12-10,0.0,0.3157000037536294,0.35303617028564455,0.08565653487417764,0.0,0.0
2009-12-11,0.0,0.3693296188218959,0.4147911663379018,0.1,0.0,0.0
2009-12-14,0.0,0.36410046374944927,0.41019460326718304,0.09966601950139876,0.0,0.0
2009-12-15,0.0,0.363616699804752,0.4008910460335513,0.1,0.0,0.0
2009-12-16,0.0,0.3730885837096209,0.40430697836831836,0.1,0.0,0.0
2009-12-17,0.0,0.35054222630507864,0.36577389083168993,0.1,0.0,0.0
2009-12-18,0.0,0.38802296175892936,0.4148644889005183,0.1,0.0,0.0
2009-12-21,0.0,0.5422585076166481,0.3892072836369899,0.1,0.0,0.0
2009-12-22,0.0,0.629168050528295,0.3694486588224633,0.1,0.0,0.0
2009-12-23,0.0,0.6430685346763617,0.36859524215288003,0.1,0.0,0.0
2009-12-24,0.0,0.5248060686691701,0.3391953690150662,0.1,0.0,0.0
2009-12-28,0.0,0.4723574513041339,0.32136777430374974,0.1,0.0,0.0
2009-12-29,0.0,0.4826789736995136,0.3033488179684317,0.09410994197975033,0.0,0.0
2009-12-30,0.0,0.5116738624714896,0.3109445736479012,0.09406426850398537,0.0,0.0
2009-12-31,0.0,0.5152366461098425,0.31782459259979806,0.08808742675188842,0.0,0.0
2010-01-04,0.0,0.4759492273830204,0.29399375010228435,0.07862636063625417,0.0,0.0
2010-01-05,0.0,0.47868056754750354,0.3069518315990603,0.063212405101527,0.0,0.0
2010-01-06,0.0,0.4771535252024873,0.30961590487085955,0.06283230962131645,0.0,0.0
2010-01-07,0.0,0.48493012275541975,0.31146109891274193,0.062355850403854184,0.0,0.0
2010-01-08,0.0,0.48965494000701176,0.3147470299734775,0.06604149565477326,0.0,0.0
2010-01-11,0.0,0.6622154045767349,0.5062589021877861,0.09209500072470285,0.0,0.0
2010-01-12,0.0,0.667494054001825,0.44352661962104056,0.09129773588209893,0.0,0.0
2010-01-13,0.0,0.6959323333824792,0.4510044807874519,0.09771494905581751,0.0,0.0
2010-01-14,0.0,0.73857505067747,0.4342210709138188,0.1,0.0,0.0
2010-01-15,0.0,0.75,0.40786949579455245,0.1,0.0,0.0
2010-01-19,0.0,0.75,0.4054308305244037,0.1,0.0,0.0
2010-01-20,0.0,0.75,0.41511591671092346,0.1,0.0,0.0
2010-01-21,0.0,0.75,0.44446024860026273,0.1,0.0,0.0
2010-01-22,0.0,0.75,0.451328383195598,0.1,0.0,0.0
2010-01-25,0.0,0.5044861171534006,0.42040591959356577,0.09257819804773582,0.0,0.0
2010-01-26,0.0,0.6516283003839983,0.448652171192929,0.09196599567270221,0.0,0.0
2010-01-27,0.0,0.6454073685184593,0.4445628638288855,0.0890857691902496,0.0,0.0
2010-01-28,0.0,0.6425338518189768,0.47832373279500245,0.08699222629352622,0.0,0.0
2010-01-29,0.0,0.5353643182371561,0.49349923164805365,0.08937329754887588,0.0,0.0
2010-02-01,0.0,0.532314764442798,0.4856890583114972,0.0874060073320731,0.0,0.0
2010-02-02,0.0,0.519759970838708,0.4787382610020405,0.08566447462809747,0.0,0.0
2010-02-03,0.0,0.4412104505310878,0.43772911516196605,0.07384471585506328,0.0,0.0
2010-02-04,0.0,0.4370459196815023,0.4351854894347501,0.07400493831980624,0.0,0.0
2010-02-05,0.0,0.3915050439071933,0.3883980872431515,0.06577658029465207,0.0,0.0
2010-02-08,0.0,0.38309753787629963,0.29284774060728436,0.049572872610321436,0.0,0.0
2010-02-09,0.0,0.3707984615199563,0.28989301409547924,0.05291068777885666,0.0,0.0
2010-02-10,0.0,0.34377104153110527,0.25390004894447693,0.05828661970527855,0.0,0.0
2010-02-11,0.0,0.3823031310241867,0.25124066679735807,0.0544245158932892,0.0,0.0
2010-02-12,0.0,0.5226820942380049,0.2209273314542495,0.08306740559841079,0.0,0.0
2010-02-16,0.0,0.5030527410206054,0.20926897936815606,0.07070683836647867,0.0,0.0
2010-02-17,0.0,0.5015063839087693,0.2015554770601986,0.06945334755888909,0.0,0.0
2010-02-18,0.0,0.4768538717853554,0.18571265016483676,0.05677248149853943,0.0,0.0
2010-02-19,0.0,0.46468911466631463,0.18421752904428057,0.0683153861928148,0.0,0.0
2010-02-22,0.0,0.5210886815478358,0.19349909070874347,0.0707585792278337,0.0,0.0
2010-02-23,0.0,0.5322767029478516,0.23247753801133775,0.07264100958762072,0.0,0.0
2010-02-24,0.0,0.509491835397919,0.2369479236960947,0.08136054486326974,0.0,0.0
2010-02-25,0.0,0.6867961757594667,0.3158674882580091,0.1,0.0,0.0
2010-02-26,0.0,0.7198007485458331,0.3278590612597735,0.1,0.0,0.0
2010-03-01,0.0,0.7293635105643613,0.39256176265739207,0.09909547014426541,0.0,0.0
2010-03-02,0.0,0.7110270680987899,0.3950378860623765,0.09812589247854946,0.0,0.0
2010-03-03,0.0,0.75,0.4452650940825494,0.1,0.0,0.0
2010-03-04,0.0,0.75,0.4758283950030005,0.1,0.0,0.0
2010-03-05,0.0,0.75,0.5016396501926454,0.1,0.0,0.0
2010-03-08,0.0,0.5454850006555936,0.5375946139315085,0.1,0.0,0.0
2010-03-09,0.0,0.5526874030193706,0.5629169978584426,0.1,0.0,0.0
2010-03-10,0.0,0.6825191901607581,0.7265033684251622,0.1,0.0,0.0
2010-03-11,0.0,0.75,0.75,0.1,0.0,0.0
2010-03-12,0.0,0.75,0.75,0.1,0.0,0.0
2010-03-15,0.0,0.75,0.75,0.1,0.0,0.0
2010-03-16,0.0,0.75,0.75,0.1,0.0,0.0
2010-03-17,0.0,0.7415504045457412,0.75,0.1,0.0,0.0
2010-03-18,0.0,0.7281133955619223,0.75,0.1,0.0,0.0
2010-03-19,0.0,0.75,0.75,0.1,0.0,0.0
2010-03-22,0.0,0.75,0.75,0.1,0.0,0.0
2010-03-23,0.0,0.75,0.75,0.1,0.0,0.0
2010-03-24,0.0,0.75,0.75,0.1,0.0,0.0
2010-03-25,0.0,0.75,0.75,0.1,0.0,0.0
2010-03-26,0.0,0.75,0.75,0.1,0.0,0.0
2010-03-29,0.0,0.75,0.75,0.1,0.0,0.0
2010-03-30,0.0,0.75,0.75,0.1,0.0,0.0
2010-03-31,0.0,0.75,0.75,0.1,0.0,0.0
2010-04-01,0.0,0.75,0.75,0.1,0.0,0.0
2010-04-05,0.0,0.75,0.75,0.1,0.0,0.0
2010-04-06,0.0,0.75,0.75,0.08114953934823284,0.0,0.0
2010-04-07,0.0,0.75,0.75,0.08029753397398762,0.0,0.0
2010-04-08,0.0,0.75,0.75,0.09020978338859229,0.0,0.0
2010-04-09,0.0,0.75,0.75,0.08935494488741783,0.0,0.0
2010-04-12,0.0,0.75,0.75,0.08951390263777821,0.0,0.0
2010-04-13,0.0,0.75,0.75,0.09066324327851467,0.0,0.0
2010-04-14,0.0,0.75,0.75,0.09210980814908674,0.0,0.0
2010-04-15,0.0,0.75,0.75,0.08573616068354632,0.0,0.0
2010-04-16,0.0,0.75,0.75,0.0944870632870846,0.0,0.0
2010-04-19,0.0,0.75,0.75,0.0985828738381983,0.0,0.0
2010-04-20,0.0,0.75,0.6744355687113951,0.09710314797519123,0.0,0.0
2010-04-21,0.0,0.6968164230202831,0.5985927594286599,0.09497252343748921,0.0,0.0
2010-04-22,0.0,0.6730372280148817,0.5653446630362255,0.09880447432122977,0.0,0.0
2010-04-23,0.0,0.6309882134197068,0.5396970076553335,0.0994735867228392,0.0,0.0
2010-04-26,0.0,0.6342016066871533,0.5370650808543678,0.09805249813542681,0.0,0.0
2010-04-27,0.0,0.650968208695444,0.5397486733953739,0.09746147458835148,0.0,0.0
2010-04-28,0.0,0.6233200866367846,0.5424152735088276,0.09828930147695317,0.0,0.0
2010-04-29,0.0,0.6342709833544429,0.5450811838276539,0.096830182297117,0.0,0.0
2010-04-30,0.0,0.6158681833197397,0.547746408079732,0.09274421352963881,0.0,0.0
2010-05-03,0.0,0.5693898490058263,0.5490787640849857,0.08605623854292832,0.0,0.0
2010-05-04,0.0,0.5607519269398473,0.547746408079732,0.0844493688401588,0.0,0.0
2010-05-05,0.0,0.4600967487385191,0.5147011706529268,0.08524428838931852,0.0,0.0
2010-05-06,0.0,0.49047416708833735,0.5370273183646451,0.07920906610192688,0.0,0.0
2010-05-07,0.0,0.3713920948916548,0.5308962754388306,0.05692287547967666,0.0,0.0
2010-05-10,0.0,0.3542412388329876,0.5602200177395409,0.030201364000846685,0.0,0.0
2010-05-11,0.0,0.42543737871089593,0.5803561864734875,0.046729152065818506,0.0,0.0
2010-05-12,0.0,0.44636523589563,0.6466997240160464,0.030669815160808033,0.0,0.0
2010-05-13,0.0,0.5279800822958656,0.5988518516520597,0.028275646647791888,0.0,0.0
2010-05-14,0.0,0.402755896210964,0.6158649425148706,0.03391891056175477,0.0,0.0
2010-05-17,0.0,0.43416240462746336,0.7453678754155928,0.04087110821908311,0.0,0.0
2010-05-18,0.0,0.44396349135637775,0.75,0.03850282929934641,0.0,0.0
2010-05-19,0.0,0.4017917526761811,0.7308685859616769,0.03285108888441247,0.0,0.0
2010-05-20,0.0,0.4348997977862611,0.75,0.03148717022270273,0.0,0.0
2010-05-21,0.0,0.34450879248047284,0.6414164976370702,0.02356847429895217,0.0,0.0
2010-05-24,0.0,0.3273815946635649,0.6559522178132902,0.020716362128165928,0.0,0.0
2010-05-25,0.0,0.31723745188292624,0.6625681298282654,0.020850923239650557,0.0,0.0
2010-05-26,0.0,0.3008287643708997,0.6683501618192248,0.021777764778533305,0.0,0.0
2010-05-27,0.0,0.34728926878786937,0.6369811316393363,0.01852243925484566,0.0,0.0
2010-05-28,0.0,0.39385530489988957,0.6222470123441854,0.034312173836695166,0.0,0.0
2010-06-01,0.0,0.38825220170817604,0.6438496961378718,0.025755407424650233,0.0,0.0
2010-06-02,0.0,0.4030135324554183,0.6692273602821848,0.02712493872362107,0.0,0.0
2010-06-03,0.0,0.5535990848723363,0.626910478221531,0.024077808800168046,0.0,0.0
2010-06-04,0.0,0.54093042459921,0.6147635622763726,0.021694352940474698,0.0,0.0
2010-06-07,0.0,0.2767993621410189,0.5137116560546975,0.0,0.0,0.0
2010-06-08,0.0,0.24591406081818898,0.5267726506192452,0.0,0.0,0.0
2010-06-09,0.0,0.258754971563163,0.5389882748493429,0.0,0.0,0.0
2010-06-10,0.0,0.2550350344012087,0.5531035732234649,0.034803791632490755,0.0,0.0
2010-06-11,0.0,0.4359633125085965,0.5916126664972786,0.029121367732429307,0.0,0.0
2010-06-14,0.0,0.4685850024551304,0.6175908664656666,0.04005024259736168,0.0,0.0
2010-06-15,0.0,0.5202114648939121,0.7114605239332222,0.07862514257322947,0.0,0.0
2010-06-16,0.0,0.5790552302434488,0.676569664277717,0.08450433535793345,0.0,0.0
2010-06-17,0.0,0.5214723339121335,0.6486991088346576,0.08504413372375673,0.0,0.0
2010-06-18,0.0,0.4998002502602353,0.6423983845715433,0.03359435111854361,0.0,0.0
2010-06-21,0.0,0.6556630834644339,0.6806331140668201,0.03325917035471454,0.0,0.0
2010-06-22,0.0,0.6327895954055709,0.6903587750181764,0.0312984809286639,0.0,0.0
2010-06-23,0.0,0.75,0.75,0.040561512286316624,0.0,0.0
2010-06-24,0.0,0.75,0.75,0.042016083881095366,0.0,0.0
2010-06-25,0.0,0.5391913389810875,0.7440243021643766,0.04294246565242636,0.0,0.0
2010-06-28,0.0,0.45609145476797747,0.7353626670862733,0.1,0.0,0.0
2010-06-29,0.0,0.4732812496300508,0.7492605814560244,0.1,0.0,0.0
2010-06-30,0.0,0.16392777751682458,0.5824884494682208,0.08638823270071677,0.0,0.0
2010-07-01,0.0,0.15655680254844626,0.5770103403479383,0.07299475498174558,0.0,0.0
2010-07-02,0.0,0.1607640211492217,0.5672681592131977,0.04320464667662434,0.0,0.0
2010-07-06,0.0,0.1582670669786526,0.49003944150490636,0.028947489864968937,0.0,0.0
2010-07-07,0.0,0.1519753746277852,0.5130459756939421,0.02903032665674787,0.0,0.0
2010-07-08,0.0,0.21412016381514826,0.6047935474536896,0.034526476896471224,0.0,0.0
2010-07-09,0.0,0.20318383376329557,0.5995116684046145,0.03616919314423031,0.0,0.0
2010-07-12,0.0,0.2445816689718455,0.5789553434112968,0.048423352238788096,0.0,0.0
2010-07-13,0.0,0.27132584373523977,0.5979292615119771,0.02189832484099807,0.0,0.0
2010-07-14,0.0,0.21450152046668483,0.592841615029189,0.0,0.0,0.0
2010-07-15,0.0,0.14937415527963677,0.5884208421133601,0.0,0.0,0.0
2010-07-16,0.0,0.1590477635861097,0.5937259623495001,0.0,0.0,0.0
2010-07-19,0.0,0.08821073410324495,0.6324594925163411,0.0,0.0,0.0
2010-07-20,0.0,0.14770677837247206,0.6561473916816244,0.0,0.0,0.0
2010-07-21,0.0,0.14835432672828816,0.6516461728407745,0.0,0.0,0.0
2010-07-22,0.0,0.1628655634325846,0.6657309405841187,0.023871502688306637,0.0,0.0
2010-07-23,0.0,0.20414456402081418,0.6471794608401004,0.045392260987832146,0.0,0.0
2010-07-26,0.0,0.22905806262581485,0.7298588281472586,0.04547994997759107,0.0,0.0
2010-07-27,0.0,0.2452316093144192,0.6728305561752708,0.047639865066855976,0.0,0.0
2010-07-28,0.0,0.3310274952987268,0.7192301605588376,0.04152173964567265,0.0,0.0
2010-07-29,0.0,0.3041264664444665,0.6796398585475781,0.039190195792164935,0.0,0.0
2010-07-30,0.0,0.24429870364858633,0.6735976960818735,0.04167181191612569,0.0,0.0
2010-08-02,0.0,0.2968833419381538,0.7083888072937962,0.052290910569918955,0.0,0.0
2010-08-03,0.0,0.35068471029248294,0.6887680664424904,0.061278637939606834,0.0,0.0
2010-08-04,0.0,0.3702018247636755,0.6853286941322125,0.0633654845818755,0.0,0.0
2010-08-05,0.0,0.3844224659167588,0.7240154659062287,0.06200566484847569,0.0,0.0
2010-08-06,0.0,0.37369154487277106,0.678084122114546,0.059732456743658534,0.0,0.0
2010-08-09,0.0,0.3532090371236454,0.7088835692174993,0.04816936096817977,0.0,0.0
2010-08-10,0.0,0.3782399680556943,0.6742868699079552,0.050430284115567464,0.0,0.0
2010-08-11,0.0,0.3936971742913146,0.6783261690045983,0.05404068585674732,0.0,0.0
2010-08-12,0.0,0.29901706896315355,0.6710780505134232,0.04861575761431812,0.0,0.0
2010-08-13,0.0,0.21641536590686722,0.6424496023717123,0.029132161397466123,0.0,0.0
2010-08-16,0.0,0.19717437710028404,0.6878955821037763,0.035903491860460886,0.0,0.0
2010-08-17,0.0,0.17979230849710587,0.75,0.027634462740710717,0.0,0.0
2010-08-18,0.0,0.2741359874498011,0.75,0.035289422970474264,0.0,0.0
2010-08-19,0.0,0.28079918832255557,0.75,0.02888120062737003,0.0,0.0
2010-08-20,0.0,0.14706776874927285,0.75,0.027104012200315088,0.0,0.0
2010-08-23,0.0,0.16870707022798515,0.75,0.027282535483003773,0.0,0.0
2010-08-24,0.0,0.097948122811227,0.75,0.027330346399952667,0.0,0.0
2010-08-25,0.0,0.07574991419365888,0.75,0.0274427271151708,0.0,0.0
2010-08-26,0.0,0.07195384944010483,0.75,0.025896762216418744,0.0,0.0
2010-08-27,0.0,0.07516249345744741,0.75,0.031567340326402675,0.0,0.0
2010-08-30,0.0,0.08869365902778799,0.75,0.04769769163536418,0.0,0.0
2010-08-31,0.0,0.10439091945860676,0.75,0.04542980193722033,0.0,0.0
2010-09-01,0.0,0.11708681301404983,0.75,0.034219104721358765,0.0,0.0
2010-09-02,0.0,0.15318374817721472,0.75,0.04234119468532354,0.0,0.0
2010-09-03,0.0,0.21522744207341288,0.75,0.04115488885292902,0.0,0.0
2010-09-07,0.0,0.24671215717660733,0.75,0.03263992434874387,0.0,0.0
2010-09-08,0.0,0.26092614680267096,0.75,0.029180782831640183,0.0,0.0
2010-09-09,0.0,0.2619745818007596,0.75,0.024830789705088587,0.0,0.0
2010-09-10,0.0,0.2521548075686989,0.75,0.0,0.0,0.0
2010-09-13,0.0,0.26350520603071836,0.75,0.0,0.0,0.0
2010-09-14,0.0,0.323628731289362,0.75,0.0,0.0,0.0
2010-09-15,0.0,0.31651920045199067,0.75,0.0,0.0,0.0
2010-09-16,0.0,0.31747649881439877,0.75,0.0,0.0,0.0
2010-09-17,0.0,0.3298845607748082,0.75,0.0,0.0,0.0
2010-09-20,0.0,0.33767937274847915,0.75,0.0,0.0,0.0
2010-09-21,0.0,0.3985793086866448,0.75,0.0,0.0,0.0
2010-09-22,0.0,0.4073956733488839,0.75,0.0,0.0,0.0
2010-09-23,0.0,0.41276153969206486,0.75,0.0,0.0,0.0
2010-09-24,0.0,0.43681952834505106,0.75,0.024653713052121197,0.0,0.0
2010-09-27,0.0,0.4592021568290251,0.75,0.0,0.0,0.0
2010-09-28,0.0,0.47148256409578465,0.75,0.0,0.0,0.0
2010-09-29,0.0,0.4800484910609556,0.75,0.0,0.0,0.0
2010-09-30,0.0,0.4874964609927102,0.75,0.0,0.0,0.0
2010-10-01,0.0,0.4972925128151797,0.75,0.03293757693218174,0.0,0.0
2010-10-04,0.0,0.5035553562099798,0.75,0.045515435846577454,0.0,0.0
2010-10-05,0.0,0.4745015638145283,0.75,0.04990025114592892,0.0,0.0
2010-10-06,0.0,0.49028318944047594,0.75,0.052239123102305135,0.0,0.0
2010-10-07,0.0,0.49029259896859606,0.75,0.05341573225826325,0.0,0.0
2010-10-08,0.0,0.4999691081501181,0.75,0.0556794265672241,0.0,0.0
2010-10-11,0.0,0.48749880959192443,0.75,0.0571013678496152,0.0,0.20614796986949488
2010-10-12,0.0,0.4905649416343242,0.75,0.05957336657348373,0.0,0.21589551475606314
2010-10-13,0.0,0.48287445605844603,0.75,0.06202082972062059,0.0,0.22561994318724898
2010-10-14,0.0,0.4255828257751064,0.75,0.05600117456720962,0.0,0.20880007089976463
2010-10-15,0.0,0.43079996275793203,0.75,0.058304437926377795,0.0,0.21206669923605928
2010-10-18,0.0,0.42978285441621417,0.75,0.06211549377254645,0.0,0.21733472890493385
2010-10-19,0.0,0.3888674558376832,0.75,0.05458993551783873,0.0,0.1938213250870507
2010-10-20,0.0,0.3541023418172696,0.75,0.0431440387529494,0.0,0.17289817875161537
2010-10-21,0.0,0.34422759383709717,0.75,0.0459831168030768,0.0,0.16548119943843814
2010-10-22,0.0,0.3403421840675989,0.7465340225028935,0.04532172631539972,0.0,0.1620179408430515
2010-10-25,0.0,0.3304592396288397,0.6805277403665484,0.04318228506738052,0.0,0.15509482787412646
2010-10-26,0.0,0.21380144257099656,0.4017362834729503,0.026952345055820913,0.0,0.09824485316968744
2010-10-27,0.0,0.21499689526566462,0.3850983260330765,0.027232369332459178,0.0,0.09130750695120297
2010-10-28,0.0,0.19723783902754008,0.3395709674170115,0.025493138883118296,0.0,0.06608438456703278
2010-10-29,0.0,0.19351181568400252,0.3306640548602316,0.02551725024142269,0.0,0.061799450649375
2010-11-01,0.0,0.19673435963699665,0.33000706545800135,0.026543551407968168,0.0,0.060909094833468465
2010-11-02,0.0,0.1957274217770987,0.3162192745925543,0.026921876138160078,0.0,0.06103186904189885
2010-11-03,0.0,0.19261469506638992,0.3119640030969732,0.02718732963722028,0.0,0.060859939434646265
2010-11-04,0.0,0.19429648725944856,0.31380515257042885,0.02695771397627381,0.0,0.06137554431387758
2010-11-05,0.0,0.18168246927207088,0.29496834426029633,0.02903437388180314,0.0,0.054209340944999476
2010-11-08,0.0,0.17577698395531255,0.28632728018889375,0.029369863096052582,0.0,0.05102516007262251
2010-11-09,0.0,0.16741436087888223,0.28368742458091467,0.02827770811838231,0.0,0.04749723696643511
2010-11-10,0.0,0.180465875180357,0.32768715714130897,0.031495262246962134,0.0,0.04268275594569871
2010-11-11,0.0,0.18713299937881245,0.3491255219756677,0.03167395774682421,0.0,0.04238341072228958
2010-11-12,0.0,0.18458585073990405,0.3506186946695238,0.031534338159016406,0.0,0.029572366245852074
2010-11-15,0.0,0.19884491259739362,0.3694484638338289,0.03426049034669969,0.0,0.03185703901912939
2010-11-16,0.0,0.19077824236951926,0.36369085405391227,0.03163627781044107,0.0,0.030999412539897922
2010-11-17,0.0,0.14791635953842783,0.3260302605516591,0.022386467577015397,0.0,0.02281325971240407
2010-11-18,0.0,0.15022542030527605,0.31160610679811046,0.017293491587114424,0.0,0.024439807263862644
2010-11-19,0.0,0.18479366217131088,0.3269398740585492,0.023036880136055725,0.0,0.026011894322683218
2010-11-22,0.0,0.19185583072171553,0.3637008599417765,0.018992016356834087,0.0,0.026792245860963966
2010-11-23,0.0,0.19469309611790891,0.37052919448279853,0.021467249249155284,0.0,0.024642772434160347
2010-11-24,0.0,0.16936173373623417,0.3778080144087927,0.017583786757388073,0.0,0.028841536072974717
2010-11-26,0.0,0.2712739835557437,0.5091127834107215,0.032355226096273226,0.0,0.04295712740189882
2010-11-29,0.0,0.2642180983345617,0.49993476041295465,0.03497449482244601,0.0,0.06399818965142055
2010-11-30,0.0,0.23034780132563776,0.5007418197758824,0.04691947674043576,0.0,0.039538212281453954
2010-12-01,0.0,0.2161848374674141,0.5045505589541492,0.03672705906796379,0.0,0.0277386951867039
2010-12-02,0.0,0.2513135477895109,0.4796655948024077,0.04221168903264824,0.0,0.026880381406785975
2010-12-03,0.0,0.2499317464327307,0.4704823180949517,0.04525058532370108,0.0,0.02735539217438795
2010-12-06,0.0,0.24698961362064367,0.4486750013746453,0.04515254004806746,0.0,0.028283370918254464
2010-12-07,0.0,0.23432949566392944,0.42126387479686167,0.044256015831404254,0.0,0.02566730787148122
2010-12-08,0.0,0.2184788357282334,0.4422206302457986,0.04890215393239985,0.0,0.033742724884470984
2010-12-09,0.0,0.2369498030142523,0.45728111106590896,0.05369526796953892,0.0,0.04368744705893367
2010-12-10,0.0,0.21532269168380458,0.41421978787835084,0.05078541882793159,0.0,0.04646517947434159
2010-12-13,0.0,0.23341427469731688,0.384621844708606,0.03722786439236157,0.0,0.06346723450853281
2010-12-14,0.0,0.18735615901216868,0.3774559411955842,0.038206846569032796,0.0,0.06341964635523882
2010-12-15,0.0,0.24840515082602183,0.3748872987223564,0.034694734346656424,0.0,0.08083958365049913
2010-12-16,0.0,0.24803890362316453,0.37196863663630286,0.04764569182085201,0.0,0.062067580870410095
2010-12-17,0.0,0.24802093231914887,0.37880748788758106,0.04004726795745487,0.0,0.06575102392786013
2010-12-20,0.0,0.27508187585383675,0.42369102664592706,0.0429954082036803,0.0,0.08903638651560852
2010-12-21,0.0,0.27756375696892516,0.4277679602374002,0.0490664257149464,0.0,0.09023068356712768
2010-12-22,0.0,0.2873996697765132,0.4714911452566299,0.05855358438448769,0.0,0.08105237643534341
2010-12-23,0.0,0.28660926067675935,0.47136248105502593,0.06055084078774846,0.0,0.0783023424711606
2010-12-27,0.0,0.2919749041896482,0.4745695585466719,0.05679492107223996,0.0,0.11276120239478256
2010-12-28,0.0,0.29512769651125836,0.45881210689929314,0.0564067983377592,0.0,0.20722309099627467
2010-12-29,0.0,0.3061062516412568,0.48676859676855966,0.057948001356974664,0.0,0.16425590135337073
2010-12-30,0.0,0.29999949683702887,0.48407070954185955,0.05771980737897169,0.0,0.10856378020599085
2010-12-31,0.0,0.3363150489257766,0.5607962112203082,0.05931352475746689,0.0,0.14022416245438843
2011-01-03,0.0,0.3517625520908809,0.4821081060829224,0.05683697558229416,0.0,0.10794290246175814
2011-01-04,0.0,0.34713533470565316,0.4846184257263782,0.05567579434022535,0.0,0.12591026915201514
2011-01-05,0.0,0.35515665477272584,0.48667181452517283,0.05366864997637213,0.0,0.11269702764097003
2011-01-06,0.0,0.34575373804367837,0.47922754599549877,0.0472376878412536,0.0,0.1701560893835911
2011-01-07,0.0,0.3474605763452939,0.4567042232635654,0.034603201969978015,0.0,0.20514761488102304
2011-01-10,0.0,0.356907879159594,0.42413643456490474,0.031020336939062452,0.0,0.20514761488102304
2011-01-11,0.0,0.3607883473214462,0.44219911658927197,0.04481187653303143,0.0,0.20514761488102304
2011-01-12,0.0,0.374793495883114,0.4807011312941225,0.05971251879645408,0.0,0.20514761488102304
2011-01-13,0.0,0.3787215170504916,0.4658478769638426,0.059007592244819454,0.0,0.20514761488102304
2011-01-14,0.0,0.38633217704139483,0.4622798675580846,0.058786350507256085,0.0,0.20514761488102304
2011-01-18,0.0,0.3910913682184634,0.43557668625040213,0.0572017638683458,0.0,0.20514761488102304
2011-01-19,0.0,0.27513927119431175,0.3112911240276535,0.038234627685464796,0.0,0.0569231761135353
2011-01-20,0.0,0.27636063116043913,0.30925988657932796,0.04269459493765673,0.0,0.036221627906122315
2011-01-21,0.0,0.27647116533823957,0.3177852540873107,0.0339878623015832,0.0,0.03668242368471266
2011-01-24,0.0,0.27570847030984413,0.28988555018589807,0.03822914091209002,0.0,0.0372647041035865
2011-01-25,0.0,0.2825589023590522,0.27247496231893736,0.03838245502834308,0.0,0.03884103692300197
2011-01-26,0.0,0.2766886307274953,0.2507749510656575,0.029582648199843894,0.0,0.03858143098104645
2011-01-27,0.0,0.2766084754883421,0.24392575710529968,0.0325397874075984,0.0,0.03891331690657437
2011-01-28,0.0,0.27438056293287644,0.21687938047693156,0.029581354371262917,0.0,0.03828854232784639
2011-01-31,0.0,0.26085751077358965,0.1866094967977965,0.04122951037117424,0.0,0.03870615182015371
2011-02-01,0.0,0.2559335242456442,0.1909185197772666,0.04588581869710067,0.0,0.03799774599335681
2011-02-02,0.0,0.23807300376672305,0.1827723188602799,0.042211244207643925,0.0,0.05386876300610679
2011-02-03,0.0,0.2378707187984436,0.19714783658010812,0.04184678129530835,0.0,0.099261783577218
2011-02-04,0.0,0.23347839868427217,0.19173068253815317,0.04567203433716232,0.0,0.0975596640193666
2011-02-07,0.0,0.2039086166822268,0.20531904985839255,0.040147016008341564,0.0,0.07990730342598035
2011-02-08,0.0,0.20218966156282672,0.21360061865884505,0.03983789420408833,0.0,0.07823631683271065
2011-02-09,0.0,0.20587398572008478,0.22560071668684553,0.0404203207703877,0.0,0.07946749413333276
2011-02-10,0.0,0.19160971395265916,0.21593042524850264,0.036880428737734026,0.0,0.06760187063354746
2011-02-11,0.0,0.17802109515747572,0.18340389468269055,0.032790419751639925,0.0,0.060087194593689434
2011-02-14,0.0,0.17883859873265362,0.1836301471499376,0.02338161003870532,0.0,0.05922710496013433
2011-02-15,0.0,0.18119733528096624,0.1812369205738589,0.02247983860109996,0.0,0.059844503934234225
2011-02-16,0.0,0.18712318853998136,0.19388890025595726,0.024129227862331595,0.0,0.05977997931642435
2011-02-17,0.0,0.2607753983674722,0.2807960410216871,0.03621368154878788,0.0,0.11860466420735473
2011-02-18,0.0,0.3327793645598398,0.3586024874662097,0.04530401860550905,0.0,0.1851647895321371
2011-02-22,0.0,0.30799203239733236,0.3621857618219251,0.05109003556921152,0.0,0.121866049140002
2011-02-23,0.0,0.34281624742602923,0.48188047129051725,0.050170491813888204,0.0,0.07419488137295895
2011-02-24,0.0,0.4110662221235009,0.6204517218312392,0.048289194491912935,0.0,0.06864789970493748
2011-02-25,0.0,0.4515786879097067,0.695900980238797,0.04970893537108836,0.0,0.0769807731458177
2011-02-28,0.0,0.4854368189608434,0.7112120404346758,0.05015504507671884,0.0,0.06994558206481442
2011-03-01,0.0,0.4765620908825416,0.7170892722079815,0.0511252432874326,0.0,0.06741827171907855
2011-03-02,0.0,0.46645864715331736,0.718050399339309,0.0531907054605134,0.0,0.08045596161018119
2011-03-03,0.0,0.46612756848823994,0.7172750972584598,0.055018068067488234,0.0,0.10235771276538516
2011-03-04,0.0,0.48661906644733227,0.7346489277053171,0.0595111307961967,0.0,0.15650745042345637
2011-03-07,0.0,0.4738590098539237,0.7232746319763594,0.05984859276440093,0.0,0.15714399366760237
2011-03-08,0.0,0.46927942666858474,0.7214970396251494,0.06058947432360863,0.0,0.15673795356872253
2011-03-09,0.0,0.4732577813146008,0.7232157070268144,0.06311047294740164,0.0,0.158275108599561
2011-03-10,0.0,0.5157694717968243,0.75,0.06960723143917431,0.0,0.18995392887216428
2011-03-11,0.0,0.4897912119063897,0.75,0.07240198118209622,0.0,0.19482992503674326
2011-03-14,0.0,0.4748549334834186,0.75,0.07032695989124634,0.0,0.18688128542192725
2011-03-15,0.0,0.5227144940200436,0.75,0.0777383090875861,0.0,0.20514761488102304
2011-03-16,0.0,0.45912153226762703,0.75,0.07776290321831462,0.0,0.20514761488102304
2011-03-17,0.0,0.4597285736878464,0.75,0.07796084996848314,0.0,0.20514761488102304
2011-03-18,0.0,0.46105745890931393,0.75,0.07862891413297114,0.0,0.20514761488102304
2011-03-21,0.0,0.46188633543676066,0.75,0.07872337645464285,0.0,0.20514761488102304
2011-03-22,0.0,0.5253984682093935,0.75,0.07837506293713854,0.0,0.20514761488102304
2011-03-23,0.0,0.5214400740643802,0.75,0.07711332714482863,0.0,0.20292952929970667
2011-03-24,0.0,0.6928498977083263,0.75,0.07781811815832403,0.0,0.20514761488102304
2011-03-25,0.0,0.7488837274516114,0.75,0.07535324187661237,0.0,0.1995470184483566
2011-03-28,0.0,0.75,0.75,0.07482473521488096,0.0,0.200181051239917
2011-03-29,0.0,0.6309787826446245,0.6557453860457438,0.06217850094838065,0.0,0.1688310679950255
2011-03-30,0.0,0.6662957859642786,0.6260366464113369,0.06367307815393304,0.0,0.16873781326516576
2011-03-31,0.0,0.6767462537772155,0.6113344563334309,0.06373708589905044,0.0,0.1678464922802602
2011-04-01,0.0,0.6556785963549725,0.6066142557578155,0.06145408632215629,0.0,0.16489428497470496
2011-04-04,0.0,0.6998427166560826,0.6469765875573119,0.06621106609356922,0.0,0.17549033206758252
2011-04-05,0.0,0.6473574508443859,0.5880475045046919,0.06027885254054032,0.0,0.15867589426533701
2011-04-06,0.0,0.6617983244460541,0.5983488867081037,0.0633966791231286,0.0,0.16109011494350517
2011-04-07,0.0,0.5931332775049555,0.5542777698607549,0.05570680926277782,0.0,0.14641995360049773
2011-04-08,0.0,0.5884680726166684,0.5524267437057118,0.055805938811287155,0.0,0.14572861402349027
2011-04-11,0.0,0.5846407302686787,0.5621454742623857,0.05654453876950825,0.0,0.1464733921591395
2011-04-12,0.0,0.5812271569829051,0.5659141257446438,0.057561016540863534,0.0,0.1463729904822298
2011-04-13,0.0,0.605237558751983,0.6135924376847383,0.06177845060284562,0.0,0.07043514608374213
2011-04-14,0.0,0.6049219735485858,0.6199334971104268,0.06121818324788212,0.0,0.04527880675311474
2011-04-15,0.0,0.75,0.75,0.077552978241673,0.0,0.049182289919487435
2011-04-18,0.0,0.75,0.75,0.08169875152697263,0.0,0.04915109187821298
2011-04-19,0.0,0.75,0.75,0.08109076938370997,0.0,0.05214645494736981
2011-04-20,0.0,0.75,0.75,0.0805030461356311,0.0,0.056913139928988735
2011-04-21,0.0,0.703787439906431,0.75,0.07455040553915397,0.0,0.065300609198993
2011-04-25,0.0,0.6562874268534258,0.75,0.0741091984574382,0.0,0.07639184761195494
2011-04-26,0.0,0.5909774405307506,0.75,0.07089062180832549,0.0,0.13293331520275276
2011-04-27,0.0,0.5231347703905661,0.75,0.0697282841308252,0.0,0.18556084702054734
2011-04-28,0.0,0.496212258225508,0.7492132361030608,0.0666130310513694,0.0,0.1814361206234578
2011-04-29,0.0,0.5558130674540667,0.75,0.07372987148057021,0.0,0.19986736161171217
2011-05-02,0.0,0.36863227360980755,0.5492065429803135,0.04817522191154777,0.0,0.09525412436615875
2011-05-03,0.0,0.3708779953543662,0.551182812833494,0.04999928452894355,0.0,0.09563587121427017
2011-05-04,0.0,0.3716847044633496,0.5514511888792112,0.05049317285829768,0.0,0.09766958860753783
2011-05-05,0.0,0.34920176162451294,0.5178728411258969,0.047705767387421036,0.0,0.09271264109822547
2011-05-06,0.0,0.33692717265127964,0.49587770986925467,0.044945334557765546,0.0,0.10789788222840274
2011-05-09,0.0,0.32239763342480865,0.4589918518124572,0.0239838764507334,0.0,0.10055272148065769
2011-05-10,0.0,0.3144359909727547,0.4455777479739045,0.022559044771885483,0.0,0.09709116209575874
2011-05-11,0.0,0.16912444086352618,0.24105960187863176,0.01228978776319905,0.0,0.02506655735606131
2011-05-12,0.0,0.1609657139531961,0.23334144890839997,0.011453184333631182,0.0,0.023654726004889253
2011-05-13,0.0,0.16352832962238112,0.2348988096659592,0.011677206796112926,0.0,0.023926255446366482
2011-05-16,0.0,0.1561978568415557,0.22829858706138398,0.010762767707630358,0.0,0.021645638747279063
2011-05-17,0.0,0.1424716556033906,0.2162454649025129,0.01709682735227922,0.0,0.019799152620919705
2011-05-18,0.0,0.13894614998504123,0.21066642467084246,0.015531966585185885,0.0,0.01816164579419968
2011-05-19,0.0,0.14146915830008713,0.20809158143574677,0.013985884538544938,0.0,0.012901805483872666
2011-05-20,0.0,0.14451516260665814,0.19654014743664486,0.01318907073562073,0.0,0.008630301563775613
2011-05-23,0.0,0.14244762863115853,0.1950588760816149,0.011753611692265516,0.0,0.004682791144579251
2011-05-24,0.0,0.13293543861415855,0.19516481476081002,0.012150768393388894,0.0,0.0049387149326056146
2011-05-25,0.0,0.1330601350754763,0.19480648979654502,0.011951319257466961,0.0,0.005201967304908505
2011-05-26,0.0,0.13436463299009765,0.19336412286970037,0.012755252489207003,0.0,0.0049736291163986
2011-05-27,0.0,0.13438685052991253,0.19269304445907107,0.013173579334448026,0.0,0.004967179160762837
2011-05-31,0.0,0.14504886851323004,0.1920500788766188,0.013471550477047784,0.0,0.00507233190054465
2011-06-01,0.0,0.1647974371558776,0.20666995440203262,0.01458559160384607,0.0,0.005529466797789955
2011-06-02,0.0,0.17331929550749675,0.2508551256958232,0.01904102796098727,0.0,0.008565231554582454
2011-06-03,0.0,0.19289979854495362,0.2524518790118837,0.022871854805268724,0.0,0.00871659030501011
2011-06-06,0.0,0.18414505507625034,0.24934978305755903,0.023105802362662405,0.0,0.00900624556799074
2011-06-07,0.0,0.15264555897675325,0.25675463066556825,0.02323122328010771,0.0,0.030644917852179415
2011-06-08,0.0,0.18049719823464044,0.2742911128432358,0.02427509527885984,0.0,0.03041383297919394
2011-06-09,0.0,0.17937733083102617,0.2771698391489487,0.025041109319171938,0.0,0.029996837449843678
2011-06-10,0.0,0.18750803668686752,0.28136044737068905,0.026270728002036246,0.0,0.03065618286458032
2011-06-13,0.0,0.25589354890552773,0.44233291306005695,0.04227774176138522,0.0,0.04412545994451549
2011-06-14,0.0,0.23670769005415024,0.4099976048909863,0.039886487901941894,0.0,0.016168601040030053
2011-06-15,0.0,0.2509531879629786,0.4322817279232021,0.04037687434749194,0.0,0.014185046404985408
2011-06-16,0.0,0.2747378279288861,0.47178872600772176,0.046266769280879534,0.0,0.0
2011-06-17,0.0,0.28301353419709313,0.5184141175870635,0.04692229130463268,0.0,0.0
2011-06-20,0.0,0.2841707170602536,0.5391868487423275,0.0408565701779851,0.0,0.0
2011-06-21,0.0,0.28559910309621417,0.5417200478735039,0.03558737384142597,0.0,0.0
2011-06-22,0.0,0.3784347449991066,0.5402607036695543,0.039184952356010834,0.0,0.0
2011-06-23,0.0,0.29113246103841933,0.5512409821872907,0.038698250020586966,0.0,0.02218625757793317
2011-06-24,0.0,0.415342348835647,0.5524238719037698,0.027538284595238625,0.0,0.039416529349763696
2011-06-27,0.0,0.34347544655190965,0.4666936035061696,0.028080800487158546,0.0,0.08848540066695265
2011-06-28,0.0,0.40371192755924545,0.4663321323355929,0.022935686416041566,0.0,0.08778182574285769
2011-06-29,0.0,0.42222492930537003,0.44693982902722384,0.030183528590520637,0.0,0.0870477422964987
2011-06-30,0.0,0.4236556728079533,0.4474773748387488,0.0353566645878325,0.0,0.08704192938889976
2011-07-01,0.0,0.44064707674588655,0.4360752756644354,0.03334835892353206,0.0,0.08771731149366996
2011-07-05,0.0,0.39814553921461016,0.40333809532856457,0.03548286256587384,0.0,0.08791028092940006
2011-07-06,0.0,0.3693089367264413,0.3901324044550291,0.04357446771778598,0.0,0.05934901651859069
2011-07-07,0.0,0.3367934383611907,0.39724110107445,0.039237156993997414,0.0,0.053867186993549636
2011-07-08,0.0,0.3004106066273633,0.3940741433541831,0.04425672103663676,0.0,0.05534052251962258
2011-07-11,0.0,0.3621709087954489,0.4829481041462839,0.04911426583070603,0.0,0.08560710137323058
2011-07-12,0.0,0.4071104401126368,0.5686558097981255,0.05169016691249792,0.0,0.1589711619627793
2011-07-13,0.0,0.4034329360198143,0.6017869415373766,0.05147501083051495,0.0,0.15898550221791644
2011-07-14,0.0,0.443855514018492,0.7250209148624362,0.0555978417858705,0.0,0.1779717758870451
2011-07-15,0.0,0.4784679322884947,0.75,0.05744370482748419,0.0,0.20395594782727725
2011-07-18,0.0,0.5000655128267323,0.75,0.05992577312789079,0.0,0.2043921559012419
2011-07-19,0.0,0.4908364427723521,0.75,0.05922825166734574,0.0,0.20514761488102304
2011-07-20,0.0,0.4724688228284541,0.75,0.06077292026733054,0.0,0.20274748293177655
2011-07-21,0.0,0.46095275701142757,0.75,0.051220271945395975,0.0,0.19801670200246432
2011-07-22,0.0,0.449206242628503,0.75,0.0485603426778901,0.0,0.19670200953883465
2011-07-25,0.0,0.4466192882270174,0.75,0.048689776410625586,0.0,0.2005075516130593
2011-07-26,0.0,0.43163528386177097,0.75,0.04747397772431826,0.0,0.06423833831579318
2011-07-27,0.0,0.4323670349986582,0.75,0.04584519505568855,0.0,0.05050797248730264
2011-07-28,0.0,0.4622157842483319,0.75,0.05086125064079818,0.0,0.04986263326591381
2011-07-29,0.0,0.4621744546184505,0.75,0.050568732584924676,0.0,0.0
2011-08-01,0.0,0.445724199662977,0.75,0.050863476984595646,0.0,0.0
2011-08-02,0.0,0.4501292017220799,0.75,0.0302964538346,0.0,0.0
2011-08-03,0.0,0.3430052133161152,0.75,0.033579599123099386,0.0,0.0
2011-08-04,0.0,0.36475817808456523,0.75,0.02690676443490163,0.0,0.0
2011-08-05,0.0,0.2887415452650555,0.75,0.0,0.0,0.0
2011-08-08,0.0,0.2629420815424454,0.75,0.0,0.0,0.0
2011-08-09,0.0,0.26093923788335344,0.75,0.0,0.0,0.0
2011-08-10,0.0,0.2034247177036814,0.6369122040820296,0.0,0.0,0.0
2011-08-11,0.0,0.18664004102187934,0.5520615250618967,0.0,0.0,0.0
2011-08-12,0.0,0.13036851967848614,0.49308835685835106,0.0,0.0,0.0
2011-08-15,0.0,0.10181029156562729,0.4616560696726899,0.0,0.0,0.0
2011-08-16,0.0,0.10175661447639689,0.44044065303485336,0.0,0.0,0.0
2011-08-17,0.0,0.07601728489779107,0.4097444399265228,0.0,0.0,0.0
2011-08-18,0.0,0.07513577041066734,0.41162636189104945,0.0,0.0,0.0
2011-08-19,0.0,0.07253531442647258,0.4508084134269373,0.0,0.0,0.0
2011-08-22,0.0,0.07701066026124916,0.4410200430547346,0.0,0.0,0.0
2011-08-23,0.0,0.07765332812146153,0.4524823281476113,0.0,0.0,0.0
2011-08-24,0.0,0.07222874926274782,0.45920496580858644,0.0,0.0,0.0
2011-08-25,0.0,0.08167004533779025,0.47667138720944074,0.0,0.0,0.0
2011-08-26,0.0,0.06407982204553765,0.291277724308171,0.0,0.0,0.04672454459408124
2011-08-29,0.0,0.07088899015464988,0.2658720537509558,0.0,0.0,0.03161485327264293
2011-08-30,0.0,0.055759132357781,0.2676222586852849,0.0,0.0,0.0
2011-08-31,0.0,0.055494614266604514,0.2645106161169838,0.0,0.0,0.0
2011-09-01,0.0,0.039526703959847184,0.24663239691810726,0.0,0.0,0.0
2011-09-02,0.0,0.03624796373380181,0.23985051486371303,0.0,0.0,0.0
2011-09-06,0.0,0.0,0.2836274478862089,0.0,0.0,0.0
2011-09-07,0.0,0.0,0.31126034737884983,0.0,0.0,0.0
2011-09-08,0.0,0.0673653032862112,0.28764218915569095,0.01767563224677532,0.0,0.0
2011-09-09,0.0,0.08979331954336199,0.2986292322580647,0.022713570820324568,0.0,0.03601753338791435
2011-09-12,0.0,0.0,0.4136440605677551,0.021517821642977986,0.0,0.0
2011-09-13,0.0,0.1000870257819359,0.42950993329510173,0.0,0.0,0.0
2011-09-14,0.0,0.10295507154766506,0.45391446200142377,0.022935035609942603,0.0,0.0
2011-09-15,0.0,0.13398215976373393,0.4618498464081212,0.0,0.0,0.0
2011-09-16,0.0,0.1564946096971364,0.47026086037923476,0.0,0.0,0.0
2011-09-19,0.0,0.19981422729038345,0.4863857266561413,0.0,0.0,0.04946947234392693
2011-09-20,0.0,0.22369700584736996,0.4813048775074819,0.0,0.0,0.16756120953500736
2011-09-21,0.0,0.2217903836566785,0.47269358835671627,0.0,0.0,0.11702050077149175
2011-09-22,0.0,0.2055025349308194,0.49943829453128996,0.0,0.0,0.16842194298175103
2011-09-23,0.0,0.06980600151380442,0.4776350126320159,0.0,0.0,0.16217924955002858
2011-09-26,0.0,0.0753907547495271,0.4761218577993353,0.0,0.0,0.16317633274740115
2011-09-27,0.0,0.07707038026655819,0.2302485808114507,0.0,0.0,0.11124927512292516
2011-09-28,0.0,0.11837383157591877,0.3878551196242234,0.0,0.0,0.1373820032415101
2011-09-29,0.0,0.05913007162822301,0.34896758388584953,0.0,0.0,0.14169737961738932
2011-09-30,0.0,0.05742258510794995,0.3034304102760596,0.0,0.0,0.1437973282152828
2011-10-03,0.0,0.045725582203813626,0.2950389011653792,0.0,0.0,0.13763361237936747
2011-10-04,0.0,0.04329387250712508,0.33046483038568447,0.0,0.0,0.1410988990536789
2011-10-05,0.0,0.0,0.3416569702088865,0.0,0.0,0.1403656731668259
2011-10-06,0.0,0.0,0.24010086972674424,0.0,0.0,0.13728563010408937
2011-10-07,0.0,0.04801249754146774,0.2979009274228114,0.0,0.0,0.13985630718318498
2011-10-10,0.0,0.04241057616212325,0.32399233449517406,0.0,0.0,0.13782101582842257
2011-10-11,0.0,0.09976875435849046,0.3378089637893656,0.0,0.0,0.13757024197751455
2011-10-12,0.0,0.1367240913351862,0.3406512288477849,0.0,0.0,0.1378598161844476
2011-10-13,0.0,0.13273183601133962,0.32388497453507975,0.0,0.0,0.1281160738179595
2011-10-14,0.0,0.1445321174117867,0.32556416252431297,0.0,0.0,0.12843382188431274
2011-10-17,0.0,0.20897056765210142,0.3332561112541157,0.0,0.0,0.1304159454171709
2011-10-18,0.0,0.1065562204618264,0.23117121005635086,0.0,0.0,0.08114060059650742
2011-10-19,0.0,0.10465108909950287,0.23285566859867243,0.0,0.0,0.044781987204801206
2011-10-20,0.0,0.07769716205198239,0.24557996703325968,0.0,0.0,0.033884385036940357
2011-10-21,0.0,0.07464956795598134,0.2517948349907462,0.0,0.0,0.04182209996582512
2011-10-24,0.0,0.09676792462060753,0.2280645871380506,0.012028804940241819,0.0,0.04684813195044135
2011-10-25,0.0,0.144868573424381,0.26115031109422454,0.02841623134633367,0.0,0.05160712686974417
2011-10-26,0.0,0.09477959129781546,0.2606813801063677,0.02492033290026221,0.0,0.04894228710753486
2011-10-27,0.0,0.12461057129351133,0.3655725664443445,0.03655111481896862,0.0,0.0826715418424466
2011-10-28,0.0,0.1817081276928767,0.36274727832388504,0.0352784040025629,0.0,0.06466966196302651
2011-10-31,0.0,0.20137952601504008,0.35549573393409595,0.03820767544441989,0.0,0.042530684633972436
2011-11-01,0.0,0.17646929109184212,0.35497621899507475,0.04089374129500112,0.0,0.0
2011-11-02,0.0,0.10881003330236552,0.36379201544263573,0.04480996894217998,0.0,0.0
2011-11-03,0.0,0.1430953915301698,0.35450398543573963,0.04383916776128403,0.0,0.03785359138583023
2011-11-04,0.0,0.22717938047643862,0.3506795235849598,0.04200023883955555,0.0,0.04648836823824863
2011-11-07,0.0,0.1978195865064354,0.36607462860405665,0.04418138260561991,0.0,0.046924430051302694
2011-11-08,0.0,0.27710991928522327,0.3663808524811955,0.03969855616623311,0.0,0.07005753304605529
2011-11-09,0.0,0.2764759894125634,0.36661712169210636,0.03521534808406355,0.0,0.0982389782980088
2011-11-10,0.0,0.1261649947617519,0.34876494109944256,0.027237972424868057,0.0,0.13419513896689728
2011-11-11,0.0,0.09534053291038798,0.34884395160846265,0.03339454373583479,0.0,0.13422554003359957
2011-11-14,0.0,0.14780327660855241,0.35312469399124,0.036690499160259314,0.0,0.13513911568292344
2011-11-15,0.0,0.1191892437136339,0.2781935207229927,0.025507947178615036,0.0,0.08836869660223064
2011-11-16,0.0,0.11253126825414705,0.27621874384213224,0.021208005705446727,0.0,0.0430044187547053
2011-11-17,0.0,0.10641214539538658,0.41288069619989626,0.04648987927546095,0.0,0.08136934357129925
2011-11-18,0.0,0.0726684382282286,0.4037559568120683,0.0,0.0,0.07745587145243446
2011-11-21,0.0,0.07798820533500384,0.40058442405739675,0.0,0.0,0.07960779628156328
2011-11-22,0.0,0.07765715652968966,0.40142521019333105,0.0,0.0,0.0882139145137124
2011-11-23,0.0,0.07744480535412201,0.40289484436366463,0.0,0.0,0.1010945125986667
2011-11-25,0.0,0.07817586710662132,0.4079873955210274,0.0,0.0,0.10119156816206827
2011-11-28,0.0,0.0778511066519418,0.4062817745164693,0.019642946710963866,0.0,0.06825012615192337
2011-11-29,0.0,0.07696695273380653,0.4069343811901748,0.029265965415260723,0.0,0.0
2011-11-30,0.0,0.07952929661074855,0.4205059094987828,0.04362155378389385,0.0,0.0
2011-12-01,0.0,0.19104312843996285,0.42774850237051326,0.045146203056794905,0.0,0.0
2011-12-02,0.0,0.19784692954612373,0.4197418962705625,0.0327431648637025,0.0,0.0
2011-12-05,0.0,0.2444263528212842,0.4252009145202639,0.03905862649023719,0.0,0.0
2011-12-06,0.0,0.3032005905157082,0.45375235677516035,0.03707687166011512,0.0,0.0
2011-12-07,0.0,0.2276799154721872,0.47348706243244665,0.031276242105669254,0.0,0.0
2011-12-08,0.0,0.2196911990202869,0.4883502729366987,0.024014664987954314,0.0,0.0
2011-12-09,0.0,0.11407977243457304,0.5024057128777834,0.02078288614449753,0.0,0.0
2011-12-12,0.0,0.15275850182945716,0.4944848647219013,0.02344098284849585,0.0,0.0997064812357431
2011-12-13,0.0,0.15884964008131017,0.505065723926476,0.026009350295961044,0.0,0.16842194298175103
2011-12-14,0.0,0.11862122790420616,0.5350053992202526,0.03400622871423804,0.0,0.16842194298175103
2011-12-15,0.0,0.10095673326014454,0.531758424023498,0.03415162553072632,0.0,0.16842194298175103
2011-12-16,0.0,0.09676619442636389,0.4952317169252837,0.038379524391441,0.0,0.16842194298175103
2011-12-19,0.0,0.1019845838045352,0.5152009007066869,0.03996757821166218,0.0,0.16842194298175103
2011-12-20,0.0,0.11231341242829088,0.5191013838305188,0.048260156923177935,0.0,0.16842194298175103
2011-12-21,0.0,0.16963083963589864,0.539401865970093,0.045604507258274855,0.0,0.16842194298175103
2011-12-22,0.0,0.15139780420880422,0.5688731990122688,0.04452832026408369,0.0,0.16842194298175103
2011-12-23,0.0,0.1798839437386961,0.5417668294743795,0.04386607469012449,0.0,0.16842194298175103
2011-12-27,0.0,0.25108562775639487,0.49859979941878974,0.038282582696224414,0.0,0.16842194298175103
2011-12-28,0.0,0.29887207038746433,0.47475270537404585,0.031015732020993583,0.0,0.16842194298175103
2011-12-29,0.0,0.2561176990054122,0.42603906727726815,0.027649074049894924,0.0,0.16842194298175103
2011-12-30,0.0,0.21144318949967014,0.32051534031055373,0.02213122001014741,0.0,0.16842194298175103
2012-01-03,0.0,0.18838515539678696,0.3080990331126414,0.0,0.0,0.1494159027600463
2012-01-04,0.0,0.22715818609859664,0.29503532397240284,0.0,0.0,0.1494159027600463
2012-01-05,0.0,0.22120490937021503,0.28778175132401074,0.017863721152652685,0.0,0.1494159027600463
2012-01-06,0.0,0.18672525614610805,0.22923408389332978,0.0,0.0,0.11587250229145708
2012-01-09,0.0,0.15439088008469493,0.22682253884177625,0.0,0.0,0.11499526385205776
2012-01-10,0.0,0.15041124297748854,0.2192893232804849,0.0,0.0,0.11424747239960138
2012-01-11,0.0,0.16169476224786442,0.21379013714632517,0.0,0.0,0.11428038592721518
2012-01-12,0.0,0.17017967012208854,0.21277404358887866,0.01510820188556996,0.0,0.1131101171210272
2012-01-13,0.0,0.15362404499219612,0.2208133816892764,0.017920371882208443,0.0,0.11502954538727089
2012-01-17,0.0,0.15394152195074753,0.20571560339683348,0.021568483699235984,0.0,0.11296568606920152
2012-01-18,0.0,0.1564625589157829,0.2239759581784507,0.021626647784602226,0.0,0.06000466696772772
2012-01-19,0.0,0.1639197363567848,0.33462416310914644,0.02664822202192668,0.0,0.056917116228336104
2012-01-20,0.0,0.18490282634415034,0.3835131478016048,0.031325282121029176,0.0,0.07353006213093057
2012-01-23,0.0,0.17534911284563673,0.3796350010034391,0.034312315186022076,0.0,0.09298830305228002
2012-01-24,0.0,0.18559901338355997,0.44436910177767086,0.05785258956151514,0.0,0.1063287575878927
2012-01-25,0.0,0.18181049708330432,0.5123071204604562,0.06828927688664725,0.0,0.11868381042236634
2012-01-26,0.0,0.19380800911305834,0.4748701717765368,0.053487348433369844,0.0,0.08674420129020553
2012-01-27,0.0,0.1749107068644341,0.5392309289536067,0.04386691728565455,0.0,0.07008016228764678
2012-01-30,0.0,0.18617403654192616,0.539103998554096,0.054031862381126436,0.0,0.0683905482881935
2012-01-31,0.0,0.1823067895703667,0.5248254258691218,0.04935084981742694,0.0,0.06980924765483926
2012-02-01,0.0,0.20607948618022168,0.5123071204604562,0.04913153806443486,0.0,0.05576439484246584
2012-02-02,0.0,0.2321126850055386,0.5115529342021115,0.05239476425584994,0.0,0.06451135684538711
2012-02-03,0.0,0.2328028920712328,0.5107986894180259,0.051344509319128484,0.0,0.07377508708531431
2012-02-06,0.0,0.23743481589715054,0.5247453054667457,0.04303745814040225,0.0,0.10459339342264684
2012-02-07,0.0,0.2545111760691604,0.5394245774007558,0.044784112823120815,0.0,0.07842062729827384
2012-02-08,0.0,0.2662678123449473,0.5540828521590575,0.047829864604869196,0.0,0.1494159027600463
2012-02-09,0.0,0.2804572601111101,0.5825897830497968,0.0537823972443978,0.0,0.1494159027600463
2012-02-10,0.0,0.2952125720692297,0.5971895869376185,0.05156231873609497,0.0,0.1494159027600463
2012-02-13,0.0,0.31128715861242995,0.6190542662940685,0.04115282902932737,0.0,0.1494159027600463
2012-02-14,0.0,0.3100224147587486,0.62633339765718,0.04410155977511185,0.0,0.1494159027600463
2012-02-15,0.0,0.3101072377272157,0.6336080791748498,0.05017949864554078,0.0,0.0
2012-02-16,0.0,0.3115482753227813,0.6408783672838634,0.04487238342647515,0.0,0.0
2012-02-17,0.0,0.31027687189013925,0.6481443170401765,0.049433222790547356,0.0,0.0
2012-02-21,0.0,0.3088717524265473,0.6699166670668987,0.04835312900488708,0.0,0.0
2012-02-22,0.0,0.30526721568988263,0.6844108268983278,0.05040862935406348,0.0,0.0
2012-02-23,0.0,0.3008473514752783,0.7043789744692521,0.05254845229257087,0.0,0.0
2012-02-24,0.0,0.2959398414820952,0.7188353350836643,0.051570177704487054,0.0,0.0
2012-02-27,0.0,0.2960206305387025,0.7188353350836643,0.05211825446313906,0.0,0.0
2012-02-28,0.0,0.2961014158739339,0.7188353350836644,0.05553812186612895,0.0,0.0
2012-02-29,0.0,0.299820967482708,0.7043789744692521,0.059014162148330634,0.0,0.0
2012-03-01,0.0,0.30487991178455864,0.6899069802061606,0.06058414966865077,0.0,0.0
2012-03-02,0.0,0.30725037492009216,0.6077903725739008,0.061037886906209336,0.0,0.0
2012-03-05,0.0,0.3168790258789147,0.5740911298602929,0.06471233268507154,0.0,0.0
2012-03-06,0.0,0.3266401241374599,0.5403047331101457,0.06463783126388535,0.0,0.0
2012-03-07,0.0,0.34602494578443915,0.5167790858791187,0.066338327217676,0.0,0.0
2012-03-08,0.0,0.3455100760490883,0.49275643804221586,0.06493761185165452,0.0,0.0
2012-03-09,0.0,0.33949859257467924,0.5154824151275064,0.06442376798356804,0.0,0.0
2012-03-12,0.0,0.36139167926572907,0.4728195326343572,0.061892123609877725,0.0,0.0
2012-03-13,0.0,0.3879740373988345,0.4458923955593144,0.060991791943115985,0.0,0.0
2012-03-14,0.0,0.387841866308971,0.42553878075307305,0.05884219045126394,0.0,0.0
2012-03-15,0.0,0.4127599729106742,0.38211367547815617,0.05799408123607605,0.0,0.0
2012-03-16,0.0,0.4437574608651343,0.3291093193924647,0.056373020234417155,0.0,0.0
2012-03-19,0.0,0.49255455195101794,0.3004545479197585,0.0550058809952325,0.0,0.0
2012-03-20,0.0,0.5020798543492333,0.3030250350026621,0.056149758216793105,0.0,0.0
2012-03-21,0.0,0.526182951986812,0.31355566707640664,0.06009786103339862,0.0,0.0
2012-03-22,0.0,0.5604184973654146,0.31147757080992394,0.06104710191572108,0.0,0.0
2012-03-23,0.0,0.589470851106701,0.2706038989127392,0.049833172903792494,0.0,0.0
2012-03-26,0.0,0.6143031270486979,0.28828617295679015,0.050322906802792895,0.0,0.0
2012-03-27,0.0,0.75,0.2989031111981074,0.05446185471942113,0.0,0.0
2012-03-28,0.0,0.75,0.3255706135913032,0.05516366131899641,0.0,0.0
2012-03-29,0.0,0.75,0.30658635935332273,0.04844976898389577,0.0,0.0
2012-03-30,0.0,0.75,0.25094638828104243,0.04350728476872349,0.0,0.0
2012-04-02,0.0,0.75,0.22407662959240113,0.047299091232979186,0.0,0.0
2012-04-03,0.0,0.75,0.2564807279772535,0.056958456627541836,0.0,0.0
2012-04-04,0.0,0.75,0.24825053742327977,0.059703413459935524,0.0,0.0
2012-04-05,0.0,0.75,0.19368137879647773,0.05206083088766992,0.0,0.0
2012-04-09,0.0,0.75,0.19600508539478662,0.05564873629104107,0.0,0.0
2012-04-10,0.0,0.75,0.17635245841727168,0.051047302178049946,0.0,0.0
2012-04-11,0.0,0.75,0.20665820917621627,0.04650800386601498,0.0,0.0
2012-04-12,0.0,0.75,0.19302171242654287,0.049675809003917645,0.0,0.0
2012-04-13,0.0,0.75,0.20012851652177988,0.05065752020476514,0.0,0.0
2012-04-16,0.0,0.75,0.21464189692716001,0.049400041474552576,0.0,0.0
2012-04-17,0.0,0.7256560839504383,0.20402840740276232,0.04562308041183465,0.0,0.0
2012-04-18,0.0,0.75,0.21727270287472217,0.046711723037243545,0.0,0.0
2012-04-19,0.0,0.75,0.21005227107849966,0.03950854911950983,0.0,0.0
2012-04-20,0.0,0.75,0.19074128937495347,0.0358808937471076,0.0,0.0
2012-04-23,0.0,0.670462231912152,0.15364939162931446,0.043144672403023464,0.0,0.11407908361583242
2012-04-24,0.0,0.6463305797561344,0.14496526513497338,0.05485746562973487,0.0,0.0
2012-04-25,0.0,0.4904197609584095,0.15946829877935426,0.057975514362383115,0.0,0.0
2012-04-26,0.0,0.5732086873902743,0.11719636094886864,0.05661387798229345,0.0,0.1494159027600463
2012-04-27,0.0,0.439601340992603,0.06328602777144605,0.04999268795135971,0.0,0.0
2012-04-30,0.0,0.39503706342006006,0.04556273935400501,0.04802777454386808,0.0,0.0
2012-05-01,0.0,0.3955762388269393,0.04783793254781377,0.04768971617381195,0.0,0.0
2012-05-02,0.0,0.39479186241387104,0.05010744243704327,0.044973458680017356,0.0,0.0
2012-05-03,0.0,0.39792457077090015,0.052371553068861355,0.04759867055385899,0.0,0.0
2012-05-04,0.0,0.3952244857099724,0.05463052202402189,0.05110830276693273,0.0,0.0
2012-05-07,0.0,0.4424759437238191,0.05417912799963241,0.04465305990134178,0.0,0.0
2012-05-08,0.0,0.5434133932679953,0.05146653969297264,0.06684104803578665,0.0,0.0
2012-05-09,0.0,0.5009721819530664,0.04874640195487054,0.07051456742209222,0.0,0.0
2012-05-10,0.0,0.5602381649038571,0.04761067391460485,0.0686139171310797,0.0,0.0
2012-05-11,0.0,0.5605354358974184,0.04647351802960785,0.06602804722580427,0.0,0.0
2012-05-14,0.0,0.5558750532789876,0.04305308589968638,0.05807139030813498,0.0,0.0
2012-05-15,0.0,0.4265008147040248,0.0,0.052076713276337,0.0,0.0
2012-05-16,0.0,0.39960223706419606,0.0,0.04970953873574404,0.0,0.0
2012-05-17,0.0,0.36166905783449815,0.0,0.03612735335735594,0.0,0.0
2012-05-18,0.0,0.3139124474365017,0.0,0.026929880363277776,0.0,0.0
2012-05-21,0.0,0.2949774882931401,0.0,0.025690170671701065,0.0,0.0
2012-05-22,0.0,0.34977294896240047,0.0,0.03287295463601141,0.0,0.0
2012-05-23,0.0,0.3807563466166189,0.0,0.03785811960012451,0.0,0.0
2012-05-24,0.0,0.3894421066781576,0.0,0.031251285912082705,0.0,0.16426756525517552
2012-05-25,0.0,0.3512246168863175,0.0,0.027619123669918,0.0,0.1139459942080342
2012-05-29,0.0,0.33455099412309125,0.0,0.025842966447550318,0.0,0.17904878797749768
2012-05-30,0.0,0.5698387548105665,0.0,0.029221478638032625,0.0,0.1819971645846624
2012-05-31,0.0,0.4496941497594527,0.0,0.02533060229822698,0.0,0.1819971645846624
2012-06-01,0.0,0.4174491894012393,0.0,0.024773910351462793,0.0,0.1819971645846624
2012-06-04,0.0,0.24891674440048428,0.0,0.025036006820587396,0.0,0.1819971645846624
2012-06-05,0.0,0.23229056801919967,0.0,0.023497762479599806,0.0,0.1819971645846624
2012-06-06,0.0,0.3126320662284573,0.0,0.02210767782800828,0.0,0.1819971645846624
2012-06-07,0.0,0.43643629463587563,0.0,0.02210483538527642,0.0,0.1819971645846624
2012-06-08,0.0,0.44171946158985764,0.0,0.020092720642071824,0.0,0.1819971645846624
2012-06-11,0.0,0.5045793679205113,0.0,0.0,0.0,0.1819971645846624
2012-06-12,0.0,0.534366921552647,0.0,0.0,0.0,0.1819971645846624
2012-06-13,0.0,0.5367401934588656,0.0,0.0,0.0,0.1819971645846624
2012-06-14,0.0,0.49406524108652633,0.08579307020370802,0.0,0.0,0.1819971645846624
2012-06-15,0.0,0.4863629392614693,0.0,0.0,0.0,0.1819971645846624
2012-06-18,0.0,0.5248316557120648,0.0,0.0,0.0,0.1819971645846624
2012-06-19,0.0,0.5641796798316728,0.1195558420612319,0.0,0.0,0.1819971645846624
2012-06-20,0.0,0.574904607248667,0.11080460781866562,0.023036127410430523,0.0,0.1819971645846624
2012-06-21,0.0,0.574209016610139,0.0,0.0,0.0,0.1819971645846624
2012-06-22,0.0,0.610398678950978,0.0,0.0,0.0,0.1819971645846624
2012-06-25,0.0,0.6163237456995595,0.0,0.0,0.0,0.1819971645846624
2012-06-26,0.0,0.5078894254754946,0.0,0.0,0.0,0.1819971645846624
2012-06-27,0.0,0.5373548562031495,0.0,0.0,0.0,0.1819971645846624
2012-06-28,0.0,0.6053450914909034,0.0,0.0,0.0,0.1819971645846624
2012-06-29,0.0,0.42669697486842617,0.0,0.0,0.0,0.1819971645846624
2012-07-02,0.0,0.5962423781775498,0.0,0.0,0.0,0.1819971645846624
2012-07-03,0.0,0.5737471252674219,0.0,0.0,0.0,0.1819971645846624
2012-07-05,0.0,0.5582453748253718,0.0,0.0,0.0,0.1819971645846624
2012-07-06,0.0,0.5577853515616609,0.0,0.0,0.0,0.1819971645846624
2012-07-09,0.0,0.6001149360341204,0.0,0.0,0.0,0.1819971645846624
2012-07-10,0.0,0.6054928809037745,0.0,0.0,0.0,0.1819971645846624
2012-07-11,0.0,0.6617658717670499,0.0,0.0,0.0,0.1819971645846624
2012-07-12,0.0,0.5942676189090611,0.0,0.02004017507708882,0.0,0.1819971645846624
2012-07-13,0.0,0.6565358621279359,0.0,0.0,0.0,0.1819971645846624
2012-07-16,0.0,0.75,0.04559258373253615,0.0,0.0,0.1819971645846624
2012-07-17,0.0,0.75,0.06230690976678702,0.027739054937969694,0.0,0.1819971645846624
2012-07-18,0.0,0.75,0.07698075197479777,0.0,0.0,0.1819971645846624
2012-07-19,0.0,0.75,0.08508475744880395,0.0,0.0,0.1819971645846624
2012-07-20,0.0,0.75,0.0931482748680132,0.03779262616961158,0.0,0.1819971645846624
2012-07-23,0.0,0.75,0.09314827486801319,0.03401081251362933,0.0,0.1819971645846624
2012-07-24,0.0,0.75,0.08508475744880395,0.0,0.0,0.1819971645846624
2012-07-25,0.0,0.75,0.07698075197479777,0.0,0.0,0.1819971645846624
2012-07-26,0.0,0.7329901147279451,0.06883150298607144,0.0,0.0,0.1819971645846624
2012-07-27,0.0,0.75,0.06063102400697375,0.0,0.0,0.1819971645846624
2012-07-30,0.0,0.75,0.07698075197479777,0.0,0.0,0.1819971645846624
2012-07-31,0.0,0.75,0.10117517142285733,0.0,0.0,0.1819971645846624
2012-08-01,0.0,0.75,0.12506576998757335,0.0,0.0,0.1819971645846624
2012-08-02,0.0,0.75,0.14871700992082043,0.0,0.0,0.1819971645846624
2012-08-03,0.0,0.75,0.17217103695394873,0.0,0.0,0.1819971645846624
2012-08-06,0.0,0.75,0.20318646442561833,0.0,0.0,0.1819971645846624
2012-08-07,0.0,0.75,0.2108999349200414,0.0,0.0,0.1819971645846624
2012-08-08,0.0,0.75,0.21859858232760862,0.0,0.0,0.1819971645846624
2012-08-09,0.0,0.75,0.22628298283666676,0.0,0.0,0.1819971645846624
2012-08-10,0.0,0.75,0.23395367046031296,0.0,0.0,0.1819971645846624
2012-08-13,0.0,0.75,0.20318646442561833,0.0,0.0,0.1819971645846624
2012-08-14,0.0,0.75,0.16437291651511718,0.0,0.0,0.1819971645846624
2012-08-15,0.0,0.75,0.12506576998757335,0.0,0.0,0.1819971645846624
2012-08-16,0.0,0.75,0.08508475744880394,0.0,0.0,0.1819971645846624
2012-08-17,0.0,0.7380476354582967,0.04404263247014905,0.0,0.0,0.1819971645846624
2012-08-20,0.0,0.6670310587748107,0.0,0.0,0.0,0.1701857837880246
2012-08-21,0.0,0.5810090610766492,0.0,0.0,0.0,0.04907726071213145
2012-08-22,0.0,0.6965296100820965,0.0,0.0,0.0,0.04667562218998776
2012-08-23,0.0,0.7394368359883209,0.0,0.0,0.0,0.044793144735238544
2012-08-24,0.0,0.75,0.0,0.0,0.0,0.04444401325593805
2012-08-27,0.0,0.7487075094585617,0.0,0.0,0.0,0.045820100639327906
2012-08-28,0.0,0.7462111448009039,0.0,0.0,0.0,0.04843477605251069
2012-08-29,0.0,0.75,0.0,0.0,0.0,0.05443165880434192
2012-08-30,0.0,0.75,0.0,0.01871090803006936,0.0,0.07323979129187763
2012-08-31,0.0,0.75,0.0,0.0,0.0,0.1819971645846624
2012-09-04,0.0,0.75,0.08812046387445625,0.04054088434160381,0.0,0.1819971645846624
2012-09-05,0.0,0.75,0.2225936656057553,0.042947229061761176,0.0,0.1819971645846624
2012-09-06,0.0,0.75,0.2251941115070223,0.03558820474368286,0.0,0.1819971645846624
2012-09-07,0.0,0.75,0.2488850819022719,0.03355506672183463,0.0,0.1819971645846624
2012-09-10,0.0,0.75,0.20528045239037895,0.023446723133843692,0.0,0.1819971645846624
2012-09-11,0.0,0.75,0.24722994076706326,0.01979348817029527,0.0,0.1819971645846624
2012-09-12,0.0,0.75,0.2933267109183912,0.018263131119906434,0.0,0.1819971645846624
2012-09-13,0.0,0.75,0.33163791923887653,0.0,0.0,0.1819971645846624
2012-09-14,0.0,0.75,0.3177313798501345,0.0,0.0,0.1819971645846624
2012-09-17,0.0,0.75,0.35159534606727944,0.0305820834461007,0.0,0.1819971645846624
2012-09-18,0.0,0.75,0.35159534606727944,0.0186243565090189,0.0,0.1819971645846624
2012-09-19,0.0,0.75,0.35159534606727944,0.021545664171011898,0.0,0.1819971645846624
2012-09-20,0.0,0.75,0.35159534606727944,0.026439209373284075,0.0,0.1819971645846624
2012-09-21,0.0,0.75,0.35159534606727944,0.029576557481040468,0.0,0.1819971645846624
2012-09-24,0.0,0.75,0.35159534606727944,0.03246417202968145,0.0,0.1819971645846624
2012-09-25,0.0,0.75,0.34389160110090766,0.03317641744154492,0.0,0.1819971645846624
2012-09-26,0.0,0.75,0.3499328860660063,0.03363438047706183,0.0,0.1819971645846624
2012-09-27,0.0,0.75,0.3303474799211053,0.032920283161679886,0.0,0.1819971645846624
2012-09-28,0.0,0.75,0.2965766848160148,0.03305278770502848,0.0,0.1819971645846624
2012-10-01,0.0,0.75,0.3287297053187604,0.03284792934474279,0.0,0.1819971645846624
2012-10-02,0.0,0.75,0.32378452824173176,0.031055044304758427,0.0,0.1819971645846624
2012-10-03,0.0,0.75,0.31542629765367036,0.030279757812876177,0.0,0.1819971645846624
2012-10-04,0.0,0.7136981766674397,0.31936301672772877,0.029237963658522638,0.0,0.1819971645846624
2012-10-05,0.0,0.6530990158558013,0.30727997976585136,0.026314916918406015,0.0,0.1819971645846624
2012-10-08,0.0,0.5874557326429738,0.3622682665708503,0.022271931304961797,0.0,0.1819971645846624
2012-10-09,0.0,0.4748566426574286,0.29261091398893435,0.01944809421222864,0.0,0.1819971645846624
2012-10-10,0.0,0.3878575897632635,0.3202199836624889,0.0,0.0,0.1819971645846624
2012-10-11,0.0,0.33028543778307373,0.3004000353132258,0.0,0.0,0.1819971645846624
2012-10-12,0.0,0.34030361538341947,0.25350692300788435,0.0,0.0,0.1819971645846624
2012-10-15,0.0,0.34790087247674506,0.2624308994763031,0.0,0.0,0.1819971645846624
2012-10-16,0.0,0.3693741465370631,0.260338859192476,0.0,0.0,0.1819971645846624
2012-10-17,0.0,0.4304392431411311,0.22025433846877454,0.0,0.0,0.1819971645846624
2012-10-18,0.0,0.44932547698434133,0.2592165904886727,0.0,0.0,0.1819971645846624
2012-10-19,0.0,0.47593016385394943,0.2968209888819926,0.0,0.0,0.1819971645846624
2012-10-22,0.0,0.3793938845161049,0.3280055352643115,0.0,0.0,0.1819971645846624
2012-10-23,0.0,0.4858775658548793,0.3432754445705926,0.0,0.0,0.1819971645846624
2012-10-24,0.0,0.5668844447014758,0.351525874819791,0.0,0.0,0.1819971645846624
2012-10-25,0.0,0.6263838724494436,0.36524836627232987,0.0,0.0,0.1819971645846624
2012-10-26,0.0,0.5953572207179801,0.33523608525635545,0.0,0.0,0.1819971645846624
2012-10-31,0.0,0.5510761421612858,0.2671639724371849,0.0,0.0,0.1819971645846624
2012-11-01,0.0,0.5059483607203592,0.2289600043948875,0.0,0.0,0.1819971645846624
2012-11-02,0.0,0.6219968122753387,0.1904158067601369,0.0,0.0,0.1441990468104193
2012-11-05,0.0,0.5983325342712835,0.15928430037560623,0.0,0.0,0.13213891342084463
2012-11-06,0.0,0.5267261402912208,0.12782691607062419,0.0,0.0,0.1819971645846624
2012-11-07,0.0,0.551266422070776,0.09595199187026936,0.0,0.0,0.1819971645846624
2012-11-08,0.0,0.3669234653619456,0.10396689787309148,0.0,0.0,0.1819971645846624
2012-11-09,0.0,0.37996321505401753,0.11194938099985498,0.0,0.0,0.1819971645846624
2012-11-12,0.0,0.36039573493473365,0.1199019917886374,0.0,0.0,0.1819971645846624
2012-11-13,0.0,0.3461697840789986,0.1199019917886374,0.0,0.0,0.1819971645846624
2012-11-14,0.0,0.35646537023889413,0.1199019917886374,0.0,0.0,0.1819971645846624
2012-11-15,0.0,0.3713000494919007,0.1199019917886374,0.0,0.0,0.1819971645846624
2012-11-16,0.0,0.375228904093688,0.1199019917886374,0.0,0.0,0.1819971645846624
2012-11-19,0.0,0.3792662188222668,0.11194938099985498,0.0,0.0,0.1819971645846624
2012-11-20,0.0,0.528513763040763,0.11899749784472079,0.0,0.0,0.1819971645846624
2012-11-21,0.0,0.5184524760528262,0.13394722156095534,0.0,0.0,0.1819971645846624
2012-11-23,0.0,0.5020846978831761,0.1279252821393922,0.0,0.0,0.1195175554208996
2012-11-26,0.0,0.5196296134183804,0.1373614681076898,0.0,0.0,0.09199175279013992
2012-11-27,0.0,0.5142167643020625,0.16556411242685137,0.0,0.0,0.08943432116274176
2012-11-28,0.0,0.5156425118602032,0.17270456950125054,0.0,0.0,0.09274999439357072
2012-11-29,0.0,0.5390682151640124,0.15835338179074482,0.0,0.0,0.10666955607575146
2012-11-30,0.0,0.4918202602418537,0.13786506870971002,0.0,0.0,0.1819971645846624
2012-12-03,0.0,0.462869176520576,0.20237277821264027,0.0,0.0,0.1819971645846624
2012-12-04,0.0,0.4577909622816803,0.1608669451626031,0.0,0.0,0.1819971645846624
2012-12-05,0.0,0.4464726932875391,0.15167341117457464,0.0,0.0,0.1819971645846624
2012-12-06,0.0,0.45547158941322013,0.15607707455714354,0.0,0.0,0.1819971645846624
2012-12-07,0.0,0.4373028972672252,0.19976031875523956,0.0,0.0,0.1819971645846624
2012-12-10,0.0,0.4874755572918544,0.1955712486059102,0.0,0.0,0.1819971645846624
2012-12-11,0.0,0.5267260955724463,0.21630043355481746,0.0,0.0,0.1819971645846624
2012-12-12,0.0,0.5398123624482446,0.22575880407214916,0.0,0.0,0.1819971645846624
2012-12-13,0.0,0.5868072278652245,0.23224965486040922,0.0,0.0,0.1819971645846624
2012-12-14,0.0,0.6522958517480405,0.19815514308153095,0.0,0.0,0.1819971645846624
2012-12-17,0.0,0.7301700447299243,0.20796655478461024,0.0,0.0,0.1819971645846624
2012-12-18,0.0,0.6976630027458108,0.19490132603995622,0.0,0.0,0.1819971645846624
2012-12-19,0.0,0.6630455798781449,0.1790130583182348,0.0,0.0,0.1819971645846624
2012-12-20,0.0,0.6700461360681513,0.12773833389681377,0.0,0.0,0.1819971645846624
2012-12-21,0.0,0.6687068809415448,0.09595199187026936,0.0,0.0,0.1819971645846624
2012-12-24,0.0,0.7036650042402487,0.07981225448694883,0.0,0.0,0.1819971645846624
2012-12-26,0.0,0.7028856182822577,0.11106468208277735,0.0,0.0,0.1819971645846624
2012-12-27,0.0,0.7125137239540469,0.11615983935001083,0.0,0.0,0.1819971645846624
2012-12-28,0.0,0.7090690579960607,0.10396689787309148,0.0,0.0,0.1819971645846624
2012-12-31,0.0,0.6426190107382705,0.10589368791972578,0.0,0.0,0.1819971645846624
2013-01-02,0.0,0.7327948898546451,0.10971051806021624,0.0,0.0,0.20228052287287582
2013-01-03,0.0,0.6824711818094918,0.09854615874586312,0.0,0.0,0.20228052287287582
2013-01-04,0.0,0.7314581031154933,0.10568162453418413,0.0,0.0,0.20228052287287582
2013-01-07,0.0,0.6163593617766361,0.058208297709527144,0.0,0.0,0.20228052287287582
2013-01-08,0.0,0.5581186804434193,0.058208297709527144,0.0,0.0,0.20228052287287582
2013-01-09,0.0,0.5357802444303856,0.06336067976966654,0.0,0.0,0.20228052287287582
2013-01-10,0.0,0.4699182961114771,0.08337546174053759,0.0,0.0,0.20228052287287582
2013-01-11,0.0,0.4573372063021004,0.08896397832917927,0.0,0.0,0.20228052287287582
2013-01-14,0.0,0.4118301736635878,0.08658391252903024,0.0,0.0,0.20228052287287582
2013-01-15,0.0,0.3269857334357196,0.08113488928446907,0.0,0.0,0.20228052287287582
2013-01-16,0.0,0.30798256792044104,0.09157325889236138,0.0,0.0,0.20228052287287582
2013-01-17,0.0,0.30817508197923366,0.09142876068403477,0.0,0.0,0.20228052287287582
2013-01-18,0.0,0.36699074880388377,0.08719676709279693,0.0,0.0,0.20228052287287582
2013-01-22,0.0,0.407764021565914,0.11822844390600701,0.0,0.0,0.20228052287287582
2013-01-23,0.0,0.4417966590976777,0.15257467051560394,0.0,0.0,0.20228052287287582
2013-01-24,0.0,0.5266877617774388,0.26332583911045204,0.0,0.0,0.20228052287287582
2013-01-25,0.0,0.6589411282953531,0.2898151896952842,0.0,0.0,0.20228052287287582
2013-01-28,0.0,0.7152127616613579,0.32136952339760927,0.02309762261590371,0.0,0.20228052287287582
2013-01-29,0.0,0.75,0.29860299138947216,0.036925277256141545,0.0,0.20228052287287582
2013-01-30,0.0,0.75,0.35907314517353417,0.040904598781698866,0.0,0.20228052287287582
2013-01-31,0.0,0.75,0.4152426628721656,0.04098115228378401,0.0,0.20228052287287582
2013-02-01,0.0,0.75,0.4378212072838108,0.04625011550565461,0.0,0.20228052287287582
2013-02-04,0.0,0.7480244885167222,0.33558122995318185,0.048741585270623305,0.0,0.20228052287287582
2013-02-05,0.0,0.6186110917655752,0.2894194180497849,0.043072858250155936,0.0,0.20228052287287582
2013-02-06,0.0,0.6404765177635215,0.28503444283478513,0.05183185289078787,0.0,0.20228052287287582
2013-02-07,0.0,0.6148918023201325,0.3295258367097222,0.05151283691454498,0.0,0.20228052287287582
2013-02-08,0.0,0.6019025012527338,0.2202070863834666,0.05327886360971646,0.0,0.20228052287287582
2013-02-11,0.0,0.6710987190445282,0.16055224816254307,0.05362954913860068,0.0,0.20228052287287582
2013-02-12,0.0,0.75,0.10470626255905247,0.07256893409899205,0.0,0.20228052287287582
2013-02-13,0.0,0.6764399414680304,0.09596780901026658,0.08769090533697352,0.0,0.20228052287287582
2013-02-14,0.0,0.75,0.09841581540410083,0.0894892364027605,0.0,0.20228052287287582
2013-02-15,0.0,0.75,0.09143972162415814,0.09403754414629277,0.0,0.20228052287287582
2013-02-19,0.0,0.75,0.05068637792222292,0.09669633371023101,0.0,0.20228052287287582
2013-02-20,0.0,0.75,0.05465845650512865,0.1,0.0,0.20228052287287582
2013-02-21,0.0,0.75,0.0,0.08921345286708597,0.0,0.20228052287287582
2013-02-22,0.0,0.75,0.0,0.09674660108243836,0.0,0.20228052287287582
2013-02-25,0.0,0.75,0.0,0.0938922281321451,0.0,0.20228052287287582
2013-02-26,0.0,0.75,0.0,0.09318992701199098,0.0,0.20228052287287582
2013-02-27,0.0,0.75,0.0,0.0897302014674234,0.0,0.20228052287287582
2013-02-28,0.0,0.75,0.0,0.09162560506111825,0.0,0.20228052287287582
2013-03-01,0.0,0.75,0.0,0.09134523713052485,0.0,0.20228052287287582
2013-03-04,0.0,0.75,0.0,0.08390601255766773,0.0,0.20228052287287582
2013-03-05,0.0,0.75,0.0,0.0707142066959477,0.0,0.20228052287287582
2013-03-06,0.0,0.75,0.0,0.0638863407100988,0.0,0.18617673406636134
2013-03-07,0.0,0.75,0.0,0.0691033163383156,0.0,0.18490840390779842
2013-03-08,0.0,0.75,0.0,0.07203149733152907,0.0,0.20228052287287582
2013-03-11,0.0,0.75,0.0,0.06728539706547992,0.0,0.20228052287287582
2013-03-12,0.0,0.75,0.0,0.0635035068128366,0.0,0.2004809295501927
2013-03-13,0.0,0.6815323388462989,0.0,0.06873776036601018,0.0,0.17052428683730092
2013-03-14,0.0,0.6337372582809385,0.0,0.0833107501068099,0.0,0.17039050335451233
2013-03-15,0.0,0.7079594853786975,0.0,0.07815784477215368,0.0,0.17545830362740208
2013-03-18,0.0,0.7281017953588867,0.0,0.08408013231926685,0.0,0.17415035932413878
2013-03-19,0.0,0.643884348064366,0.0,0.08280614172770596,0.0,0.1748750210036183
2013-03-20,0.0,0.6446001006784646,0.0,0.08154437927320449,0.0,0.17559482616635377
2013-03-21,0.0,0.7372507654247371,0.043289616833950884,0.09786930162075554,0.0,0.17335686960083407
2013-03-22,0.0,0.6340484579301532,0.0470353243963118,0.05893768463960834,0.0,0.18465184183764327
2013-03-25,0.0,0.75,0.05002103391712852,0.07999345087548354,0.0,0.20228052287287582
2013-03-26,0.0,0.7356285463544793,0.0,0.08773920109043072,0.0,0.20228052287287582
2013-03-27,0.0,0.7076356867892667,0.0,0.0907713768087835,0.0,0.20228052287287582
2013-03-28,0.0,0.7272475164061619,0.0,0.07588849190590083,0.0,0.20228052287287582
2013-04-01,0.0,0.6780252226851897,0.05706713148591969,0.06413775451125778,0.0,0.20228052287287582
2013-04-02,0.0,0.7053532988533283,0.0,0.06684230608788254,0.0,0.20228052287287582
2013-04-03,0.0,0.6450525887488482,0.055832859143495464,0.06422423245325913,0.0,0.19642621380089237
2013-04-04,0.0,0.6996912057189217,0.0,0.07220006584722824,0.0,0.19781765140200208
2013-04-05,0.0,0.5865753179371225,0.0,0.05868346114983452,0.0,0.17142034167373926
2013-04-08,0.0,0.585077706631735,0.0,0.05438797570542099,0.0,0.1984683769869681
2013-04-09,0.0,0.3417007320183824,0.0,0.03271987353847565,0.0,0.07802305826046352
2013-04-10,0.0,0.280514085468888,0.0,0.028168254382188312,0.0,0.06748741671178939
2013-04-11,0.0,0.1793308720025084,0.0,0.0150141379005568,0.0,0.012361045756183997
2013-04-12,0.0,0.18082143557891375,0.0,0.014107859283734507,0.0,0.0
2013-04-15,0.0,0.20472727032648302,0.0,0.014092060117934393,0.0,0.0
2013-04-16,0.0,0.20726153926683846,0.0,0.0,0.0,0.0
2013-04-17,0.0,0.18618819021422395,0.0,0.0,0.0,0.0
2013-04-18,0.0,0.20569589722923495,0.0,0.0,0.0,0.0
2013-04-19,0.0,0.185164466366332,0.0,0.0,0.0,0.0
2013-04-22,0.0,0.193273109049919,0.0,0.0,0.0,0.0
2013-04-23,0.0,0.17919907305788002,0.0,0.0,0.0,0.0
2013-04-24,0.0,0.1905204451357547,0.0,0.0,0.0,0.00859415193512218
2013-04-25,0.0,0.19208762672008567,0.0,0.013049153614117643,0.0,0.009089402403193426
2013-04-26,0.0,0.17055378831945706,0.0,0.009343192879610244,0.0,0.00861729926344268
2013-04-29,0.0,0.1780345970312287,0.0,0.0,0.0,0.008428399063153631
2013-04-30,0.0,0.1775857103657869,0.0,0.0,0.0,0.009539742414966157
2013-05-01,0.0,0.18945872071899397,0.0,0.0,0.0,0.014431561810942064
2013-05-02,0.0,0.20386268771271956,0.0,0.0,0.0,0.026311023778962533
2013-05-03,0.0,0.2375772915333661,0.0,0.0,0.0,0.021600704575210312
2013-05-06,0.0,0.2299367402914992,0.0,0.01542055043498165,0.0,0.018434418511266374
2013-05-07,0.0,0.23548249052097864,0.0,0.02047625497894386,0.0,0.017614849182909845
2013-05-08,0.0,0.24040039163017385,0.0,0.019737272529330104,0.0,0.01779290732071109
2013-05-09,0.0,0.3738472779080362,0.0,0.028030342352551006,0.0,0.05079748108887139
2013-05-10,0.0,0.44945708217093605,0.0,0.031175027229261004,0.0,0.08473884512692599
2013-05-13,0.0,0.4492734462982574,0.0,0.02835749896608984,0.0,0.09779451043905443
2013-05-14,0.0,0.44807471335226035,0.0,0.02013176529365741,0.0,0.20228052287287582
2013-05-15,0.0,0.4221967369918345,0.0,0.0,0.0,0.20228052287287582
2013-05-16,0.0,0.4232125541188684,0.0,0.028648393093246932,0.0,0.20228052287287582
2013-05-17,0.0,0.38127938761577485,0.0,0.040625320317947286,0.0,0.20228052287287582
2013-05-20,0.0,0.365542371217256,0.0,0.05213502287573493,0.0,0.20228052287287582
2013-05-21,0.0,0.3335201315789555,0.0,0.044186766758036615,0.0,0.20228052287287582
2013-05-22,0.0,0.29922046879064335,0.0,0.04773119422484059,0.0,0.07067902972414762
2013-05-23,0.0,0.2553909473278422,0.0,0.04296971674951899,0.0,0.049836294521332564
2013-05-24,0.0,0.23629816286871783,0.0,0.025624738353181603,0.0,0.0
2013-05-28,0.0,0.2389935984557917,0.0,0.026222075729269177,0.0,0.0
2013-05-29,0.0,0.2543479463661521,0.0,0.02932731447941243,0.0,0.0
2013-05-30,0.0,0.21725827238440248,0.0,0.02290899723622551,0.0,0.0
2013-05-31,0.0,0.22746895579887674,0.0,0.02274430291459866,0.0,0.0
2013-06-03,0.0,0.222656219029245,0.0,0.026425627983471818,0.0,0.047141709335669725
2013-06-04,0.0,0.2386343192277382,0.0,0.02427139226593275,0.0,0.05500793564075978
2013-06-05,0.0,0.23298388101335832,0.0,0.024325071003920753,0.0,0.20228052287287582
2013-06-06,0.0,0.17177538179983814,0.0,0.023731490060004617,0.0,0.20228052287287582
2013-06-07,0.0,0.16608441984237043,0.0,0.021818778565807415,0.0,0.20228052287287582
2013-06-10,0.0,0.20975005417755443,0.0,0.02778972507556045,0.0,0.20228052287287582
2013-06-11,0.0,0.20812350705518273,0.0,0.026199162400626995,0.0,0.20228052287287582
2013-06-12,0.0,0.17113722214118823,0.0,0.037655102778864774,0.0,0.20228052287287582
2013-06-13,0.0,0.16126250611181894,0.0,0.03798149897487261,0.0,0.20228052287287582
2013-06-14,0.0,0.1694149236193342,0.0,0.04959373730119834,0.0,0.20228052287287582
2013-06-17,0.0,0.1710559362381466,0.0,0.054673536446211396,0.0,0.20228052287287582
2013-06-18,0.0,0.18961089843253834,0.0,0.058285933059001746,0.0,0.20228052287287582
2013-06-19,0.0,0.1982703811149248,0.0,0.05648072811310275,0.0,0.20228052287287582
2013-06-20,0.0,0.17601318640770552,0.0,0.049109664786687775,0.0,0.20228052287287582
2013-06-21,0.0,0.15697630796835438,0.0,0.02940138851699091,0.0,0.20228052287287582
2013-06-24,0.0,0.17082173894317407,0.0,0.027246209688092767,0.0,0.20228052287287582
2013-06-25,0.0,0.16401584223569,0.0,0.04442044103961367,0.0,0.20228052287287582
2013-06-26,0.0,0.16179439398453616,0.0,0.06332817200340891,0.0,0.20228052287287582
2013-06-27,0.0,0.18144047201606825,0.0,0.046635730828524506,0.0,0.19900355334928743
2013-06-28,0.0,0.26465958348806173,0.0,0.06057054357520148,0.0,0.19079857699616906
2013-07-01,0.0,0.3103318888971956,0.0,0.06527993703593114,0.0,0.18257498168557415
2013-07-02,0.0,0.3810381192143591,0.0,0.05509809821433529,0.0,0.09678194270187346
2013-07-03,0.0,0.4295703712307042,0.0,0.059510575874166596,0.0,0.06599604413950058
2013-07-05,0.0,0.4615469321069527,0.0,0.049636040426871274,0.0,0.0
2013-07-08,0.0,0.48884119239328594,0.0,0.045831198003895804,0.0,0.0
2013-07-09,0.0,0.5672709566505165,0.0,0.04667206790949808,0.0,0.0
2013-07-10,0.0,0.5969636835837131,0.0,0.0461869770353543,0.0,0.0
2013-07-11,0.0,0.5657558489739677,0.0,0.04555410991107503,0.0,0.0
2013-07-12,0.0,0.5607551959612651,0.0,0.046625533620727105,0.0,0.0
2013-07-15,0.0,0.5970754106343428,0.0,0.04721042036884885,0.0,0.0
2013-07-16,0.0,0.6201694650790393,0.0,0.04780105253217473,0.0,0.0
2013-07-17,0.0,0.633361622445555,0.0,0.04796623371728394,0.0,0.0
2013-07-18,0.0,0.626624871211227,0.0,0.04796799873169171,0.0,0.0
2013-07-19,0.0,0.6333623113814384,0.0,0.04787441845995939,0.0,0.0
2013-07-22,0.0,0.6272639010140495,0.0,0.04957169776271117,0.0,0.0
2013-07-23,0.0,0.6313715637854356,0.0,0.05288980554017594,0.0,0.0
2013-07-24,0.0,0.6617178974497779,0.0,0.05451396450252535,0.0,0.0548430912198216
2013-07-25,0.0,0.6517286121225535,0.0,0.06347373899824778,0.0,0.0846626696638773
2013-07-26,0.0,0.6308268659884263,0.0,0.06632125643700361,0.0,0.16606811982373063
2013-07-29,0.0,0.6333862322974128,0.0,0.07203799641850449,0.0,0.16606811982373063
2013-07-30,0.0,0.6308268659884263,0.0,0.07360018301936225,0.0,0.16606811982373063
2013-07-31,0.0,0.6266705477288196,0.0,0.0795296745981314,0.0,0.07028352902049602
2013-08-01,0.0,0.6266705477288196,0.0,0.07415829268053128,0.0,0.05554968432673691
2013-08-02,0.0,0.6266705477288196,0.0,0.0669895547035166,0.0,0.09293141312238579
2013-08-05,0.0,0.6265032843994965,0.0,0.0719623042081285,0.0,0.09586114132463401
2013-08-06,0.0,0.6332119420833546,0.0,0.07441104491417622,0.0,0.12875594399822005
2013-08-07,0.0,0.6306552533960252,0.0,0.07892207092143315,0.0,0.1545756247293655
2013-08-08,0.0,0.6306552533960252,0.0,0.08202865638979541,0.0,0.16606811982373063
2013-08-09,0.0,0.618752505735735,0.0,0.07573191671663815,0.0,0.16606811982373063
2013-08-12,0.0,0.6068376940343466,0.0,0.07716169267297014,0.0,0.16606811982373063
2013-08-13,0.0,0.5949250651489543,0.0,0.07683153827346244,0.0,0.16606811982373063
2013-08-14,0.0,0.5969236153753807,0.0,0.07634383839725267,0.0,0.16606811982373063
2013-08-15,0.0,0.5830301811971393,0.0,0.07677004695856159,0.0,0.16606811982373063
2013-08-16,0.0,0.6205955499604773,0.0,0.07637242409598628,0.0,0.16606811982373063
2013-08-19,0.0,0.6159760911672112,0.0,0.076748499724915,0.0,0.16606811982373063
2013-08-20,0.0,0.6127834360627935,0.0,0.0779057414807742,0.0,0.16606811982373063
2013-08-21,0.0,0.6162269939940971,0.0,0.07620883222176125,0.0,0.16606811982373063
2013-08-22,0.0,0.6268789314800356,0.0,0.07587473258727559,0.0,0.16606811982373063
2013-08-23,0.0,0.6392307157957311,0.0,0.08907135647289004,0.0,0.16606811982373063
2013-08-26,0.0,0.6132357884593718,0.0,0.08954716517130927,0.0,0.16606811982373063
2013-08-27,0.0,0.6223697300408403,0.0,0.09213668378273175,0.0,0.16606811982373063
2013-08-28,0.0,0.6541134952364541,0.0,0.08096535187176422,0.0,0.17433183762973153
2013-08-29,0.0,0.6543168963645581,0.0,0.0796556134573339,0.0,0.18257498168557415
2013-08-30,0.0,0.6276446739912908,0.0,0.1,0.0,0.19079857699616906
2013-09-03,0.0,0.6439307208939766,0.0,0.1,0.0,0.19900355334928743
2013-09-04,0.0,0.6298215357324721,0.0,0.1,0.0,0.20228052287287582
2013-09-05,0.0,0.6123895064649043,0.0,0.1,0.0,0.20228052287287582
2013-09-06,0.0,0.6159904197500466,0.0,0.1,0.0,0.20228052287287582
2013-09-09,0.0,0.5822820880447362,0.0,0.1,0.0,0.13573298255600524
2013-09-10,0.0,0.5673658556724953,0.0,0.1,0.0,0.13094523428930488
2013-09-11,0.0,0.5559042320576424,0.0,0.1,0.0,0.13410670270410524
2013-09-12,0.0,0.543889531952162,0.0,0.1,0.0,0.16325047391392136
2013-09-13,0.0,0.5189810259899271,0.0,0.1,0.0,0.14811512109484964
2013-09-16,0.0,0.5235249109686531,0.0,0.1,0.0,0.1454997321258711
2013-09-17,0.0,0.5338169514104052,0.0,0.1,0.0,0.16074191253914985
2013-09-18,0.0,0.5464086654236222,0.0,0.1,0.0,0.20228052287287582
2013-09-19,0.0,0.5418323928460212,0.0,0.1,0.0,0.20228052287287582
2013-09-20,0.0,0.5543294093972287,0.0,0.1,0.0,0.20228052287287582
2013-09-23,0.0,0.57424904266255,0.0,0.1,0.0,0.20228052287287582
2013-09-24,0.0,0.5785012270963263,0.0,0.1,0.0,0.20228052287287582
2013-09-25,0.0,0.5827698342866583,0.0,0.1,0.0,0.20228052287287582
2013-09-26,0.0,0.5874704476589133,0.0,0.09600245857849816,0.0,0.20228052287287582
2013-09-27,0.0,0.5933558870598516,0.0,0.09934224178481098,0.0,0.20228052287287582
2013-09-30,0.0,0.5976527820891715,0.0,0.09080102561290353,0.0,0.20228052287287582
2013-10-01,0.0,0.5957158287245315,0.0,0.09877338825253772,0.0,0.20228052287287582
2013-10-02,0.0,0.5925293966089273,0.0,0.09697835682761209,0.0,0.20228052287287582
2013-10-03,0.0,0.592608985764571,0.0,0.08755130209555172,0.0,0.20228052287287582
2013-10-04,0.0,0.6222096714035715,0.0,0.0816178165096451,0.0,0.20228052287287582
2013-10-07,0.0,0.5979348995072672,0.0,0.07972191262349704,0.0,0.20228052287287582
2013-10-08,0.0,0.6490417436806549,0.0,0.07760743157283494,0.0,0.20228052287287582
2013-10-09,0.0,0.6878697933967147,0.0,0.07556619345775759,0.0,0.20228052287287582
2013-10-10,0.0,0.7058288861652828,0.0,0.0783481006884444,0.0,0.20228052287287582
2013-10-11,0.0,0.6709010311141551,0.0,0.08167068757067766,0.0,0.20228052287287582
2013-10-14,0.0,0.6740682434823047,0.0,0.08084874367171402,0.0,0.20228052287287582
2013-10-15,0.0,0.6514110221312592,0.0,0.07652956032575257,0.0,0.20228052287287582
2013-10-16,0.0,0.6883717262621892,0.0,0.06894604050622044,0.0,0.20228052287287582
2013-10-17,0.0,0.648475177630779,0.0,0.07171186992145123,0.0,0.20228052287287582
2013-10-18,0.0,0.6475390695675162,0.0,0.07204158280138138,0.0,0.20228052287287582
2013-10-21,0.0,0.6289054164421644,0.0,0.06859425307094667,0.0,0.20228052287287582
2013-10-22,0.0,0.6333600042375076,0.0,0.07277785424545037,0.0,0.20228052287287582
2013-10-23,0.0,0.6649019608081688,0.0,0.07160488420514834,0.0,0.20228052287287582
2013-10-24,0.0,0.7379301705609138,0.0,0.07378996170553245,0.0,0.20228052287287582
2013-10-25,0.0,0.75,0.0,0.07455110169149669,0.0,0.20228052287287582
2013-10-28,0.0,0.75,0.0,0.07573836941318479,0.0,0.20228052287287582
2013-10-29,0.0,0.75,0.0,0.07279589811182827,0.0,0.19431561223904514
2013-10-30,0.0,0.75,0.0,0.07025146279230941,0.0,0.20228052287287582
2013-10-31,0.0,0.75,0.0,0.07372074351785705,0.0,0.18883293096701204
2013-11-01,0.0,0.75,0.0,0.0684661243709626,0.0,0.20228052287287582
2013-11-04,0.0,0.75,0.0,0.0659185646783854,0.0,0.20228052287287582
2013-11-05,0.0,0.75,0.0,0.057990839425550965,0.0,0.20228052287287582
2013-11-06,0.0,0.75,0.0,0.05437609403931592,0.0,0.20228052287287582
2013-11-07,0.0,0.75,0.0,0.04601131127373225,0.0,0.20228052287287582
2013-11-08,0.0,0.75,0.0,0.04352270162386764,0.0,0.20228052287287582
2013-11-11,0.0,0.75,0.0,0.03776477157024921,0.0,0.20228052287287582
2013-11-12,0.0,0.724049539390642,0.0,0.02993147709333037,0.0,0.20228052287287582
2013-11-13,0.0,0.6687647612321701,0.0,0.021077266968891183,0.0,0.20228052287287582
2013-11-14,0.0,0.5857581942869029,0.0,0.0,0.0,0.18110499282051223
2013-11-15,0.0,0.5735405777318926,0.0,0.018648921988611167,0.0,0.1743353447527449
2013-11-18,0.0,0.5696271866069063,0.0,0.0,0.0,0.18081906072653625
2013-11-19,0.0,0.11760086125425065,0.0,0.0,0.0,0.006430919631405431
2013-11-20,0.0,0.10470396191557427,0.0,0.0,0.0,0.0044510631078732805
2013-11-21,0.0,0.09465187071668775,0.0,0.0,0.0,0.0024760769183916564
2013-11-22,0.0,0.09341292976031855,0.0,0.0032318967293163367,0.0,0.002514213880306482
2013-11-25,0.0,0.09517318682364427,0.0,0.0,0.0,0.0025064291636219945
2013-11-26,0.0,0.09820475652232831,0.0,0.0,0.0,0.002659776940408348
2013-11-27,0.0,0.09990581123936275,0.0,0.0,0.0,0.002728908892355129
2013-11-29,0.0,0.10104518880086046,0.0,0.0,0.0,0.002715198817791657
2013-12-02,0.0,0.1052925081454581,0.0,0.0,0.0,0.002692829295855741
2013-12-03,0.0,0.11378870238462088,0.0,0.0035333895960668726,0.0,0.002712686732538322
2013-12-04,0.0,0.12039429813411263,0.0,0.006491658850814291,0.0,0.002830594716043541
2013-12-05,0.0,0.1296713661458073,0.0,0.010089248460807852,0.0,0.004038660402371145
2013-12-06,0.0,0.13479653433876462,0.0,0.011340008274168019,0.0,0.006027947512675444
2013-12-09,0.0,0.1279329635925317,0.0,0.010781667771276109,0.0,0.0016269817508977123
2013-12-10,0.0,0.13068842453968774,0.0,0.00963295293516535,0.0,0.0014151060160893943
2013-12-11,0.0,0.13673928708921843,0.0,0.009096892947248919,0.0,0.0014499201001394492
2013-12-12,0.0,0.13780867795174784,0.0,0.008355448016581538,0.0,0.0014533423863772193
2013-12-13,0.0,0.1379191629537102,0.0,0.00765384829674145,0.0,0.001446934982096732
2013-12-16,0.0,0.1403699309664154,0.0,0.007992658775911612,0.0,0.0015440195525435372
2013-12-17,0.0,0.14563986608591306,0.0,0.008462424058456756,0.0,0.0014725198255202644
2013-12-18,0.0,0.1445347345242393,0.0,0.010402239176832223,0.0,0.0014452753254850204
2013-12-19,0.0,0.14557679802549467,0.0,0.012481225288082506,0.0,0.0014042323565598
2013-12-20,0.0,0.7346456123471589,0.0,0.07164207278810061,0.0,0.03706819331398048
2013-12-23,0.0,0.75,0.0,0.084015474048704,0.0,0.047867977584636456
2013-12-24,0.0,0.75,0.0,0.08518472016042379,0.0,0.05036955937140977
2013-12-26,0.0,0.75,0.0,0.07567422689574294,0.0,0.05321448881447617
2013-12-27,0.0,0.75,0.0,0.07385102657794237,0.0,0.05766541423809117
2013-12-30,0.0,0.7216644328729693,0.0,0.07134407610017666,0.0,0.06371465256253239
2013-12-31,0.0,0.75,0.0,0.07929378433369551,0.0,0.08785247968950462
2014-01-02,0.0,0.6544099375784177,0.0,0.06834969559138193,0.0,0.06815052895550668
2014-01-03,0.0,0.6635217232943246,0.0,0.07310451695798269,0.0,0.0592409173557598
2014-01-06,0.0,0.664162874431065,0.0,0.05503515102053307,0.0,0.08613130808594695
2014-01-07,0.0,0.6563463191701766,0.0,0.05180362101276797,0.0,0.05340691655756419
2014-01-08,0.0,0.6638257662217176,0.0,0.049418793336577484,0.0,0.06352192014058441
2014-01-09,0.0,0.6671201765730627,0.0,0.04381252070842597,0.0,0.06706652686820934
2014-01-10,0.0,0.6721202105588392,0.0,0.03823825943238017,0.0,0.09741777872714591
2014-01-13,0.0,0.6819920620784228,0.0,0.03199855513995378,0.0,0.08804019603855823
2014-01-14,0.0,0.6821058616988428,0.0,0.029017534707284205,0.0,0.10246907724754255
2014-01-15,0.0,0.7033239786851807,0.0,0.02362389265935331,0.0,0.16738377061353873
2014-01-16,0.0,0.7014789048154415,0.0,0.019094879928020444,0.0,0.16738377061353873
2014-01-17,0.0,0.7071741773633343,0.0,0.021423615738960865,0.0,0.16738377061353873
2014-01-21,0.0,0.7239130560189834,0.0,0.0,0.0,0.16738377061353873
2014-01-22,0.0,0.7205602975021901,0.0,0.0,0.0,0.10936649017589455
2014-01-23,0.0,0.7235418870144666,0.0,0.0,0.0,0.08078805254890242
2014-01-24,0.0,0.7341730040011829,0.0,0.0,0.0,0.05915034616592811
2014-01-27,0.0,0.7090748834435899,0.0,0.0,0.0,0.06316028493636429
2014-01-28,0.0,0.6868024528692211,0.0,0.0,0.0,0.05437204161255553
2014-01-29,0.0,0.6540932415525961,0.0,0.0,0.0,0.057723447613495994
2014-01-30,0.0,0.580926187441851,0.0,0.0,0.0,0.060377154717865665
2014-01-31,0.0,0.632724810739128,0.0,0.0,0.0,0.0743680680070229
2014-02-03,0.0,0.626173066341734,0.0,0.0,0.0,0.16738377061353873
2014-02-04,0.0,0.5799347715908558,0.0,0.0,0.0,0.16738377061353873
2014-02-05,0.0,0.7026003630604096,0.0,0.021201801812399047,0.0,0.16738377061353873
2014-02-06,0.0,0.7017918388379853,0.0,0.024023175556240464,0.0,0.16738377061353873
2014-02-07,0.0,0.7072785605988788,0.0,0.02971231080072827,0.0,0.16738377061353873
2014-02-10,0.0,0.75,0.0,0.03957592726528751,0.0,0.05801139380136953
2014-02-11,0.0,0.75,0.0,0.041237620221158934,0.0,0.03959856849399168
2014-02-12,0.0,0.75,0.0,0.044880598560906246,0.0,0.0
2014-02-13,0.0,0.75,0.0,0.04333798936236432,0.0,0.0
2014-02-14,0.0,0.75,0.0,0.05072755839143965,0.0,0.0
2014-02-18,0.0,0.75,0.0,0.051591962596599164,0.0,0.0
2014-02-19,0.0,0.75,0.0,0.050317331683656964,0.0,0.0
2014-02-20,0.0,0.75,0.0,0.0512118100442426,0.0,0.0
2014-02-21,0.0,0.75,0.0,0.053453440219239666,0.0,0.0
2014-02-24,0.0,0.75,0.0,0.05332986370236267,0.0,0.0
2014-02-25,0.0,0.7493109802931314,0.0,0.052214212775462836,0.0,0.0
2014-02-26,0.0,0.5532452096795639,0.0,0.04515235449455878,0.0,0.0
2014-02-27,0.0,0.555102644311173,0.0,0.04565774490942812,0.0,0.0
2014-02-28,0.0,0.5465250048965163,0.0,0.044198582599979976,0.0,0.0
2014-03-03,0.0,0.5526953782089912,0.0,0.04067423272308929,0.0,0.0
2014-03-04,0.0,0.553871241529315,0.0,0.04517114353676637,0.0,0.0
2014-03-05,0.0,0.5311527337681635,0.0,0.041247138506993915,0.0,0.0
2014-03-06,0.0,0.5275363712655508,0.0,0.03878603238378177,0.0,0.0
2014-03-07,0.0,0.5306724922332697,0.0,0.03977947111674682,0.0,0.0
2014-03-10,0.0,0.5337394986283306,0.07255196471513842,0.0427364212551478,0.0,0.0
2014-03-11,0.0,0.5330414569891031,0.13541176524903983,0.046990809426338015,0.0,0.0
2014-03-12,0.0,0.5393558720037326,0.18544345695359474,0.04661175119025092,0.0,0.14425669810429637
2014-03-13,0.0,0.5369753653523367,0.22565099214943196,0.03232422253043487,0.0,0.13741860896941727
2014-03-14,0.0,0.5487888630374963,0.25939634500674724,0.032232063419470776,0.0,0.13741860896941727
2014-03-17,0.0,0.5496861258390034,0.3050091770787373,0.03281811891616883,0.0,0.13741860896941727
2014-03-18,0.0,0.5409418725825536,0.31812559086344483,0.028859217294684655,0.0,0.13741860896941727
2014-03-19,0.0,0.5277284968160495,0.3233641298160801,0.03217928934013358,0.0,0.13741860896941727
2014-03-20,0.0,0.5319993012516685,0.2774522403907236,0.033633159167144794,0.0,0.13741860896941727
2014-03-21,0.0,0.5262619225644687,0.20486826535395733,0.025541341454974237,0.0,0.13741860896941727
2014-03-24,0.0,0.5369553568902199,0.2506044366003205,0.02272221715826366,0.0,0.13741860896941727
2014-03-25,0.0,0.5471517121810667,0.17579127757798946,0.020086916950222487,0.0,0.04889594047645231
2014-03-26,0.0,0.5483256646556876,0.17031203279373466,0.017571121240680568,0.0,0.0
2014-03-27,0.0,0.5307721486428201,0.1367909388407581,0.0,0.0,0.0
2014-03-28,0.0,0.5261758165624968,0.10883182266728851,0.0,0.0,0.0
2014-03-31,0.0,0.5086742147278097,0.07655310072643924,0.0,0.0,0.0
2014-04-01,0.0,0.5126987590878134,0.0838538158121835,0.0,0.0,0.0
2014-04-02,0.0,0.49891503882281685,0.06753619291551916,0.0,0.0,0.0
2014-04-03,0.0,0.5133887190376324,0.06592392417969486,0.0,0.0,0.0
2014-04-04,0.0,0.5181909773772349,0.06592392417969486,0.0,0.0,0.0
2014-04-07,0.0,0.5149820303688013,0.07702454376940443,0.018154598658628573,0.0,0.0
2014-04-08,0.0,0.48522512013423114,0.0783088715130873,0.019638691107358136,0.0,0.0
2014-04-09,0.0,0.5171068595431025,0.06652166822925304,0.01814225082129276,0.0,0.059166047230718846
2014-04-10,0.0,0.5201287032605921,0.06592392417969486,0.017718874308785174,0.0,0.13741860896941727
2014-04-11,0.0,0.4457769909457875,0.06592392417969486,0.019116556000123516,0.0,0.13741860896941727
2014-04-14,0.0,0.42567476085767303,0.06267051753348339,0.02064274194099004,0.0,0.13741860896941727
2014-04-15,0.0,0.4157964309818985,0.045817163673348794,0.024662363333663825,0.0,0.13741860896941727
2014-04-16,0.0,0.4659955809763973,0.0,0.023758862974255866,0.0,0.060360626191808105
2014-04-17,0.0,0.42597058219815165,0.0,0.026034791224514384,0.0,0.0
2014-04-21,0.0,0.38124936001560206,0.0,0.020836703829218504,0.0,0.0
2014-04-22,0.0,0.3662109531994618,0.0,0.01639015906619289,0.0,0.0
2014-04-23,0.0,0.3355626588990239,0.0,0.017061115292161366,0.0,0.0
2014-04-24,0.0,0.336231479460823,0.0,0.01694536022665389,0.0,0.0
2014-04-25,0.0,0.33182075211498785,0.0,0.0,0.0,0.0
2014-04-28,0.0,0.3159297952282607,0.0,0.01651098062759788,0.0,0.08856477981805953
2014-04-29,0.0,0.3392302904506947,0.0,0.016967416071195163,0.0,0.13741860896941727
2014-04-30,0.0,0.34683002697050863,0.0,0.01743095366419902,0.0,0.13741860896941727
2014-05-01,0.0,0.34997837307202023,0.0,0.0194786445763424,0.0,0.13741860896941727
2014-05-02,0.0,0.34249848637584324,0.0,0.020175563354498337,0.0,0.13741860896941727
2014-05-05,0.0,0.33829835746605563,0.0,0.019634307964002805,0.0,0.13741860896941727
2014-05-06,0.0,0.3555861185017387,0.0,0.020525810176345468,0.0,0.13741860896941727
2014-05-07,0.0,0.3548783498235876,0.0,0.019099646272372924,0.0,0.13741860896941727
2014-05-08,0.0,0.3545010895176301,0.0,0.016905934270449566,0.0,0.13741860896941727
2014-05-09,0.0,0.3435864961075512,0.0,0.0,0.0,0.13741860896941727
2014-05-12,0.0,0.3356027919269654,0.0,0.0,0.0,0.13741860896941727
2014-05-13,0.0,0.3122006022275028,0.0,0.0,0.0,0.13741860896941727
2014-05-14,0.0,0.3279969008338714,0.0,0.0,0.0,0.13741860896941727
2014-05-15,0.0,0.33192987463161805,0.0,0.0,0.0,0.13741860896941727
2014-05-16,0.0,0.3362389807229597,0.0,0.0,0.0,0.13741860896941727
2014-05-19,0.0,0.3529164223461083,0.0,0.0,0.0,0.13741860896941727
2014-05-20,0.0,0.37076300188990274,0.0,0.0,0.0,0.13741860896941727
2014-05-21,0.0,0.40799593515723265,0.0,0.0,0.0,0.13741860896941727
2014-05-22,0.0,0.37754933177863337,0.0,0.0,0.0,0.13741860896941727
2014-05-23,0.0,0.3653304949982863,0.0,0.0,0.0,0.08455375056432166
2014-05-27,0.0,0.3439842638243351,0.0,0.0,0.0,0.053434942521812426
2014-05-28,0.0,0.2796935801562824,0.0,0.0,0.0,0.0
2014-05-29,0.0,0.29757747060007905,0.0,0.0,0.0,0.0
2014-05-30,0.0,0.3028579966620488,0.0,0.0,0.0,0.0
2014-06-02,0.0,0.3188412437068289,0.0,0.0,0.0,0.042159714510072964
2014-06-03,0.0,0.3394677360065917,0.0,0.0,0.0,0.05766514062967122
2014-06-04,0.0,0.35992809104592816,0.0,0.01628925071443853,0.0,0.13741860896941727
2014-06-05,0.0,0.367205812311036,0.0,0.01790812772217319,0.0,0.13741860896941727
2014-06-06,0.0,0.3560733066623771,0.0,0.019393835888551078,0.0,0.13741860896941727
2014-06-09,0.0,0.3562402180117083,0.0,0.020067798994645385,0.0,0.13741860896941727
2014-06-10,0.0,0.3523777937868587,0.0,0.02016168040643172,0.0,0.13741860896941727
2014-06-11,0.0,0.3462229835544562,0.0,0.024761008937052506,0.0,0.13741860896941727
2014-06-12,0.0,0.34578145152668205,0.0,0.027116392887833796,0.0,0.13741860896941727
2014-06-13,0.0,0.35364769390092676,0.0,0.03204318655023972,0.0,0.13741860896941727
2014-06-16,0.0,0.34811631792312053,0.0,0.03309232810061719,0.0,0.13741860896941727
2014-06-17,0.0,0.34193918670100243,0.0,0.031910937218484633,0.0,0.13741860896941727
2014-06-18,0.0,0.3290540967765967,0.0,0.031126433873762172,0.0,0.13741860896941727
2014-06-19,0.0,0.30363590635039706,0.0,0.029893226077928207,0.0,0.13741860896941727
2014-06-20,0.0,0.27510156226592114,0.0,0.028776479191995278,0.0,0.13741860896941727
2014-06-23,0.0,0.23558377654502727,0.057514488955804056,0.024350710702064023,0.0,0.13741860896941727
2014-06-24,0.0,0.2161217287499717,0.03961286786317947,0.020554660364332514,0.0,0.13741860896941727
2014-06-25,0.0,0.2165755933434713,0.05090418076401451,0.019400876960361368,0.0,0.13741860896941727
2014-06-26,0.0,0.21363725562810187,0.0,0.020947585510001192,0.0,0.13741860896941727
2014-06-27,0.0,0.21494194148359427,0.0,0.019092056320676273,0.0,0.13741860896941727
2014-06-30,0.0,0.21377921581873735,0.06876972418038209,0.023873622419686134,0.0,0.13741860896941727
2014-07-01,0.0,0.21384726549649477,0.09157127120567854,0.019658006069861924,0.0,0.13741860896941727
2014-07-02,0.0,0.21392270608553574,0.15427477881725066,0.022203023020286903,0.0,0.13741860896941727
2014-07-03,0.0,0.21399726436375996,0.1902397176299409,0.02024060062206913,0.0,0.13741860896941727
2014-07-07,0.0,0.21406027221653362,0.21307643618927363,0.02186483327725914,0.0,0.13741860896941727
2014-07-08,0.0,0.2153775493505731,0.15312645880105688,0.018063535080863943,0.0,0.13741860896941727
2014-07-09,0.0,0.21414688012452435,0.11602128648857064,0.021304817849237385,0.0,0.13741860896941727
2014-07-10,0.0,0.21503770291038543,0.10530748097640791,0.0,0.0,0.13741860896941727
2014-07-11,0.0,0.21520789751256214,0.16864349848368454,0.01760909106604212,0.0,0.13741860896941727
2014-07-14,0.0,0.21518850524771996,0.17896790650605846,0.016693083395225735,0.0,0.13741860896941727
2014-07-15,0.0,0.2144848829445224,0.0936617051865724,0.017798104614948334,0.0,0.13741860896941727
2014-07-16,0.0,0.21534634005756959,0.08021198454669563,0.0,0.0,0.13741860896941727
2014-07-17,0.0,0.21464241392004568,0.076351235628452,0.0,0.0,0.13741860896941727
2014-07-18,0.0,0.21561739637964536,0.07837991753114525,0.0,0.0,0.13741860896941727
2014-07-21,0.0,0.21481732096952624,0.08222687251569566,0.0,0.0,0.13741860896941727
2014-07-22,0.0,0.21618830501980718,0.08323763815196154,0.01922766788077582,0.0,0.13741860896941727
2014-07-23,0.0,0.2149884889091638,0.08525724118341385,0.018546645988041677,0.0,0.13741860896941727
2014-07-24,0.0,0.2150577236064741,0.08747590211275406,0.02155810102569564,0.0,0.13741860896941727
2014-07-25,0.0,0.21642095775883813,0.08949029750799711,0.020990194496046142,0.0,0.13741860896941727
2014-07-28,0.0,0.2159987539857199,0.09049659756638387,0.024011339779610633,0.0,0.13741860896941727
2014-07-29,0.0,0.21606971645629958,0.0886848287518122,0.021991996156195407,0.0,0.13741860896941727
2014-07-30,0.0,0.21614065069489705,0.08767745063519855,0.02344747840283502,0.0,0.13741860896941727
2014-07-31,0.0,0.2167092067235832,0.08666946295845897,0.023071153907542725,0.0,0.13741860896941727
2014-08-01,0.0,0.18851048664787617,0.09673287412779005,0.0,0.0,0.13741860896941727
2014-08-04,0.0,0.18694545060233753,0.06645519857735957,0.017558484306477534,0.0,0.13741860896941727
2014-08-05,0.0,0.2046299882387375,0.06539412027812595,0.01781755629710898,0.0,0.13741860896941727
2014-08-06,0.0,0.23317698071693577,0.059631473695622585,0.01627647617191577,0.0,0.13741860896941727
2014-08-07,0.0,0.2713783566808124,0.056375538084643434,0.0,0.0,0.13741860896941727
2014-08-08,0.0,0.3208612772007284,0.06482799817298655,0.017287071690117173,0.0,0.13741860896941727
2014-08-11,0.0,0.37176437294566683,0.08445448793027013,0.01824820582289765,0.0,0.13741860896941727
2014-08-12,0.0,0.42789359222845413,0.0482681726191504,0.01876041419650477,0.0,0.13741860896941727
2014-08-13,0.0,0.47770172995665267,0.06565459083220831,0.0,0.0,0.13741860896941727
2014-08-14,0.0,0.5225119086251646,0.07699191815162779,0.0163571635296863,0.0,0.13741860896941727
2014-08-15,0.0,0.545611465276902,0.1001184815832315,0.0,0.0,0.13741860896941727
2014-08-18,0.0,0.5205269569109064,0.16485307911226718,0.018395761832348864,0.0,0.07328377645697995
2014-08-19,0.0,0.512763109654768,0.13116835704827615,0.017670520715936482,0.0,0.0
2014-08-20,0.0,0.5001797960164087,0.15755252214624296,0.0,0.0,0.0
2014-08-21,0.0,0.4891742656399159,0.18110089628068712,0.0,0.0,0.039384324288161056
2014-08-22,0.0,0.4785547113742318,0.2052653015708767,0.0,0.0,0.0531274699533658
2014-08-25,0.0,0.4690608748938223,0.22541800292812125,0.0,0.0,0.09064772283679427
2014-08-26,0.0,0.4762124248930072,0.19764564091871925,0.0,0.0,0.13741860896941727
2014-08-27,0.0,0.4804713590766457,0.20288105460788133,0.0,0.0,0.13741860896941727
2014-08-28,0.0,0.4848606644481889,0.18836322187759705,0.0,0.0,0.13741860896941727
2014-08-29,0.0,0.49245339359750573,0.16383689243235394,0.0,0.0,0.13741860896941727
2014-09-02,0.0,0.5009625030454162,0.12923876610558868,0.0,0.0,0.13741860896941727
2014-09-03,0.0,0.5083445586587123,0.1144364359076836,0.0,0.0,0.13741860896941727
2014-09-04,0.0,0.5180969574810113,0.11006467860447343,0.0,0.0,0.13741860896941727
2014-09-05,0.0,0.5262072613206887,0.08425494489438641,0.0,0.0,0.13741860896941727
2014-09-08,0.0,0.5359739410446076,0.0458778492175408,0.0,0.0,0.13741860896941727
2014-09-09,0.0,0.5448696050312247,0.0,0.0,0.0,0.13741860896941727
2014-09-10,0.0,0.5439977447475013,0.04415816110634157,0.0,0.0,0.13741860896941727
2014-09-11,0.0,0.5452250184970283,0.046070215701489566,0.0,0.0,0.13741860896941727
2014-09-12,0.0,0.5454026625638497,0.04141839688532211,0.0,0.0,0.13741860896941727
2014-09-15,0.0,0.5442570724843975,0.0,0.0,0.0,0.13741860896941727
2014-09-16,0.0,0.5450709525120484,0.0,0.0,0.0,0.13741860896941727
2014-09-17,0.0,0.5446051611598477,0.0,0.0,0.0,0.13741860896941727
2014-09-18,0.0,0.5447798675835598,0.0,0.0,0.0,0.13741860896941727
2014-09-19,0.0,0.5427881852326232,0.0,0.0,0.0,0.13741860896941727
2014-09-22,0.0,0.5429583400687689,0.0,0.0,0.0,0.10225869481712031
2014-09-23,0.0,0.5182558782571959,0.0,0.0,0.0,0.08123196945258192
2014-09-24,0.0,0.528764984257817,0.0,0.0,0.0,0.08600842091484291
2014-09-25,0.0,0.5157639516305211,0.0,0.0,0.0,0.09306180054341333
2014-09-26,0.0,0.5317320882343701,0.0,0.0,0.0,0.09510623913345312
2014-09-29,0.0,0.531371287990229,0.0,0.0,0.0,0.10214724852554001
2014-09-30,0.0,0.5381347073694004,0.0,0.0,0.0,0.13741860896941727
2014-10-01,0.0,0.5511062594971272,0.0,0.0,0.0,0.13741860896941727
2014-10-02,0.0,0.5526951782292464,0.0,0.0,0.0,0.13741860896941727
2014-10-03,0.0,0.5551950618727266,0.0,0.0,0.0,0.13741860896941727
2014-10-06,0.0,0.5543613429283815,0.0,0.0,0.0,0.13741860896941727
2014-10-07,0.0,0.564372037895643,0.0,0.0,0.0,0.13741860896941727
2014-10-08,0.0,0.5390209537313999,0.0,0.0,0.0,0.07596495785282513
2014-10-09,0.0,0.6415553548293749,0.0,0.0,0.0,0.08376502807509267
2014-10-10,0.0,0.6186967881336128,0.0,0.0,0.0,0.13741860896941727
2014-10-13,0.0,0.5649799803339308,0.0,0.0,0.0,0.13741860896941727
2014-10-14,0.0,0.5710919767699628,0.0,0.0,0.0,0.13741860896941727
2014-10-15,0.0,0.5635497836213206,0.0,0.0,0.0,0.06429944802876777
2014-10-16,0.0,0.5658676176063678,0.0,0.0,0.0,0.04823331134715517
2014-10-17,0.0,0.5341754156169679,0.0,0.0,0.0,0.04124400540929466
2014-10-20,0.0,0.5051562010982797,0.0,0.0,0.0,0.0
2014-10-21,0.0,0.6042068785706836,0.0,0.0,0.0,0.052693548986306724
2014-10-22,0.0,0.6530716259605358,0.0,0.0,0.0,0.08875923730726877
2014-10-23,0.0,0.5069795094681375,0.0,0.0,0.0,0.13741860896941727
2014-10-24,0.0,0.3955471886478149,0.0,0.0,0.0,0.13741860896941727
2014-10-27,0.0,0.27734538701542694,0.0,0.0,0.0,0.13741860896941727
2014-10-28,0.0,0.25267594909831803,0.0,0.0,0.0,0.13741860896941727
2014-10-29,0.0,0.2719007285567584,0.0,0.0,0.0,0.13741860896941727
2014-10-30,0.0,0.2557496512689229,0.0,0.0,0.0,0.13741860896941727
2014-10-31,0.0,0.2809057510731699,0.0,0.0,0.0,0.13741860896941727
2014-11-03,0.0,0.2878579966981256,0.0,0.0,0.0,0.13741860896941727
2014-11-04,0.0,0.2843151766060763,0.0,0.0,0.0,0.13741860896941727
2014-11-05,0.0,0.2950506154242058,0.0,0.0,0.0,0.13741860896941727
2014-11-06,0.0,0.30010487659680796,0.0,0.0,0.0,0.13741860896941727
2014-11-07,0.0,0.2964592472642523,0.0,0.0,0.0,0.13741860896941727
2014-11-10,0.0,0.3107650514600892,0.0,0.0,0.0,0.13741860896941727
2014-11-11,0.0,0.303906872233957,0.0,0.0,0.0,0.07871049084539371
2014-11-12,0.0,0.28627437982978304,0.0,0.0,0.0,0.0
2014-11-13,0.0,0.26794279216658334,0.0,0.0,0.0,0.0
2014-11-14,0.0,0.25881015939220925,0.0,0.0,0.0,0.0
2014-11-17,0.0,0.24732022497436817,0.0,0.0,0.0,0.0
2014-11-18,0.0,0.2453732085633038,0.0,0.0,0.0,0.0
2014-11-19,0.0,0.23395438603033197,0.0,0.0,0.0,0.0
2014-11-20,0.0,0.23582002789670709,0.0,0.0,0.0,0.0
2014-11-21,0.0,0.2299290733679228,0.0,0.0,0.0,0.0
2014-11-24,0.0,0.22740683656786753,0.0,0.0,0.0,0.0
2014-11-25,0.0,0.21963493781725096,0.0,0.0,0.0,0.0
2014-11-26,0.0,0.21859402213127987,0.0,0.0,0.0,0.0
2014-11-28,0.0,0.2186050136451897,0.0,0.0,0.0,0.0
2014-12-01,0.0,0.21862332955465608,0.0,0.0,0.0,0.0
2014-12-02,0.0,0.21965530047542914,0.0,0.0,0.0,0.0
2014-12-03,0.0,0.21957197869506712,0.0,0.0,0.0,0.0
2014-12-04,0.0,0.2195974045370095,0.0,0.0,0.0,0.0
2014-12-05,0.0,0.2196235982179624,0.0,0.0,0.0,0.0
2014-12-08,0.0,0.21965326346480923,0.0,0.0,0.0,0.0
2014-12-09,0.0,0.21978872971829072,0.0,0.0,0.0,0.0
2014-12-10,0.0,0.21981183430170007,0.0,0.0,0.0,0.0
2014-12-11,0.0,0.22364353863847497,0.0,0.0,0.0,0.0
2014-12-12,0.0,0.22458597921858633,0.0,0.0,0.0,0.0
2014-12-15,0.0,0.23645396731439733,0.0,0.0,0.0,0.0
2014-12-16,0.0,0.23046286254176318,0.0,0.0,0.0,0.0
2014-12-17,0.0,0.21911821645372004,0.0,0.0,0.0,0.0
2014-12-18,0.0,0.28531651732680563,0.0,0.0,0.0,0.0
2014-12-19,0.0,0.3317435470894783,0.0,0.0,0.0,0.0
2014-12-22,0.0,0.37889597350649973,0.0,0.0,0.0,0.0
2014-12-23,0.0,0.4035685520346085,0.0,0.0,0.0,0.0
2014-12-24,0.0,0.43613399028683886,0.0,0.0,0.0,0.0
2014-12-26,0.0,0.44679560855630857,0.0,0.0,0.0,0.0
2014-12-29,0.0,0.4797384923808398,0.0,0.0,0.0,0.0
2014-12-30,0.0,0.5263962256213892,0.0,0.0,0.0,0.0
2014-12-31,0.0,0.5529650261023447,0.0,0.0,0.0,0.0
2015-01-02,0.0,0.62845674355126,0.0,0.0,0.0,0.0
2015-01-05,0.0,0.6547549540624495,0.0,0.0,0.0,0.0
2015-01-06,0.0,0.6961324853927521,0.0,0.0,0.0,0.0
2015-01-07,0.0,0.6879395130478893,0.0,0.0,0.0,0.0
2015-01-08,0.0,0.6607795872231349,0.0,0.0,0.0,0.0
2015-01-09,0.0,0.75,0.0,0.0,0.0,0.0
2015-01-12,0.0,0.75,0.0,0.0,0.0,0.0
2015-01-13,0.0,0.75,0.0,0.0,0.0,0.0
2015-01-14,0.0,0.75,0.0,0.0,0.0,0.0
2015-01-15,0.0,0.75,0.0,0.0,0.0,0.0
2015-01-16,0.0,0.7499113121990569,0.0,0.0,0.0,0.0
2015-01-20,0.0,0.75,0.08896741006559428,0.0,0.0,0.0
2015-01-21,0.0,0.75,0.17028988126180383,0.0,0.0,0.0
2015-01-22,0.0,0.75,0.195550150994072,0.0,0.0,0.0
2015-01-23,0.0,0.75,0.19868632413642376,0.0,0.0,0.0
2015-01-26,0.0,0.75,0.20538523816563858,0.0,0.0,0.0
2015-01-27,0.0,0.7494343099920235,0.2469016211360449,0.0,0.0,0.0
2015-01-28,0.0,0.75,0.3449023795339575,0.0,0.0,0.0
2015-01-29,0.0,0.75,0.35723140806360737,0.0,0.0,0.0
2015-01-30,0.0,0.75,0.29435365146861586,0.0,0.0,0.0
2015-02-02,0.0,0.75,0.34493796810543376,0.0,0.0,0.0
2015-02-03,0.0,0.75,0.3318654703454886,0.0,0.0,0.0
2015-02-04,0.0,0.75,0.3251911434735526,0.0,0.0,0.0
2015-02-05,0.0,0.75,0.3116535289593868,0.0,0.0,0.0
2015-02-06,0.0,0.75,0.2965344576723814,0.0,0.0,0.0
2015-02-09,0.0,0.75,0.2514161352916991,0.0,0.0,0.0
2015-02-10,0.0,0.75,0.2263795872183016,0.0,0.0,0.0
2015-02-11,0.0,0.75,0.19192714716526024,0.0,0.0,0.0
2015-02-12,0.0,0.75,0.15630414767784137,0.0,0.0,0.0
2015-02-13,0.0,0.75,0.11676051597758672,0.0,0.0,0.0
2015-02-17,0.0,0.75,0.07237364512401485,0.0,0.0,0.0
2015-02-18,0.0,0.7411263246511052,0.07079474961008347,0.0,0.0,0.0
2015-02-19,0.0,0.7283018755145984,0.07079474961008347,0.0,0.0,0.0
2015-02-20,0.0,0.6828157965625833,0.07079474961008347,0.0,0.0,0.0
2015-02-23,0.0,0.675254122336597,0.07079474961008347,0.0,0.0,0.0
2015-02-24,0.0,0.6747758232533478,0.06466629798305827,0.0,0.0,0.0
2015-02-25,0.0,0.6745418263929915,0.049202390034572635,0.0,0.0,0.0
2015-02-26,0.0,0.6822773451193733,0.0,0.0,0.0,0.0
2015-02-27,0.0,0.6747782136847399,0.0,0.0,0.0,0.0
2015-03-02,0.0,0.6796384299097497,0.0,0.0,0.0,0.0
2015-03-03,0.0,0.6751265065427702,0.0,0.0,0.0,0.0
2015-03-04,0.0,0.6800690125659625,0.0,0.0,0.0,0.0
2015-03-05,0.0,0.6802909638092525,0.0,0.0,0.0,0.0
2015-03-06,0.0,0.6805421397635448,0.0,0.0,0.0,0.0
2015-03-09,0.0,0.6757966406928223,0.0,0.0,0.0,0.0
2015-03-10,0.0,0.6816325056752041,0.0,0.0,0.0,0.0
2015-03-11,0.0,0.6712630886961668,0.0,0.0,0.0,0.0
2015-03-12,0.0,0.6527888830167716,0.0,0.0,0.0,0.0
2015-03-13,0.0,0.6716945221196791,0.0,0.0,0.0,0.0
2015-03-16,0.0,0.6011996791557686,0.0,0.0,0.0,0.0
2015-03-17,0.0,0.6521272363976123,0.0,0.0,0.0,0.0
2015-03-18,0.0,0.6343818128280833,0.0,0.0,0.0,0.0
2015-03-19,0.0,0.648385666264133,0.0,0.0,0.0,0.0
2015-03-20,0.0,0.6403155928853768,0.0,0.0,0.0,0.0
2015-03-23,0.0,0.6831293947072463,0.0,0.0,0.0,0.0
2015-03-24,0.0,0.634844854381642,0.0,0.0,0.0,0.0
2015-03-25,0.0,0.6337006051916612,0.0,0.0,0.0,0.0
2015-03-26,0.0,0.6221376664990128,0.0,0.0,0.0,0.0
2015-03-27,0.0,0.6216966327645106,0.0,0.0,0.0,0.0
2015-03-30,0.0,0.6212679542133912,0.0,0.0,0.0,0.0
2015-03-31,0.0,0.5885425324339993,0.0,0.0,0.0,0.0
2015-04-01,0.0,0.5747603529056525,0.0,0.0,0.0,0.0
2015-04-02,0.0,0.6129171922803585,0.0,0.0,0.0,0.0
2015-04-06,0.0,0.7030617631642355,0.0,0.0,0.0,0.0
2015-04-07,0.0,0.6976853005331267,0.0,0.0,0.0,0.0
2015-04-08,0.0,0.7303082545501678,0.0,0.0,0.0,0.0
2015-04-09,0.0,0.7034851650027637,0.0,0.0,0.0,0.0
2015-04-10,0.0,0.7106752632970732,0.0,0.0,0.0,0.0
2015-04-13,0.0,0.75,0.0,0.0,0.0,0.0
2015-04-14,0.0,0.75,0.0,0.0,0.0,0.0
2015-04-15,0.0,0.7492539973598961,0.0,0.0,0.0,0.0
2015-04-16,0.0,0.6921543232308182,0.0,0.0,0.0,0.0
2015-04-17,0.0,0.6359422796460894,0.0,0.0,0.0,0.0
2015-04-20,0.0,0.5775678624093948,0.0,0.0,0.0,0.0
2015-04-21,0.0,0.5117483865541997,0.0,0.0,0.0,0.0
2015-04-22,0.0,0.4416904873334953,0.0,0.0,0.0,0.0
2015-04-23,0.0,0.38866668302945984,0.0,0.0,0.0,0.0
2015-04-24,0.0,0.381283495187617,0.0,0.0,0.0,0.0
2015-04-27,0.0,0.3382388450840026,0.0,0.0,0.0,0.0
2015-04-28,0.0,0.3454573346214213,0.0,0.0,0.0,0.0
2015-04-29,0.0,0.3483226984430804,0.0,0.0,0.0,0.0
2015-04-30,0.0,0.3705240803596077,0.0,0.0,0.0,0.0
2015-05-01,0.0,0.34612375649761706,0.0,0.0,0.0,0.0
2015-05-04,0.0,0.3981680715382161,0.0,0.0,0.0,0.0
2015-05-05,0.0,0.42416526367482194,0.0,0.0,0.0,0.0
2015-05-06,0.0,0.47652500043652246,0.0,0.0,0.0,0.0
2015-05-07,0.0,0.4546761839151792,0.0,0.0,0.0,0.0
2015-05-08,0.0,0.5345889712709061,0.0,0.0,0.0,0.0
2015-05-11,0.0,0.533165059792676,0.0,0.0,0.0,0.0
2015-05-12,0.0,0.4846557662725004,0.0,0.0,0.0,0.0
2015-05-13,0.0,0.487614279852026,0.0,0.0,0.0,0.0
2015-05-14,0.0,0.519800297619409,0.0,0.0,0.0,0.0
2015-05-15,0.0,0.6064475222360882,0.0,0.0,0.0,0.0
2015-05-18,0.0,0.6421500082729064,0.0,0.0,0.0,0.0
2015-05-19,0.0,0.6818183379331871,0.0,0.0,0.0,0.0
2015-05-20,0.0,0.7363792782625261,0.0,0.0,0.0,0.0
2015-05-21,0.0,0.75,0.0,0.0,0.0,0.0
2015-05-22,0.0,0.75,0.0,0.0,0.0,0.0
2015-05-26,0.0,0.75,0.0,0.0,0.0,0.0
2015-05-27,0.0,0.75,0.0,0.0,0.0,0.0
2015-05-28,0.0,0.7263924969467105,0.0,0.0,0.0,0.0
2015-05-29,0.0,0.75,0.0,0.0,0.0,0.0
2015-06-01,0.0,0.75,0.0,0.0,0.0,0.0
2015-06-02,0.0,0.75,0.0,0.0,0.0,0.0
2015-06-03,0.0,0.75,0.0,0.0,0.0,0.0
2015-06-04,0.0,0.75,0.0,0.0,0.0,0.0
2015-06-05,0.0,0.75,0.0,0.0,0.0,0.0
2015-06-08,0.0,0.75,0.0,0.0,0.0,0.0
2015-06-09,0.0,0.75,0.0,0.0,0.0,0.0
2015-06-10,0.0,0.75,0.0,0.0,0.0,0.0
2015-06-11,0.0,0.75,0.0,0.0,0.0,0.0
2015-06-12,0.0,0.75,0.0,0.0,0.0,0.0
2015-06-15,0.0,0.75,0.0,0.0,0.0,0.0
2015-06-16,0.0,0.75,0.0,0.0,0.0,0.0
2015-06-17,0.0,0.75,0.0,0.0,0.0,0.0
2015-06-18,0.0,0.75,0.0,0.0,0.0,0.0
2015-06-19,0.0,0.75,0.0,0.0,0.0,0.0
2015-06-22,0.0,0.75,0.0,0.0,0.0,0.0
2015-06-23,0.0,0.75,0.0,0.0,0.0,0.0
2015-06-24,0.0,0.75,0.0,0.0,0.0,0.0
2015-06-25,0.0,0.75,0.0,0.0,0.0,0.0
2015-06-26,0.0,0.75,0.0,0.0,0.0,0.0
2015-06-29,0.0,0.75,0.0,0.0,0.0,0.0
2015-06-30,0.0,0.75,0.0,0.0,0.0,0.0
2015-07-01,0.0,0.75,0.0,0.0,0.0,0.0
2015-07-02,0.0,0.75,0.0,0.0,0.0,0.0
2015-07-06,0.0,0.75,0.0,0.0,0.0,0.0
2015-07-07,0.0,0.75,0.0,0.0,0.0,0.0
2015-07-08,0.0,0.75,0.0,0.0,0.0,0.0
2015-07-09,0.0,0.75,0.0,0.0,0.0,0.0
2015-07-10,0.0,0.75,0.0,0.0,0.0,0.0
2015-07-13,0.0,0.75,0.0,0.0,0.0,0.0
2015-07-14,0.0,0.75,0.0,0.0,0.0,0.0
2015-07-15,0.0,0.6152658407568493,0.0,0.0,0.0,0.0
2015-07-16,0.0,0.6053062596520407,0.0,0.0,0.0,0.0
2015-07-17,0.0,0.39950354801704696,0.0,0.0,0.0,0.0
2015-07-20,0.0,0.31050558095854786,0.0,0.0,0.0,0.0
2015-07-21,0.0,0.30417266582270686,0.0,0.0,0.0,0.0
2015-07-22,0.0,0.31258537116755436,0.0,0.0,0.0,0.0
2015-07-23,0.0,0.323619790269635,0.0,0.0,0.0,0.0
2015-07-24,0.0,0.31973337452828016,0.0,0.0,0.0,0.0
2015-07-27,0.0,0.2455620165654145,0.0,0.0,0.0,0.12769713442013272
2015-07-28,0.0,0.2478434853108438,0.0,0.0,0.0,0.1344303523453808
2015-07-29,0.0,0.2772085923603141,0.0,0.0,0.0,0.0649676565357604
2015-07-30,0.0,0.3266453050783177,0.0,0.0,0.0,0.0955569129120272
2015-07-31,0.0,0.33914175094908067,0.0,0.0,0.0,0.0
2015-08-03,0.0,0.3348384493311986,0.0,0.0,0.0,0.0
2015-08-04,0.0,0.326633334943371,0.0,0.0,0.0,0.0
2015-08-05,0.0,0.3177563953419986,0.0,0.0,0.0,0.0
2015-08-06,0.0,0.3251675042810106,0.0,0.0,0.0,0.0
2015-08-07,0.0,0.3154390955380174,0.0,0.0,0.0,0.0
2015-08-10,0.0,0.31649599497646835,0.0,0.0,0.0,0.0
2015-08-11,0.0,0.33576324187565665,0.0,0.0,0.0,0.0
2015-08-12,0.0,0.3007319813132095,0.0,0.0,0.0,0.0
2015-08-13,0.0,0.2914533247052394,0.0,0.0,0.0,0.0
2015-08-14,0.0,0.22767140069289338,0.0,0.0,0.0,0.0
2015-08-17,0.0,0.21822133978099578,0.0,0.0,0.0,0.0
2015-08-18,0.0,0.20899191387664035,0.0,0.0,0.0,0.0
2015-08-19,0.0,0.19043985702032346,0.0,0.0,0.0,0.0
2015-08-20,0.0,0.18707607580672803,0.0,0.0,0.0,0.0
2015-08-21,0.0,0.19353145515764988,0.0,0.0,0.0,0.0
2015-08-24,0.0,0.17006960340085037,0.0,0.0,0.0,0.0
2015-08-25,0.0,0.24154792039409856,0.0,0.0,0.0,0.0
2015-08-26,0.0,0.23399803953519624,0.0,0.0,0.0,0.0
2015-08-27,0.0,0.16658476950803747,0.0,0.0,0.0,0.0
2015-08-28,0.0,0.14593393009975386,0.0,0.0,0.0,0.0
2015-08-31,0.0,0.2076308966924489,0.0,0.0,0.0,0.0
2015-09-01,0.0,0.12972913584527193,0.0,0.0,0.0,0.0
2015-09-02,0.0,0.13047184838379755,0.0,0.0,0.0,0.0
2015-09-03,0.0,0.11759545459584293,0.0,0.0,0.0,0.0
2015-09-04,0.0,0.13070458714582317,0.0,0.0,0.0,0.0
2015-09-08,0.0,0.10457463009430149,0.0,0.0,0.0,0.0
2015-09-09,0.0,0.09443811076589509,0.0,0.0,0.0,0.0
2015-09-10,0.0,0.0977271347208157,0.0,0.0,0.0,0.0
2015-09-11,0.0,0.0945778565059721,0.0,0.0,0.0,0.0
2015-09-14,0.0,0.1335131655487562,0.0,0.0,0.0,0.0
2015-09-15,0.0,0.13970491466498286,0.0,0.0,0.0,0.0
2015-09-16,0.0,0.12709272222308765,0.0,0.0,0.0,0.0
2015-09-17,0.0,0.11948895523023109,0.0,0.0,0.0,0.0
2015-09-18,0.0,0.1042868650847641,0.0,0.0,0.0,0.0
2015-09-21,0.0,0.0763843006104205,0.0,0.0,0.0,0.0
2015-09-22,0.0,0.10579820094443729,0.0,0.0,0.0,0.0
2015-09-23,0.0,0.11544947997850985,0.0,0.01895338421392203,0.0,0.0
2015-09-24,0.0,0.2639759345354916,0.0,0.032652158627937876,0.0,0.0
2015-09-25,0.0,0.2821465623553923,0.0,0.04679823800264108,0.0,0.0
2015-09-28,0.0,0.1418844562791969,0.0,0.052501926091608704,0.0,0.0
2015-09-29,0.0,0.0,0.0,0.03960774773776598,0.0,0.0
2015-09-30,0.0,0.0,0.0,0.05572200779509181,0.0,0.0
2015-10-01,0.0,0.0,0.0,0.04044890678559508,0.0,0.0
2015-10-02,0.0,0.08169260180482216,0.0,0.0,0.0,0.0
2015-10-05,0.0,0.31252098034974746,0.0,0.040852130468172106,0.0,0.0
2015-10-06,0.0,0.29029354163637633,0.0,0.019217102808509134,0.0,0.04871926585726909
2015-10-07,0.0,0.2498119043818652,0.0,0.06740857658618413,0.0,0.0615669548903758
2015-10-08,0.0,0.2879178084466265,0.0,0.057711016069072286,0.0,0.14757185854467586
2015-10-09,0.0,0.19869464255541572,0.0,0.06682029753225077,0.0,0.10579291191267409
2015-10-12,0.0,0.23120855878724267,0.0,0.06634314137348851,0.0,0.14757185854467586
2015-10-13,0.0,0.2306907197705173,0.0,0.06982406748410357,0.0,0.0
2015-10-14,0.0,0.21185378660249765,0.0,0.06382536883548603,0.0,0.06636488465710741
2015-10-15,0.0,0.2289357138982135,0.0,0.0698345665478861,0.0,0.14757185854467586
2015-10-16,0.0,0.3334788095854054,0.0,0.069839847372283,0.0,0.14757185854467586
2015-10-19,0.0,0.3764535604429586,0.0,0.034592729889554835,0.0,0.1549151836597834
2015-10-20,0.0,0.36696334757426036,0.0,0.0,0.0,0.16224022647873843
2015-10-21,0.0,0.3378193613592166,0.0,0.0,0.0,0.1695478978439101
2015-10-22,0.0,0.31921336642345305,0.0,0.0,0.0,0.17683902398558018
2015-10-23,0.0,0.3311951060935347,0.0,0.0,0.0,0.17975101265326357
2015-10-26,0.0,0.3379084402904776,0.0,0.0,0.0,0.17975101265326357
2015-10-27,0.0,0.34612001506182316,0.0,0.0,0.0,0.17975101265326357
2015-10-28,0.0,0.3515525181257965,0.0,0.0,0.0,0.17975101265326357
2015-10-29,0.0,0.3348739263786288,0.0,0.0,0.0,0.17975101265326357
2015-10-30,0.0,0.3323128737553364,0.0,0.0,0.0,0.17975101265326357
2015-11-02,0.0,0.31809746921797727,0.0,0.0,0.0,0.17975101265326357
2015-11-03,0.0,0.30737965861471367,0.0,0.0,0.0,0.17975101265326357
2015-11-04,0.0,0.29939930315952185,0.0,0.0,0.0,0.17975101265326357
2015-11-05,0.0,0.2874874939670365,0.0,0.0,0.0,0.17975101265326357
2015-11-06,0.0,0.2771273019266336,0.0,0.0,0.0,0.17975101265326357
2015-11-09,0.0,0.2740681989702217,0.0,0.0,0.0,0.17975101265326357
2015-11-10,0.0,0.2566286001203619,0.0,0.0,0.0,0.17975101265326357
2015-11-11,0.0,0.2568159210439638,0.0,0.0,0.0,0.10126358630484648
2015-11-12,0.0,0.2396651076878673,0.0,0.0,0.0,0.055697393484076006
2015-11-13,0.0,0.23849292573473524,0.0,0.0,0.0,0.05503460004351177
2015-11-16,0.0,0.17654140487188186,0.0,0.0,0.0,0.05193274062025436
2015-11-17,0.0,0.2119506443400348,0.0,0.0,0.0,0.051806494429771456
2015-11-18,0.0,0.2185910604063106,0.0,0.0,0.0,0.060193042222847486
2015-11-19,0.0,0.24807780910772237,0.0,0.0,0.0,0.08338970053492793
2015-11-20,0.0,0.2720667036058661,0.0,0.0,0.0,0.1041497743445434
2015-11-23,0.0,0.27263514525030474,0.0,0.0,0.0,0.17975101265326357
2015-11-24,0.0,0.27119785927963946,0.0,0.0,0.0,0.17975101265326357
2015-11-25,0.0,0.25061151052233444,0.0,0.0,0.0,0.17975101265326357
2015-11-27,0.0,0.28168519366513306,0.0,0.0,0.0,0.17975101265326357
2015-11-30,0.0,0.27876103008990033,0.0,0.0,0.0,0.17975101265326357
2015-12-01,0.0,0.2395945917741805,0.0,0.0,0.0,0.17975101265326357
2015-12-02,0.0,0.28986675967537706,0.0,0.0,0.0,0.12329261231002993
2015-12-03,0.0,0.2939918392055816,0.0,0.0,0.0,0.12562617736220286
2015-12-04,0.0,0.2667180694050281,0.0,0.0,0.0,0.08227250253437147
2015-12-07,0.0,0.2667245888989711,0.0,0.0,0.0,0.0785953881437878
2015-12-08,0.0,0.2762239811352364,0.0,0.0,0.0,0.07428679893999171
2015-12-09,0.0,0.27714963846340124,0.0,0.0,0.0,0.09407927155195471
2015-12-10,0.0,0.40028516705619066,0.0,0.0,0.0,0.10168636016437323
2015-12-11,0.0,0.3823563446931134,0.0,0.0,0.0,0.12400194906571496
2015-12-14,0.0,0.38978945745881727,0.0,0.0,0.0,0.13173816745973302
2015-12-15,0.0,0.43390729328869065,0.0,0.0,0.0,0.12732510850237747
2015-12-16,0.0,0.4517630954552395,0.0,0.0,0.0,0.13884926237158582
2015-12-17,0.0,0.5316067300446375,0.0,0.0,0.0,0.17975101265326357
2015-12-18,0.0,0.533355261902795,0.0,0.0,0.0,0.17975101265326357
2015-12-21,0.0,0.5230090306469751,0.0,0.0,0.0,0.17975101265326357
2015-12-22,0.0,0.49211631968476344,0.0,0.0,0.0,0.17975101265326357
2015-12-23,0.0,0.4329760151592812,0.0,0.0,0.0,0.17975101265326357
2015-12-24,0.0,0.39143041901681785,0.0,0.0,0.0,0.17975101265326357
2015-12-28,0.0,0.35747174649794144,0.0,0.0,0.0,0.17975101265326357
2015-12-29,0.0,0.3319173466938507,0.0,0.0,0.0,0.17975101265326357
2015-12-30,0.0,0.30354908672208025,0.0,0.0,0.0,0.17975101265326357
2015-12-31,0.0,0.31989412937941264,0.0,0.0,0.0,0.17975101265326357
2016-01-04,0.0,0.3683649786396063,0.0,0.0,0.0,0.19415210491880147
2016-01-05,0.0,0.3692594358310351,0.0,0.0,0.0,0.19415210491880147
2016-01-06,0.0,0.3536510991704992,0.0,0.0,0.0,0.19415210491880147
2016-01-07,0.0,0.2737245325970105,0.0,0.0,0.0,0.19415210491880147
2016-01-08,0.0,0.32627989596485985,0.0,0.0,0.0,0.19415210491880147
2016-01-11,0.0,0.3362116567810491,0.0,0.0,0.0,0.19415210491880147
2016-01-12,0.0,0.33286497263903514,0.0,0.0,0.0,0.19415210491880147
2016-01-13,0.0,0.3203265780297403,0.0,0.0,0.0,0.19415210491880147
2016-01-14,0.0,0.36662578758891345,0.0,0.0,0.0,0.19415210491880147
2016-01-15,0.0,0.3403332178736325,0.0,0.0,0.0,0.19415210491880147
2016-01-19,0.0,0.4521811668769147,0.0,0.0,0.0,0.08634304135926762
2016-01-20,0.0,0.45089167227694554,0.0,0.0,0.0,0.07225750138212358
2016-01-21,0.0,0.4558430025518305,0.0,0.0,0.0,0.08009865436889742
2016-01-22,0.0,0.45709579011847906,0.0,0.0,0.0,0.0775929046727115
2016-01-25,0.0,0.34654043009028157,0.0,0.0,0.0,0.0737736089893382
2016-01-26,0.0,0.36576802251509344,0.0,0.0,0.0,0.08411365354832696
2016-01-27,0.0,0.3420474699593956,0.0,0.0,0.0,0.09906422481097006
2016-01-28,0.0,0.3714622566205435,0.0,0.0,0.0,0.12029353960383873
2016-01-29,0.0,0.36403147427749283,0.0,0.0,0.0,0.19415210491880147
2016-02-01,0.0,0.4471108401128317,0.0,0.0,0.0,0.19415210491880147
2016-02-02,0.0,0.4982231084667517,0.0,0.0,0.0,0.19415210491880147
2016-02-03,0.0,0.49591456533437295,0.0,0.0,0.0,0.19415210491880147
2016-02-04,0.0,0.4939725422005613,0.0,0.0,0.0,0.19415210491880147
2016-02-05,0.0,0.4001266272434,0.0,0.0,0.0,0.19415210491880147
2016-02-08,0.0,0.3165593024738669,0.0,0.0,0.0,0.19415210491880147
2016-02-09,0.0,0.3066562830540522,0.12720752350454653,0.0,0.0,0.19415210491880147
2016-02-10,0.0,0.29204589691589394,0.13057906032525704,0.0,0.0,0.19415210491880147
2016-02-11,0.0,0.2773982468868264,0.17862926963971518,0.0,0.0,0.19415210491880147
2016-02-12,0.0,0.26271088665887576,0.3479730956749778,0.0,0.0,0.19415210491880147
2016-02-16,0.0,0.24138343187295658,0.34593752145372475,0.0,0.0,0.19415210491880147
2016-02-17,0.0,0.3014955585083775,0.2672062729601567,0.0,0.0,0.19415210491880147
2016-02-18,0.0,0.3376359654141052,0.29090687654385855,0.0,0.0,0.19415210491880147
2016-02-19,0.0,0.3394714233653958,0.31412636164167523,0.0,0.0,0.19415210491880147
2016-02-22,0.0,0.28449378710608,0.36964357857244384,0.0,0.0,0.19415210491880147
2016-02-23,0.0,0.22757780384459472,0.34083596160842144,0.0,0.0,0.12146556689695599
2016-02-24,0.0,0.17545960973920427,0.4209147805646453,0.0,0.0,0.12549923297442062
2016-02-25,0.0,0.11843178340362777,0.4797387773026143,0.0,0.0,0.1713441965969978
2016-02-26,0.0,0.06003482251112103,0.4955601041955244,0.0,0.0,0.15637836964997942
2016-02-29,0.0,0.0,0.4367169005604041,0.0,0.0,0.19415210491880147
2016-03-01,0.0,0.0,0.4976611649613339,0.0,0.0,0.19415210491880147
2016-03-02,0.0,0.0,0.497029007765243,0.0,0.0,0.19415210491880147
2016-03-03,0.0,0.0,0.5123489582106084,0.0,0.0,0.19415210491880147
2016-03-04,0.0,0.0,0.5540860991940181,0.0,0.0,0.19415210491880147
2016-03-07,0.0,0.0,0.5649334471078732,0.0,0.0,0.19415210491880147
2016-03-08,0.0,0.0,0.520255733384398,0.0,0.0,0.19415210491880147
2016-03-09,0.0,0.0,0.5065975185777696,0.0,0.0,0.19415210491880147
2016-03-10,0.0,0.0,0.5290655378636623,0.0,0.0,0.19415210491880147
2016-03-11,0.0,0.0,0.5399452406252697,0.0,0.0,0.19415210491880147
2016-03-14,0.0,0.10465494136027334,0.5343073607688171,0.0,0.0,0.19415210491880147
2016-03-15,0.0,0.1309289342748976,0.5248251753003658,0.0,0.0,0.19415210491880147
2016-03-16,0.0,0.17311752841271294,0.4194274174524757,0.0,0.0,0.19415210491880147
2016-03-17,0.0,0.3291437066351298,0.4373524430702771,0.0,0.0,0.19415210491880147
2016-03-18,0.0,0.29318379047878285,0.6317851868962417,0.0,0.0,0.19415210491880147
2016-03-21,0.0,0.23245124392665287,0.6301642963573938,0.0,0.0,0.19415210491880147
2016-03-22,0.0,0.2625308273711745,0.596225791704858,0.0,0.0,0.19415210491880147
2016-03-23,0.0,0.25798105698468526,0.5772127279403584,0.0,0.0,0.19415210491880147
2016-03-24,0.0,0.23275172298535018,0.561953488108025,0.0,0.0,0.19415210491880147
2016-03-28,0.0,0.2923065881624017,0.45501235115160193,0.0,0.0,0.19415210491880147
2016-03-29,0.0,0.26861846098658915,0.4262831414376739,0.0,0.0,0.19415210491880147
2016-03-30,0.0,0.2489734602724687,0.4518909947132382,0.0,0.0,0.19415210491880147
2016-03-31,0.0,0.21254607022052505,0.46089022329451335,0.0,0.0,0.19415210491880147
2016-04-01,0.0,0.21134995186563052,0.4538776432849786,0.0,0.0,0.19415210491880147
2016-04-04,0.0,0.2035539418414551,0.39984017707719777,0.0,0.0,0.19415210491880147
2016-04-05,0.0,0.18115142610303253,0.3508121756032159,0.0,0.0,0.19415210491880147
2016-04-06,0.0,0.18806177340810917,0.3365469234163544,0.0,0.0,0.19415210491880147
2016-04-07,0.0,0.18224934613696786,0.3173214514546912,0.0,0.0,0.19415210491880147
2016-04-08,0.0,0.19073836651669007,0.31789107370842623,0.0,0.0,0.19415210491880147
2016-04-11,0.0,0.2161620600602763,0.3277363880113956,0.0,0.0,0.19415210491880147
2016-04-12,0.0,0.23253506634080962,0.3625198120389987,0.0,0.0,0.19415210491880147
2016-04-13,0.0,0.2935921190755489,0.3842008028659796,0.022075428109764213,0.0,0.19415210491880147
2016-04-14,0.0,0.3266475150887541,0.36706705774478354,0.0,0.0,0.19415210491880147
2016-04-15,0.0,0.3345497229682372,0.3494049325265579,0.0,0.0,0.19415210491880147
2016-04-18,0.0,0.3310351473631172,0.3781994660996794,0.0,0.0,0.19415210491880147
2016-04-19,0.0,0.2931127829980318,0.37745483066924307,0.0,0.0,0.19415210491880147
2016-04-20,0.0,0.27191147769823293,0.37569330065106726,0.0,0.0,0.19415210491880147
2016-04-21,0.0,0.2667504095430542,0.38169197664086923,0.05647007585140217,0.0,0.19415210491880147
2016-04-22,0.0,0.253246323831598,0.37689236345162697,0.05615542580247203,0.0,0.19415210491880147
2016-04-25,0.0,0.24217120294541855,0.3593721674728253,0.06604582087816525,0.0,0.19415210491880147
2016-04-26,0.0,0.3025623655131507,0.41098863710850986,0.065300018466906,0.0,0.19415210491880147
2016-04-27,0.0,0.3308333511672395,0.5022183055394354,0.07459282019393174,0.0,0.19415210491880147
2016-04-28,0.0,0.35220184995392023,0.5228499066831811,0.06926309560977435,0.0,0.19415210491880147
2016-04-29,0.0,0.3481814167123983,0.5466778314741054,0.06746590726282545,0.0,0.19415210491880147
2016-05-02,0.0,0.38113578514020185,0.5647342935989114,0.06963903005698131,0.0,0.19415210491880147
2016-05-03,0.0,0.3551621430588026,0.5635675577680125,0.06936525029488935,0.0,0.19415210491880147
2016-05-04,0.0,0.3929046665447867,0.5765293663753935,0.06347180393848714,0.0,0.19415210491880147
2016-05-05,0.0,0.31485225894421076,0.5912703530792639,0.06344875850048472,0.0,0.19415210491880147
2016-05-06,0.0,0.3297523676976022,0.6114229180331046,0.06342327626682195,0.0,0.19415210491880147
2016-05-09,0.0,0.4905502691336094,0.5972266289372784,0.06339672593282676,0.0,0.19415210491880147
2016-05-10,0.0,0.42990019298357723,0.5513308018807695,0.06336992957559223,0.0,0.19415210491880147
2016-05-11,0.0,0.4923846040906855,0.5246603419367573,0.0633429509503411,0.0,0.19415210491880147
2016-05-12,0.0,0.47063421594598437,0.5194850234952407,0.061069707334528114,0.0,0.19415210491880147
2016-05-13,0.0,0.3921297842158979,0.4208383469340768,0.06104469691385938,0.0,0.19415210491880147
2016-05-16,0.0,0.27346003064844776,0.5430267288844391,0.06326168159916085,0.0,0.19415210491880147
2016-05-17,0.0,0.3447121239831531,0.5784346797696804,0.0609947576980522,0.0,0.19415210491880147
2016-05-18,0.0,0.4117031847168024,0.6137288448141147,0.06096979581920379,0.0,0.19415210491880147
2016-05-19,0.0,0.5380849358428027,0.640805340936743,0.06318014187066175,0.0,0.19415210491880147
2016-05-20,0.0,0.6690345620185406,0.5415499490812036,0.06315281419522448,0.0,0.19415210491880147
2016-05-23,0.0,0.5727626000403893,0.5479979701954416,0.06312545065887555,0.0,0.19415210491880147
2016-05-24,0.0,0.4832641808375292,0.5312473840597616,0.06309802534273286,0.0,0.19415210491880147
2016-05-25,0.0,0.40491718290203094,0.4765009927401792,0.060843925895429626,0.0,0.19415210491880147
2016-05-26,0.0,0.2899094778297551,0.42286253545547065,0.06068182587721686,0.0,0.19415210491880147
2016-05-27,0.0,0.38000794992934717,0.39948101745003256,0.06286689271817866,0.0,0.19415210491880147
2016-05-31,0.0,0.3220076952869024,0.33938997877454496,0.06283956314309963,0.0,0.19415210491880147
2016-06-01,0.0,0.3081559706867354,0.3325403052889325,0.062812151024738,0.0,0.19415210491880147
2016-06-02,0.0,0.35138484502780426,0.29234310214313797,0.06278483001790118,0.0,0.19415210491880147
2016-06-03,0.0,0.2888051963620621,0.2817403725743446,0.06275744987054906,0.0,0.19415210491880147
2016-06-06,0.0,0.29316209351000255,0.29722022979709645,0.06273003949672787,0.0,0.19415210491880147
2016-06-07,0.0,0.3238764234054744,0.2992009429153656,0.060505645443002576,0.0,0.19415210491880147
2016-06-08,0.0,0.3692991605113056,0.257848566810173,0.057724508130086054,0.0,0.19415210491880147
2016-06-09,0.0,0.382215494192904,0.265055561385574,0.057880371106924546,0.0,0.19415210491880147
2016-06-10,0.0,0.45412818274188194,0.2938953469603653,0.0593831278958887,0.0,0.19415210491880147
2016-06-13,0.0,0.47546932877789744,0.2819848562247087,0.05857401761149999,0.0,0.19415210491880147
2016-06-14,0.0,0.4878346861197532,0.2707149202946609,0.0584223072919447,0.0,0.19415210491880147
2016-06-15,0.0,0.5228657790235166,0.3111840322412071,0.05820370073029297,0.0,0.19415210491880147
2016-06-16,0.0,0.6281147722905386,0.31444668025243466,0.05793107433290899,0.0,0.19415210491880147
2016-06-17,0.0,0.5858358595980907,0.4061942496620291,0.032595573269785356,0.0,0.19415210491880147
2016-06-20,0.0,0.5533196382232304,0.36239900600610364,0.04655918358184905,0.0,0.19415210491880147
2016-06-21,0.0,0.5092137381842792,0.37439251662010675,0.058784471774648406,0.0,0.19415210491880147
2016-06-22,0.0,0.4413283975994924,0.3746769889676663,0.058543604885537955,0.0,0.19415210491880147
2016-06-23,0.0,0.35885131043989227,0.3623277921204538,0.05679681040600429,0.0,0.09246252734987499
2016-06-24,0.0,0.3636148188431161,0.3033068667697618,0.05667510495596156,0.0,0.07290607763372017
2016-06-27,0.0,0.17344418481676127,0.446355945113191,0.0282838320242316,0.0,0.07169011558387547
2016-06-28,0.0,0.18346852553508233,0.45582690561514116,0.0,0.0,0.07373791319506169
2016-06-29,0.0,0.18613388465296388,0.46441982705015566,0.01964445980772646,0.0,0.07549540150595387
2016-06-30,0.0,0.2755504529431875,0.48085033641938213,0.05491276843228658,0.0,0.08361911038730233
2016-07-01,0.0,0.3394026692314549,0.539496331993533,0.040178719941772884,0.0,0.12704972910445722
2016-07-05,0.0,0.3798036581154497,0.5603094279856585,0.045373263078952696,0.0,0.19415210491880147
2016-07-06,0.0,0.44866991213997975,0.5664330130107483,0.02915124600017523,0.0,0.19415210491880147
2016-07-07,0.0,0.4442613160450285,0.5721214341854736,0.032058436985415766,0.0,0.19415210491880147
2016-07-08,0.0,0.45325707978595836,0.5721214341854736,0.01939800435484974,0.0,0.19415210491880147
2016-07-11,0.0,0.42101624752746053,0.5563429140871158,0.022766226696614954,0.0,0.1890960209999562
2016-07-12,0.0,0.46689949900058536,0.5604634408782838,0.0,0.0,0.18989624069902616
2016-07-13,0.0,0.35700188776016445,0.5607428615400221,0.05003059964165646,0.0,0.18999091401644094
2016-07-14,0.0,0.34871729796265183,0.5603297489999527,0.03695237960299758,0.0,0.19134700152577053
2016-07-15,0.0,0.32358667926260465,0.5664413268248027,0.05559766660840608,0.0,0.19415210491880147
2016-07-18,0.0,0.35182801620122867,0.5876338541263016,0.06615387332780641,0.0,0.19415210491880147
2016-07-19,0.0,0.29617426311716394,0.6095332845571858,0.03529965592643394,0.0,0.19415210491880147
2016-07-20,0.0,0.3220110650065664,0.6254424238369972,0.033536751917259786,0.0,0.19415210491880147
2016-07-21,0.0,0.2734790418508842,0.6430943214141405,0.02716207168121693,0.0,0.19415210491880147
2016-07-22,0.0,0.27948371209298606,0.6748488921510849,0.02413669454957494,0.0,0.19415210491880147
2016-07-25,0.0,0.2862355817541619,0.6943149847075992,0.0203109377643695,0.0,0.19415210491880147
2016-07-26,0.0,0.2884086902572161,0.6948696941252808,0.02515522041202449,0.0,0.19415210491880147
2016-07-27,0.0,0.293475536560566,0.6928166874213494,0.030027485324996047,0.0,0.19415210491880147
2016-07-28,0.0,0.33172399232391997,0.6919337025503616,0.03485296620914082,0.0,0.19415210491880147
2016-07-29,0.0,0.3639034593089575,0.691167491700745,0.0417167849235696,0.0,0.19415210491880147
2016-08-01,0.0,0.36276527914624757,0.6919977341897767,0.044670754486059214,0.0,0.19415210491880147
2016-08-02,0.0,0.36776260720280646,0.6971264870499743,0.04700519183312699,0.0,0.19415210491880147
2016-08-03,0.0,0.37423736301945715,0.7051337565321301,0.04697800036410668,0.0,0.19415210491880147
2016-08-04,0.0,0.40376266633718577,0.7092229995319886,0.05408094069774078,0.0,0.19415210491880147
2016-08-05,0.0,0.40541439327459305,0.7134538558852681,0.06649414726349674,0.0,0.19415210491880147
2016-08-08,0.0,0.41824230147247543,0.7224593788219547,0.06300803275040828,0.0,0.19415210491880147
2016-08-09,0.0,0.4017989236461064,0.7304593287781539,0.08354980548779109,0.0,0.19415210491880147
2016-08-10,0.0,0.39608450937004824,0.7374555024706444,0.0774116174915446,0.0,0.19415210491880147
2016-08-11,0.0,0.38398380569501595,0.7384546699752806,0.06322962077085689,0.0,0.19415210491880147
2016-08-12,0.0,0.3848772092759862,0.7352525058234654,0.060728690544376046,0.0,0.19415210491880147
2016-08-15,0.0,0.3906213591506339,0.7322760493509237,0.06939113556983934,0.0,0.19415210491880147
2016-08-16,0.0,0.3935357789755879,0.7313151761363761,0.0353116167925873,0.0,0.19415210491880147
2016-08-17,0.0,0.37986564561318126,0.7185181544859498,0.03866013908759868,0.0,0.19415210491880147
2016-08-18,0.0,0.3785936534309039,0.7097650060225202,0.0441362273065309,0.0,0.19415210491880147
2016-08-19,0.0,0.3647952602619257,0.7010766661276064,0.03974768059817064,0.0,0.19415210491880147
2016-08-22,0.0,0.35624589044948546,0.6895634748128123,0.040845123583551225,0.0,0.19415210491880147
2016-08-23,0.0,0.376235197854212,0.6844603671082505,0.04010904131948973,0.0,0.19415210491880147
2016-08-24,0.0,0.3417388743715836,0.6818531156745892,0.04486014931562727,0.0,0.19415210491880147
2016-08-25,0.0,0.31613696107076705,0.671226479294904,0.0809108539532747,0.0,0.19415210491880147
2016-08-26,0.0,0.3005305032123286,0.6466350023625447,0.07822936881015911,0.0,0.19415210491880147
2016-08-29,0.0,0.2802241665131259,0.5943534837439559,0.07586182003679809,0.0,0.19415210491880147
2016-08-30,0.0,0.20373532427336657,0.49456753059342873,0.07198088124432798,0.0,0.19415210491880147
2016-08-31,0.0,0.26033378814651137,0.5111860567330553,0.07393028314346531,0.0,0.19415210491880147
2016-09-01,0.0,0.2447347759605853,0.5335322216589394,0.07556612031150182,0.0,0.19415210491880147
2016-09-02,0.0,0.27972534461486454,0.5527916457557621,0.07465226098138211,0.0,0.19415210491880147
2016-09-06,0.0,0.27521286070493894,0.5669129539633821,0.0793430512492388,0.0,0.19415210491880147
2016-09-07,0.0,0.3129747012329612,0.5815905915892947,0.08021833498114289,0.0,0.19415210491880147
2016-09-08,0.0,0.326068656388504,0.5911359232068986,0.08076222701647222,0.0,0.19415210491880147
2016-09-09,0.0,0.32068188612602155,0.5995395290087577,0.08117133305974222,0.0,0.19415210491880147
2016-09-12,0.0,0.33458579994833104,0.6012662417458036,0.07999220504992387,0.0,0.19415210491880147
2016-09-13,0.0,0.31985161169435905,0.6051056446358124,0.07891839070257757,0.0,0.19415210491880147
2016-09-14,0.0,0.32527718210405676,0.610812023102438,0.07789856927088146,0.0,0.19415210491880147
2016-09-15,0.0,0.3259246752255574,0.6166921172496981,0.07396657759053617,0.0,0.19415210491880147
2016-09-16,0.0,0.2914177299444167,0.6206207616623313,0.07565578173557633,0.0,0.19415210491880147
2016-09-19,0.0,0.30838015988499184,0.6224191216208853,0.07150779227744758,0.0,0.19415210491880147
2016-09-20,0.0,0.3300648658239466,0.6280947883600889,0.07169823610351143,0.0,0.19415210491880147
2016-09-21,0.0,0.354959006850141,0.63042738352943,0.07465218968271982,0.0,0.19415210491880147
2016-09-22,0.0,0.37363941156858477,0.6576544776472562,0.09756930853561191,0.0,0.19415210491880147
2016-09-23,0.0,0.4270661364399353,0.6837987221673042,0.0987500222381369,0.0,0.19415210491880147
2016-09-26,0.0,0.45578844776488225,0.7070143999688397,0.1,0.0,0.19415210491880147
2016-09-27,0.0,0.5255647818005813,0.7423469149205338,0.1,0.0,0.19415210491880147
2016-09-28,0.0,0.563971231431771,0.75,0.1,0.0,0.19415210491880147
2016-09-29,0.0,0.5820255818297577,0.75,0.1,0.0,0.19415210491880147
2016-09-30,0.0,0.5871374322016106,0.75,0.1,0.0,0.19415210491880147
2016-10-03,0.0,0.6009458768158233,0.75,0.1,0.0,0.19415210491880147
2016-10-04,0.0,0.6084013759642611,0.75,0.1,0.0,0.19415210491880147
2016-10-05,0.0,0.623380712474711,0.7186609658521829,0.1,0.0,0.19415210491880147
2016-10-06,0.0,0.6080025251486659,0.6891073269519008,0.09501743900712152,0.0,0.19415210491880147
2016-10-07,0.0,0.5969517389602603,0.6618314647944998,0.08420900325641675,0.0,0.19415210491880147
2016-10-11,0.0,0.75,0.6490062587718243,0.08828565064624759,0.0,0.19415210491880147
2016-10-12,0.0,0.75,0.6229321505555863,0.08515729732450478,0.0,0.19415210491880147
2016-10-13,0.0,0.75,0.5700186156018443,0.08792533708951517,0.0,0.19415210491880147
2016-10-14,0.0,0.75,0.5512476434263409,0.08714327604924885,0.0,0.19415210491880147
2016-10-17,0.0,0.75,0.46853001865093263,0.08615264693026849,0.0,0.19415210491880147
2016-10-18,0.0,0.75,0.3979168932460206,0.08515313064149206,0.0,0.19415210491880147
2016-10-19,0.0,0.6074637082518113,0.3443026907144606,0.0837406925347545,0.0,0.19415210491880147
2016-10-20,0.0,0.5872205217999323,0.3157808201794348,0.07624074750212292,0.0,0.19415210491880147
2016-10-21,0.0,0.5389054243644754,0.2538044781621099,0.07794081175869294,0.0,0.19415210491880147
2016-10-24,0.0,0.5087663025098358,0.20648382687935948,0.07689004884910322,0.0,0.19415210491880147
2016-10-25,0.0,0.4620714209216423,0.19532771312832994,0.07591124652884174,0.0,0.19415210491880147
2016-10-26,0.0,0.48427758468140136,0.15540478330248855,0.07530767105066209,0.0,0.19415210491880147
2016-10-27,0.0,0.5229865168627811,0.14698200031380165,0.07465486103598722,0.0,0.19415210491880147
2016-10-28,0.0,0.565415289294466,0.15807519926023345,0.0743949884179779,0.0,0.19415210491880147
2016-10-31,0.0,0.5665413152087895,0.11523259930617206,0.07485067734914887,0.0,0.19415210491880147
2016-11-01,0.0,0.5423118119208233,0.11173960258049608,0.07149519762199812,0.0,0.19415210491880147
2016-11-02,0.0,0.49531278830200726,0.15972957986660388,0.07084352353446438,0.0,0.19415210491880147
2016-11-03,0.0,0.3785912907912678,0.17963781589134498,0.07033988017793906,0.0,0.19415210491880147
2016-11-04,0.0,0.40100780597057534,0.14560096237350295,0.07362944445461224,0.0,0.19415210491880147
2016-11-07,0.0,0.4039178852584964,0.24019894259434993,0.07397312746930126,0.0,0.19415210491880147
2016-11-08,0.0,0.41119487062192833,0.21628927482795274,0.07397917788010053,0.0,0.19415210491880147
2016-11-09,0.0,0.43095262500508524,0.19045968881398334,0.07398521901527197,0.0,0.19415210491880147
2016-11-10,0.0,0.40665451770094535,0.15676003571809705,0.07108680364730387,0.0,0.19415210491880147
2016-11-14,0.0,0.4205304407891908,0.1337748687168556,0.07397056114107636,0.0,0.19415210491880147
2016-11-15,0.0,0.38572618045191615,0.047389762218512904,0.07396115519273458,0.0,0.19415210491880147
2016-11-16,0.0,0.4394868530194815,0.04617216802898232,0.07106142794065268,0.0,0.19415210491880147
2016-11-17,0.0,0.3763435395877194,0.04617216802898232,0.07105117642880804,0.0,0.19415210491880147
2016-11-18,0.0,0.3785379395069789,0.04617216802898232,0.07103858303132574,0.0,0.19415210491880147
2016-11-21,0.0,0.38571991318317983,0.047389762218512904,0.07349275291963694,0.0,0.19415210491880147
2016-11-22,0.0,0.35758195707688106,0.048605711916636554,0.09176750794077612,0.0,0.19415210491880147
2016-11-23,0.0,0.3537714131012166,0.04982006254398765,0.09132143922882964,0.0,0.19415210491880147
2016-11-25,0.0,0.38300024479625017,0.051032857134436976,0.09118329387931162,0.0,0.19415210491880147
2016-11-28,0.0,0.3816068438033318,0.0,0.09067846167719965,0.0,0.19415210491880147
2016-11-29,0.0,0.3890802520089458,0.0,0.09022396246488272,0.0,0.19415210491880147
2016-11-30,0.0,0.35074226455107665,0.0,0.08387943904716737,0.0,0.19415210491880147
2016-12-01,0.0,0.3835659790905787,0.0,0.08594848475130668,0.0,0.19415210491880147
2016-12-02,0.0,0.38159137897194223,0.0,0.08373831235404236,0.0,0.19415210491880147
2016-12-05,0.0,0.36770903793172854,0.0,0.07913135138349886,0.0,0.19415210491880147
2016-12-06,0.0,0.38020753574537214,0.0,0.07824012020727128,0.0,0.19415210491880147
2016-12-07,0.0,0.5015083655642576,0.0,0.08226186383223408,0.0,0.19415210491880147
2016-12-08,0.0,0.5139405129326939,0.0,0.08281140347841935,0.0,0.19415210491880147
2016-12-09,0.0,0.53968119654955,0.0,0.08534483942969548,0.0,0.19415210491880147
2016-12-12,0.0,0.557793489852504,0.045401902758566585,0.08943713931483424,0.0,0.19415210491880147
2016-12-13,0.0,0.6289904163579488,0.06557066166146747,0.08987054776491263,0.0,0.19415210491880147
2016-12-14,0.0,0.6149279148639182,0.0867940791248451,0.09157894436044545,0.0,0.19415210491880147
2016-12-15,0.0,0.7094532556160794,0.1104523005250077,0.1,0.0,0.19415210491880147
2016-12-16,0.0,0.7298533846130576,0.12005626642709984,0.1,0.0,0.19415210491880147
2016-12-19,0.0,0.7146283750018514,0.12663912511648007,0.1,0.0,0.19415210491880147
2016-12-20,0.0,0.7313626466125505,0.12556243123989755,0.1,0.0,0.19415210491880147
2016-12-21,0.0,0.6971483195942515,0.12414166969709478,0.1,0.0,0.19415210491880147
2016-12-22,0.0,0.75,0.12336632611387832,0.1,0.0,0.19415210491880147
2016-12-23,0.0,0.75,0.1213725584680636,0.1,0.0,0.19415210491880147
2016-12-27,0.0,0.75,0.119710436145659,0.1,0.0,0.19415210491880147
2016-12-28,0.0,0.75,0.12422449527568546,0.09653307829934894,0.0,0.19415210491880147
2016-12-29,0.0,0.75,0.13208310427956227,0.09499736859501269,0.0,0.19415210491880147
2016-12-30,0.0,0.75,0.14337097879659302,0.1,0.0,0.19415210491880147
2017-01-03,0.0,0.75,0.16235144284110797,0.1,0.0,0.23148780855539075
2017-01-04,0.0,0.75,0.1489830636160173,0.1,0.0,0.23148780855539075
2017-01-05,0.0,0.75,0.12868782195778786,0.1,0.0,0.23148780855539075
2017-01-06,0.0,0.75,0.1082219280077205,0.1,0.0,0.23148780855539075
2017-01-09,0.0,0.75,0.09791419342306487,0.1,0.0,0.1056942321853863
2017-01-10,0.0,0.75,0.0875489122161978,0.1,0.0,0.07725061362132922
2017-01-11,0.0,0.75,0.09791419342306487,0.1,0.0,0.06926447915310949
2017-01-12,0.0,0.75,0.10822192800772047,0.1,0.0,0.054008664238068105
2017-01-13,0.0,0.75,0.11847816458635493,0.1,0.0,0.05479824741530242
2017-01-17,0.0,0.75,0.1388549771923683,0.1,0.0,0.056911732364633816
2017-01-18,0.0,0.75,0.1489830636160173,0.1,0.0,0.06193283086735191
2017-01-19,0.0,0.75,0.1590750113375983,0.1,0.0,0.0754919273089654
2017-01-20,0.0,0.75,0.16913334973495536,0.1,0.0,0.17036163489121284
2017-01-23,0.0,0.75,0.16913334973495536,0.1,0.0,0.23148780855539075
2017-01-24,0.0,0.75,0.16913334973495536,0.1,0.0,0.23148780855539075
2017-01-25,0.0,0.75,0.1590750113375983,0.1,0.0,0.23148780855539075
2017-01-26,0.0,0.75,0.1489830636160173,0.1,0.0,0.23148780855539075
2017-01-27,0.0,0.75,0.13227786317125026,0.09995628017622128,0.0,0.23148780855539075
2017-01-30,0.0,0.75,0.1163652942669294,0.09806556959867888,0.0,0.23148780855539075
2017-01-31,0.0,0.75,0.10824761017901759,0.09341221319379046,0.0,0.23148780855539075
2017-02-01,0.0,0.75,0.10031723123632436,0.08928466130412019,0.0,0.23148780855539075
2017-02-02,0.0,0.75,0.08873944539357459,0.0834607089455758,0.0,0.23148780855539075
2017-02-03,0.0,0.75,0.07771963483843924,0.08593897488539258,0.0,0.23148780855539075
2017-02-06,0.0,0.75,0.0664648041433284,0.08198857386101074,0.0,0.23148780855539075
2017-02-07,0.0,0.75,0.0,0.06493227570290946,0.0,0.1757059188282746
2017-02-08,0.0,0.75,0.0,0.0582509120589251,0.0,0.15837407337010972
2017-02-09,0.0,0.75,0.06682775323894337,0.056964202770733455,0.0,0.22719202819982348
2017-02-10,0.0,0.75,0.0,0.07647233068596802,0.0,0.23148780855539075
2017-02-13,0.0,0.75,0.0,0.0716592495370506,0.0,0.23148780855539075
2017-02-14,0.0,0.75,0.07449731948164186,0.06805244903378797,0.0,0.23148780855539075
2017-02-15,0.0,0.75,0.08383263035786852,0.05240461498247049,0.0,0.23148780855539075
2017-02-16,0.0,0.75,0.12447753648585926,0.06951740265272495,0.0,0.23148780855539075
2017-02-17,0.0,0.75,0.15161486679521394,0.07238399068608352,0.0,0.23148780855539075
2017-02-21,0.0,0.75,0.14322837880522982,0.07226113802745403,0.0,0.23148780855539075
2017-02-22,0.0,0.75,0.16063207599027443,0.06714918610999986,0.0,0.18241680443414174
2017-02-23,0.0,0.75,0.143591638275935,0.0715747827873482,0.0,0.14527498359905236
2017-02-24,0.0,0.75,0.12086570779442837,0.06538054778217728,0.0,0.12555660623363976
2017-02-27,0.0,0.75,0.1348690858571064,0.06735294020992837,0.0,0.1280830416181648
2017-02-28,0.0,0.75,0.1477776943622014,0.06921380380057612,0.0,0.14786391104320856
2017-03-01,0.0,0.75,0.10068701364816887,0.0449781629867492,0.0,0.20373859192544536
2017-03-02,0.0,0.75,0.0,0.0589059557113546,0.0,0.23148780855539075
2017-03-03,0.0,0.75,0.0,0.0541129821203724,0.0,0.23148780855539075
2017-03-06,0.0,0.75,0.0,0.056490702038957535,0.0,0.23148780855539075
2017-03-07,0.0,0.75,0.0,0.055540732935053135,0.0,0.23148780855539075
2017-03-08,0.0,0.75,0.0,0.05857430451939627,0.0,0.23148780855539075
2017-03-09,0.0,0.75,0.0,0.05941265886931269,0.0,0.23148780855539075
2017-03-10,0.0,0.75,0.0,0.040767626632693545,0.0,0.23148780855539075
2017-03-13,0.0,0.75,0.0,0.02747368067748889,0.0,0.17399760541797293
2017-03-14,0.0,0.75,0.0,0.0373353638208716,0.0,0.23148780855539075
2017-03-15,0.0,0.75,0.056672716625132374,0.04608660559575992,0.0,0.23148780855539075
2017-03-16,0.0,0.75,0.06957841317285977,0.051160436745368444,0.0,0.23148780855539075
2017-03-17,0.0,0.75,0.07650175891503302,0.06936712312610117,0.0,0.23148780855539075
2017-03-20,0.0,0.75,0.06806125705546406,0.08451007084602517,0.0,0.23148780855539075
2017-03-21,0.0,0.75,0.06151886172377683,0.07643486874212706,0.0,0.1482156684440676
2017-03-22,0.0,0.75,0.0,0.08243136235541888,0.0,0.2024090674518413
2017-03-23,0.0,0.75,0.0,0.08515213978596436,0.0,0.10097703537872678
2017-03-24,0.0,0.75,0.0,0.09433802940873133,0.0,0.08553679962483335
2017-03-27,0.0,0.75,0.0,0.1,0.0,0.061248663225014786
2017-03-28,0.0,0.75,0.0,0.0962049831225055,0.0,0.06975908140279224
2017-03-29,0.0,0.75,0.0,0.1,0.0,0.08353692625766307
2017-03-30,0.0,0.75,0.0,0.1,0.0,0.12260580785127584
2017-03-31,0.0,0.75,0.0,0.1,0.0,0.23148780855539075
2017-04-03,0.0,0.75,0.0,0.1,0.0,0.23148780855539075
2017-04-04,0.0,0.75,0.0,0.1,0.0,0.23148780855539075
2017-04-05,0.0,0.75,0.0,0.1,0.0,0.23148780855539075
2017-04-06,0.0,0.75,0.0,0.1,0.0,0.14873778726644374
2017-04-07,0.0,0.75,0.0,0.1,0.0,0.12246809601142225
2017-04-10,0.0,0.75,0.06092371490105479,0.1,0.0,0.17466490638112522
2017-04-11,0.0,0.75,0.06038768739774488,0.09753779913805073,0.0,0.16250055352195605
2017-04-12,0.0,0.75,0.05986125158723728,0.09466343384387557,0.0,0.2303945723596992
2017-04-13,0.0,0.75,0.06092371490105482,0.09825599179511546,0.0,0.23148780855539075
2017-04-17,0.0,0.75,0.09860792281904636,0.09857890645073743,0.0,0.23148780855539075
2017-04-18,0.0,0.75,0.12452870653925165,0.1,0.0,0.23148780855539075
2017-04-19,0.0,0.75,0.12292126762287942,0.1,0.0,0.23148780855539075
2017-04-20,0.0,0.75,0.12005529234467656,0.1,0.0,0.23148780855539075
2017-04-21,0.0,0.75,0.12005529234467656,0.1,0.0,0.23148780855539075
2017-04-24,0.0,0.75,0.13937892804870627,0.1,0.0,0.23148780855539075
2017-04-25,0.0,0.75,0.13937892804870627,0.1,0.0,0.23148780855539075
2017-04-26,0.0,0.75,0.13937892804870627,0.1,0.0,0.23148780855539075
2017-04-27,0.0,0.75,0.13937892804870627,0.1,0.0,0.23148780855539075
2017-04-28,0.0,0.75,0.13937892804870627,0.1,0.0,0.23148780855539075
2017-05-01,0.0,0.75,0.13937892804870627,0.1,0.0,0.23148780855539075
2017-05-02,0.0,0.75,0.13937892804870627,0.1,0.0,0.23148780855539075
2017-05-03,0.0,0.75,0.13836202228142647,0.1,0.0,0.23148780855539075
2017-05-04,0.0,0.75,0.13738138930247468,0.09899598104331278,0.0,0.23148780855539075
2017-05-05,0.0,0.75,0.13738138930247468,0.0845269547128778,0.0,0.23148780855539075
2017-05-08,0.0,0.75,0.14581240885163152,0.07779187762403085,0.0,0.23148780855539075
2017-05-09,0.0,0.75,0.15409367181236158,0.07471322747627751,0.0,0.23148780855539075
2017-05-10,0.0,0.75,0.160884154651612,0.075901759922545,0.0,0.23148780855539075
2017-05-11,0.0,0.75,0.16875703187049068,0.06879270602115287,0.0,0.23148780855539075
2017-05-12,0.0,0.75,0.1780898428591038,0.06903832969418146,0.0,0.23148780855539075
2017-05-15,0.0,0.75,0.17110923815437706,0.0747955058981611,0.0,0.23148780855539075
2017-05-16,0.0,0.75,0.1543007724105665,0.07155378505480763,0.0,0.23148780855539075
2017-05-17,0.0,0.75,0.11780022952539279,0.09234636728987292,0.0,0.23148780855539075
2017-05-18,0.0,0.75,0.06606235895116322,0.07086608100735059,0.0,0.18641723722326117
2017-05-19,0.0,0.75,0.0,0.06529300552806935,0.0,0.17870617620502094
2017-05-22,0.0,0.75,0.0,0.06851880069068683,0.0,0.18010577972642702
2017-05-23,0.0,0.75,0.0,0.06339300072713464,0.0,0.15810058260363227
2017-05-24,0.0,0.75,0.0,0.06680077102257273,0.0,0.16179961311712387
2017-05-25,0.0,0.75,0.0,0.07012803125182408,0.0,0.1688437022151058
2017-05-26,0.0,0.75,0.0,0.060389411936576105,0.0,0.16471965502594987
2017-05-30,0.0,0.75,0.0,0.06263808514939326,0.0,0.16377612843853925
2017-05-31,0.0,0.75,0.0,0.0818601117556314,0.0,0.16609305924461865
2017-06-01,0.0,0.75,0.0,0.05661771996404257,0.0,0.1687552937016587
2017-06-02,0.0,0.75,0.0,0.0793628109255663,0.0,0.18418242780614544
2017-06-05,0.0,0.75,0.06995689344835715,0.07326412611590724,0.0,0.175935810559031
2017-06-06,0.0,0.75,0.11905373720816918,0.08183424340843495,0.0,0.18084411815701348
2017-06-07,0.0,0.75,0.18798732269408042,0.1,0.0,0.18444057225112537
2017-06-08,0.0,0.75,0.19201681715549102,0.0634858502338522,0.0,0.1591751339741237
2017-06-09,0.0,0.75,0.21378201106433956,0.06807811948781942,0.0,0.16995991990669418
2017-06-12,0.0,0.5575458540220534,0.16779417150344356,0.046305300289444226,0.0,0.12168310631035271
2017-06-13,0.0,0.5159495774528318,0.15785244224069872,0.04153930079785267,0.0,0.1148417992916242
2017-06-14,0.0,0.5161438078299652,0.15581448318731775,0.03440476314721879,0.0,0.1137467529044227
2017-06-15,0.0,0.46681104160958126,0.1410856334030201,0.027077213269549177,0.0,0.10629565595505233
2017-06-16,0.0,0.4556311658125673,0.13725695442721297,0.02668048061976831,0.0,0.09771977486183862
2017-06-19,0.0,0.4724302016111713,0.13473910238945316,0.02407619480136788,0.0,0.0906256112362438
2017-06-20,0.0,0.75,0.15567935444888034,0.024179150129011874,0.0,0.12095181683230338
2017-06-21,0.0,0.75,0.15983317404418926,0.023279120469846218,0.0,0.12723828983397015
2017-06-22,0.0,0.75,0.16254345334348483,0.017590196939421914,0.0,0.13149370732954604
2017-06-23,0.0,0.75,0.19243126112489184,0.0,0.0,0.15837391591866
2017-06-26,0.0,0.75,0.17209465439140076,0.0,0.0,0.16448602493839434
2017-06-27,0.0,0.75,0.1356694893905223,0.0,0.0,0.14776898986434614
2017-06-28,0.0,0.75,0.10922176614814025,0.0,0.0,0.13842553940982116
2017-06-29,0.0,0.75,0.08542406685470708,0.0,0.0,0.12966371719873832
2017-06-30,0.0,0.5503430402004188,0.06120143233570138,0.0,0.0,0.11608395966054952
2017-07-03,0.0,0.5574665654444712,0.0459355058065451,0.0,0.0,0.11663228884830035
2017-07-05,0.0,0.5666015162947753,0.048850209727283794,0.0,0.0,0.12403285152028971
2017-07-06,0.0,0.7077440821501801,0.05223143955127143,0.0,0.0,0.13261794417507927
2017-07-07,0.0,0.6272902434555642,0.05445275847994335,0.0,0.0,0.13825797156487554
2017-07-10,0.0,0.7311457476816416,0.05096111945637883,0.0,0.0,0.1416551297033876
2017-07-12,0.0,0.6938703016564085,0.039081624265362866,0.017800391896849233,0.0,0.14277683528985405
2017-07-13,0.0,0.75,0.0,0.01976532641301646,0.0,0.13450175341936088
2017-07-14,0.0,0.7026121344700935,0.0,0.023272978311361412,0.0,0.14597350258800967
2017-07-17,0.0,0.6066509362179179,0.0,0.019640863834629107,0.0,0.14886741059481734
2017-07-18,0.0,0.5436614583071926,0.0,0.017034150473868064,0.0,0.10984280689601907
2017-07-19,0.0,0.49183102822429914,0.0,0.0,0.0,0.10849358056146063
2017-07-20,0.0,0.3911269778471663,0.0,0.0,0.0,0.11461122577194362
2017-07-21,0.0,0.31759953217206427,0.0,0.0,0.0,0.06181265163319685
2017-07-24,0.0,0.3115279799926497,0.0,0.0,0.0,0.056687246371581006
2017-07-25,0.0,0.2762031501988867,0.041349506055060804,0.023555382144009783,0.0,0.04813205788077354
2017-07-26,0.0,0.29273663652156606,0.04189271442909963,0.04189180736017998,0.0,0.04802535048320472
2017-07-27,0.0,0.2581448941162266,0.041893284872454584,0.043218267464523424,0.0,0.04806667687185399
2017-07-28,0.0,0.27149477814088163,0.042304794890686434,0.04154886373873022,0.0,0.04773972490718927
2017-07-31,0.0,0.2955534635799825,0.06035815051675673,0.038447642992493015,0.0,0.05562721082562678
2017-08-01,0.0,0.36649806714017535,0.07537483377957901,0.04092864091368198,0.0,0.06712740038241807
2017-08-02,0.0,0.4170497693304576,0.10572425481157863,0.0465370535602958,0.0,0.08863146543844375
2017-08-03,0.0,0.5722677435782128,0.13296577818621494,0.05601966837784044,0.0,0.23148780855539075
2017-08-04,0.0,0.620629886848024,0.13968361373610144,0.057833792633544115,0.0,0.23148780855539075
2017-08-07,0.0,0.75,0.2326157138192878,0.05543346087974391,0.0,0.23148780855539075
2017-08-08,0.0,0.75,0.2069768292095884,0.05148639191648815,0.0,0.21463910027732672
2017-08-09,0.0,0.75,0.21432426156290804,0.05559545847824974,0.0,0.22867788815975826
2017-08-10,0.0,0.75,0.29434309778096646,0.0534061820992978,0.0,0.2270153694949495
2017-08-11,0.0,0.75,0.31796985016266555,0.052697443188041364,0.0,0.21105005688353015
2017-08-14,0.0,0.75,0.3316461160605973,0.04032471326061725,0.0,0.21766195736240046
2017-08-15,0.0,0.6502390340283805,0.23274925407034375,0.016422703559097154,0.0,0.14422938343702743
2017-08-16,0.0,0.6261076958015036,0.23016804959928314,0.0,0.0,0.14164795475038167
2017-08-17,0.0,0.6278702079677888,0.2503870535045202,0.02161877877344241,0.0,0.1426528239080427
2017-08-18,0.0,0.5091904260315354,0.22440312406552218,0.015020054885543336,0.0,0.12935154915601232
2017-08-21,0.0,0.5036972056971396,0.22259010466928358,0.03066807917634035,0.0,0.12495766142386074
2017-08-22,0.0,0.5589210696275054,0.278232099376521,0.0,0.0,0.15119081004576382
2017-08-23,0.0,0.6169700641406,0.26534628271088834,0.0,0.0,0.15030758273836842
2017-08-24,0.0,0.6172173882318962,0.25934041124465884,0.0,0.0,0.14960130834401933
2017-08-25,0.0,0.6050299682550446,0.2589767686979599,0.0,0.0,0.15040124159086024
2017-08-28,0.0,0.75,0.2821589558285399,0.0,0.0,0.15025991406120706
2017-08-29,0.0,0.75,0.2896546836644135,0.0,0.0,0.14993466701206867
2017-08-30,0.0,0.75,0.28526629509202195,0.0,0.0,0.14766309463147706
2017-08-31,0.0,0.75,0.2850049957564396,0.0,0.0,0.14752783761310131
2017-09-01,0.0,0.75,0.28279949905539087,0.0,0.0,0.14638620092597948
2017-09-05,0.0,0.75,0.28536020915453847,0.0,0.0,0.14685731218326065
2017-09-06,0.0,0.712614891844393,0.24376491340213935,0.0,0.0,0.11640581727516165
2017-09-07,0.0,0.7251032248616361,0.24476415585092193,0.0,0.0,0.11569690918449521
2017-09-08,0.0,0.75,0.31103069603904093,0.0,0.0,0.15429804880680625
2017-09-11,0.0,0.75,0.2785174560569861,0.014322408734980425,0.0,0.11340824542926696
2017-09-12,0.0,0.75,0.2986932275560183,0.017794690700259935,0.0,0.08295684490002637
2017-09-13,0.0,0.75,0.34760243792378587,0.02297867778255576,0.0,0.07507236818320383
2017-09-14,0.0,0.75,0.3992537833845346,0.024010422274899246,0.0,0.05527045288514889
2017-09-15,0.0,0.75,0.5125076225078186,0.027506044300603372,0.0,0.04796097469210465
2017-09-18,0.0,0.75,0.530588771931039,0.026965006884218087,0.0,0.048774560742009684
2017-09-19,0.0,0.75,0.5362755806747234,0.027915687888903043,0.0,0.05560224216631997
2017-09-20,0.0,0.75,0.2106365157886429,0.01286318955152525,0.0,0.02360441648010721
2017-09-21,0.0,0.7427435636588193,0.2186411180847939,0.012142667250802345,0.0,0.026472651005584623
2017-09-22,0.0,0.75,0.39869360819436517,0.03450816096971574,0.0,0.07957109022836774
2017-09-25,0.0,0.75,0.4032200769991675,0.033608151397850346,0.0,0.08900089304843219
2017-09-26,0.0,0.75,0.47014264218939156,0.03156108417388439,0.0,0.10002779066284559
2017-09-27,0.0,0.75,0.3885452924334323,0.03341465968459498,0.0,0.11662363565064425
2017-09-28,0.0,0.75,0.3279089513314388,0.04285593157211106,0.0,0.08975688677515328
2017-09-29,0.0,0.75,0.3211167944169028,0.05027599580698314,0.0,0.1804017348013208
2017-10-02,0.0,0.75,0.27660915968577443,0.04527918860482404,0.0,0.18080253546585595
2017-10-03,0.0,0.75,0.24442542030131595,0.038582945672795174,0.0,0.12184118117607864
2017-10-04,0.0,0.75,0.2311825848882468,0.04107799524304176,0.0,0.11130682827753391
2017-10-05,0.0,0.75,0.18811561002130014,0.040543250836248365,0.0,0.11030881928086111
2017-10-06,0.0,0.75,0.14934312719789775,0.04914251146767298,0.0,0.1416697743849347
2017-10-09,0.0,0.75,0.1416336837768908,0.044061582579827556,0.0,0.1975752632932833
2017-10-10,0.0,0.75,0.14377916159207613,0.04031047338987932,0.0,0.1901321358767846
2017-10-11,0.0,0.75,0.16367046813036643,0.043861375977704474,0.0,0.2149953831290519
2017-10-12,0.0,0.75,0.17152337675188364,0.04096434218914961,0.0,0.15130705045448348
2017-10-13,0.0,0.75,0.20114927123973803,0.039204247209130315,0.0,0.16371829041633432
2017-10-16,0.0,0.75,0.22581253517018327,0.03234234915495921,0.0,0.16781452499104063
2017-10-17,0.0,0.75,0.2469338315562221,0.0360822398269127,0.0,0.173407685857784
2017-10-18,0.0,0.75,0.201043364968646,0.03961933610480654,0.0,0.20097520691619947
2017-10-19,0.0,0.75,0.16080955515164488,0.037652300024167557,0.0,0.23148780855539075
2017-10-20,0.0,0.75,0.16036290066154402,0.028826862124001363,0.0,0.23130550446931533
2017-10-23,0.0,0.75,0.10934866889713632,0.027991668032373778,0.0,0.23016386975642275
2017-10-24,0.0,0.75,0.12789235403165444,0.027730352815156834,0.0,0.23148780855539075
2017-10-25,0.0,0.75,0.10900865141270223,0.03605836211077558,0.0,0.23148780855539075
2017-10-26,0.0,0.75,0.0796421829947167,0.03268664793788011,0.0,0.23148780855539075
2017-10-27,0.0,0.75,0.06451276795042431,0.038422926555256746,0.0,0.23148780855539075
2017-10-30,0.0,0.75,0.09083299414503615,0.042836173163919675,0.0,0.23148780855539075
2017-10-31,0.0,0.75,0.10389307528853736,0.04112820191853208,0.0,0.23148780855539075
2017-11-01,0.0,0.75,0.10813289608929913,0.047715158261948734,0.0,0.23148780855539075
2017-11-02,0.0,0.75,0.13036753654152627,0.0497840725573845,0.0,0.23148780855539075
2017-11-03,0.0,0.75,0.12005766012131273,0.05099180289196135,0.0,0.23148780855539075
2017-11-06,0.0,0.75,0.07930922672013901,0.054041092356470644,0.0,0.23148780855539075
2017-11-07,0.0,0.75,0.14558526818818418,0.05306587997934596,0.0,0.23148780855539075
2017-11-08,0.0,0.75,0.07925874763303514,0.05052122464108735,0.0,0.23148780855539075
2017-11-09,0.0,0.75,0.09141990815167769,0.04817306427285996,0.0,0.23148780855539075
2017-11-10,0.0,0.75,0.06351590330634346,0.04780342068807898,0.0,0.23148780855539075
2017-11-13,0.0,0.75,0.0,0.04709208818862027,0.0,0.23131463591357948
2017-11-14,0.0,0.75,0.0,0.04928632208318478,0.0,0.19550636581364253
2017-11-15,0.0,0.75,0.0,0.04295763459092886,0.0,0.15075259689688508
2017-11-17,0.0,0.75,0.0,0.04091330210509255,0.0,0.2036670282975349
2017-11-20,0.0,0.75,0.18165187980596798,0.05119700565662668,0.0,0.22315439117106795
2017-11-21,0.0,0.75,0.08814605067282935,0.04812490929021456,0.0,0.22315439117106795
2017-11-22,0.0,0.75,0.10172273377963102,0.051664414912973126,0.0,0.21867489566962772
2017-11-24,0.0,0.75,0.2218732035419559,0.04888157650131911,0.0,0.21233738284350198
2017-11-27,0.0,0.75,0.18188295612225372,0.048526703345408234,0.0,0.21233738284350198
2017-11-28,0.0,0.75,0.2717101574395787,0.051693660524069145,0.0,0.1987075338236618
2017-11-29,0.0,0.75,0.28080354245874606,0.05334181588037197,0.0,0.23148780855539075
2017-11-30,0.0,0.7281335347118417,0.2139598155738342,0.04801364834331257,0.0,0.19911656221033333
2017-12-01,0.0,0.75,0.15065927504175058,0.05570155459914172,0.0,0.2271287338782436
2017-12-04,0.0,0.75,0.17082362954178956,0.055975842727834055,0.0,0.2281137205315674
2017-12-05,0.0,0.75,0.1972527094445897,0.06595923833368796,0.0,0.23148780855539075
2017-12-06,0.0,0.75,0.12576734799932213,0.07046672358536152,0.0,0.23148780855539075
2017-12-07,0.0,0.75,0.09643691961127807,0.05781014126482572,0.0,0.1536861245250292
2017-12-08,0.0,0.6551718507399772,0.04920540407404288,0.040166378154023234,0.0,0.07495801124966957
2017-12-11,0.0,0.6803769463285486,0.05338585727357509,0.039424332340263615,0.0,0.0697954821671099
2017-12-12,0.0,0.716420131619082,0.06148530317444862,0.03959125916066066,0.0,0.06949118268552669
2017-12-13,0.0,0.7262329860776615,0.07030618939262376,0.042018630691069446,0.0,0.06872557524024071
2017-12-14,0.0,0.75,0.08791605515228505,0.045775292318869426,0.0,0.07024069887530483
2017-12-15,0.0,0.75,0.10595250256977351,0.05133804101951136,0.0,0.08513033582748929
2017-12-18,0.0,0.75,0.09794485249143504,0.046976491158550404,0.0,0.08273931539497971
2017-12-19,0.0,0.75,0.09922222092293694,0.05093035894061833,0.0,0.08293828856647782
2017-12-20,0.0,0.75,0.07859374212326689,0.061076988724825365,0.0,0.06859483659266857
2017-12-21,0.0,0.75,0.06473614917000771,0.05905005961498606,0.0,0.062286962264537074
2017-12-22,0.0,0.75,0.05876842103921257,0.05792779913721175,0.0,0.052034055881198804
2017-12-26,0.0,0.7238633722476218,0.06015533002341967,0.052006493953829794,0.0,0.019471622792751695
2017-12-27,0.0,0.7145894711352873,0.06440473435537207,0.05176971674080445,0.0,0.01892973658070906
2017-12-28,0.0,0.7016394570666191,0.06752204239914006,0.049593882720106196,0.0,0.019195514461421644
2017-12-29,0.0,0.75,0.08336820960077451,0.05983463919427701,0.0,0.02189001183351607
2018-01-02,0.0,0.6596126634934959,0.08923907970143442,0.05013203022257874,0.0,0.018613519254144492
2018-01-03,0.0,0.75,0.10991069590721211,0.056312513849569014,0.0,0.023933574787156013
2018-01-04,0.0,0.7270803421967775,0.11343101091549042,0.05295505451153281,0.0,0.042350122164254995
2018-01-05,0.0,0.7328195083842342,0.1208050895001655,0.05339759649372928,0.0,0.0631073053660338
2018-01-08,0.0,0.7087673325549992,0.12528148182430604,0.05352560263502643,0.0,0.05522921125881672
2018-01-09,0.0,0.6813448718544505,0.13911163355030767,0.051360250430755754,0.0,0.043640851606752566
2018-01-10,0.0,0.75,0.1552335273516995,0.05966047836072396,0.0,0.08055454315216488
2018-01-11,0.0,0.75,0.2167675955210273,0.07851908266630594,0.0,0.14071109617545063
2018-01-12,0.0,0.75,0.24226161742652105,0.07911381746689944,0.0,0.08770916755131877
2018-01-16,0.0,0.75,0.2856607257749727,0.07826474531865808,0.0,0.08003906960279193
2018-01-17,0.0,0.75,0.290795507363477,0.07716038836442991,0.0,0.042764428996817025
2018-01-18,0.0,0.75,0.29686820841617256,0.07706723490729517,0.0,0.035634744789162794
2018-01-19,0.0,0.75,0.2735765440714556,0.07630481934897372,0.0,0.03342601551534039
2018-01-22,0.0,0.75,0.33319776948771984,0.08209812874214933,0.0,0.03673650361533363
2018-01-23,0.0,0.75,0.3516924015947363,0.08614567692645608,0.0,0.04528830525915118
2018-01-24,0.0,0.75,0.39493937126791834,0.08684089506423269,0.0,0.05045941575631489
2018-01-25,0.0,0.75,0.4609576665073084,0.08891933055525586,0.0,0.05872685974930061
2018-01-26,0.0,0.75,0.47077147468935215,0.0933866812172434,0.0,0.0970295222430209
2018-01-30,0.0,0.75,0.5167181260121616,0.09832453486383443,0.0,0.18141293437342204
2018-01-31,0.0,0.685850973424462,0.41158223436967806,0.08369982576225084,0.0,0.15032533422691455
2018-02-01,0.0,0.6827185243994454,0.4139572362409202,0.08405946611492127,0.0,0.1509264238026853
2018-02-02,0.0,0.6604954554818221,0.3958410194915375,0.0806145963459161,0.0,0.14503111825713683
2018-02-05,0.0,0.53390757762191,0.3344360067746858,0.06985517640799424,0.0,0.1278692295893066
2018-02-06,0.0,0.21616552044545362,0.1972900973632764,0.03896667155183157,0.0,0.03388482418717631
2018-02-07,0.0,0.27304948923940014,0.17355101578200877,0.038504660907342426,0.0,0.029618048815693795
2018-02-08,0.0,0.26099502871546815,0.1552183053992495,0.03765380760102007,0.0,0.027840040389120947
2018-02-09,0.0,0.22783396303572373,0.18382445063150996,0.03995128370423239,0.0,0.03717685868717728
2018-02-12,0.0,0.2248753364339689,0.19006549841961057,0.034467610179014604,0.0,0.047991914444606903
2018-02-13,0.0,0.20469221128035814,0.19253274804310821,0.030449191102706996,0.0,0.07598767664364382
2018-02-14,0.0,0.2014813129384838,0.1865448500739797,0.0280432765668767,0.0,0.07648812629542585
2018-02-15,0.0,0.23550964849532494,0.18238381191474728,0.028063207933151757,0.0,0.06785512322592262
2018-02-16,0.0,0.2618743883362977,0.16334940145440774,0.030053671405098167,0.0,0.04070806829669473
2018-02-20,0.0,0.24994726333297976,0.14335045694658324,0.029490786168697884,0.0,0.03294977918558346
2018-02-21,0.0,0.2550945513696228,0.09825502731770343,0.029985437797953055,0.0,0.028338319877968216
2018-02-22,0.0,0.2213637089540766,0.08438323469598183,0.030539688000764533,0.0,0.022107740168025133
2018-02-23,0.0,0.25615564199835716,0.07374934698672522,0.03030857312425377,0.0,0.02300024461785619
2018-02-26,0.0,0.29115001760247694,0.06214143626285712,0.02969118758555967,0.0,0.023209244570206736
2018-02-27,0.0,0.28783907019040184,0.05581663767720977,0.028360488537752953,0.0,0.02052201437332386
2018-02-28,0.0,0.2707592709448382,0.03733992092282512,0.02739077787675308,0.0,0.016763121522749006
2018-03-01,0.0,0.22907483950684546,0.03785911348379909,0.025541775163630376,0.0,0.0
2018-03-02,0.0,0.17839934946635116,0.03768032565445188,0.02451477084582783,0.0,0.0
2018-03-05,0.0,0.1343365708861082,0.06128631733719282,0.02720694385981948,0.0,0.0
2018-03-06,0.0,0.20613306537131232,0.05985914223120153,0.02745927998603188,0.0,0.0
2018-03-07,0.0,0.2135932928694054,0.07160941664964936,0.03306455513596497,0.0,0.0
2018-03-08,0.0,0.2384086451442158,0.06994990884877425,0.04392567849919374,0.0,0.0
2018-03-09,0.0,0.4531274703121779,0.12416053607082982,0.07332397438653762,0.0,0.03455048588258356
2018-03-12,0.0,0.3814072763136434,0.13055223628418303,0.07626911517908844,0.0,0.042611547139379584
2018-03-13,0.0,0.34558525293928233,0.1628035662797456,0.08204146137630201,0.0,0.0538727516815376
2018-03-14,0.0,0.37281229486709516,0.1867327092386289,0.08818517032144453,0.0,0.051248030644122464
2018-03-15,0.0,0.3603705741368502,0.2113835967013594,0.08715205754241478,0.0,0.0
2018-03-16,0.0,0.35344783385246953,0.14580566172989232,0.08914204586886704,0.0,0.0
2018-03-19,0.0,0.34409264358641495,0.12622489699146952,0.08905555001377286,0.0,0.0
2018-03-20,0.0,0.4273859282127163,0.15896607363544668,0.1,0.0,0.0707612403983015
2018-03-21,0.0,0.4194515605490227,0.15051500099282647,0.1,0.0,0.1407989487450515
2018-03-22,0.0,0.3750892940650947,0.164889218641201,0.09404403264427896,0.0,0.19628714563781313
2018-03-23,0.0,0.3161828165798236,0.19267154117271112,0.09806049251268216,0.0,0.18782698793742528
2018-03-26,0.0,0.30365214749871183,0.32508428279702095,0.09076277606531377,0.0,0.18782698793742528
2018-03-27,0.0,0.4051875381303591,0.38506294781197786,0.09542620772066363,0.0,0.18782698793742528
2018-03-28,0.0,0.2902390830857922,0.27564954592694574,0.09559545829375146,0.0,0.18782698793742528
2018-03-29,0.0,0.2786701635032955,0.21770564050861696,0.09548768586885749,0.0,0.18782698793742528
2018-04-02,0.0,0.2866412768660749,0.24087444549940126,0.09538187978397851,0.0,0.12560610567626446
2018-04-03,0.0,0.24686293176779703,0.3772992352270535,0.09538638601568568,0.0,0.08145826123469128
2018-04-04,0.0,0.24630321540093542,0.3505668196826909,0.09472315017213094,0.0,0.07595647034404805
2018-04-05,0.0,0.2612546106599813,0.29818136723912536,0.09439513630983053,0.0,0.059171160978733164
2018-04-06,0.0,0.2497915069117257,0.2175333915118395,0.09412269733301822,0.0,0.054138014252812366
2018-04-09,0.0,0.21640271581483927,0.2144816901717051,0.09468492993310039,0.0,0.06028160406334751
2018-04-10,0.0,0.21657027704225962,0.23651672974349183,0.09552263438938237,0.0,0.11933067920390722
2018-04-11,0.0,0.22977433652346874,0.31290772226979635,0.096749367946859,0.0,0.17084528477533092
2018-04-12,0.0,0.26815672536358953,0.34229813344567195,0.09340639153910829,0.0,0.17084528477533092
2018-04-13,0.0,0.37166529135949816,0.27766509969821673,0.09457318599750791,0.0,0.17084528477533092
2018-04-16,0.0,0.37027729004160886,0.2903721085175388,0.09304349583563812,0.0,0.17084528477533092
2018-04-17,0.0,0.4754007260808033,0.30323971214108725,0.09813698595321582,0.0,0.12285775127603825
2018-04-18,0.0,0.495176814990797,0.31406089547929333,0.0985140161045818,0.0,0.07016754168851246
2018-04-19,0.0,0.526472205822941,0.3079354261872351,0.08576856725129917,0.0,0.0
2018-04-20,0.0,0.5589135224709003,0.274054458195012,0.08954424780619104,0.0,0.0
2018-04-23,0.0,0.5404435509900434,0.255206835733753,0.08954477660187614,0.0,0.0
2018-04-24,0.0,0.5581448385127157,0.15397298750310537,0.08471643870046729,0.0,0.0
2018-04-25,0.0,0.4727159267073895,0.16750662254851367,0.08839930604551505,0.0,0.0
2018-04-26,0.0,0.5190272326655117,0.14279842332570541,0.0883984654808768,0.0,0.0
2018-04-27,0.0,0.6372347613057309,0.1437134121479982,0.08839973281732207,0.0,0.0
2018-04-30,0.0,0.75,0.1613997418542456,0.08864456403041315,0.0,0.0
2018-05-01,0.0,0.75,0.16909532332818977,0.08879081566972599,0.0,0.0
2018-05-02,0.0,0.75,0.13606985374535505,0.09442491050582151,0.0,0.16339534040171438
2018-05-03,0.0,0.75,0.15073144633014268,0.1,0.0,0.17084528477533092
2018-05-04,0.0,0.75,0.23272858920325237,0.1,0.0,0.17084528477533092
2018-05-07,0.0,0.75,0.26527228105668904,0.1,0.0,0.17084528477533092
2018-05-08,0.0,0.75,0.27443371617172463,0.1,0.0,0.17084528477533092
2018-05-09,0.0,0.75,0.2574401321839645,0.1,0.0,0.17084528477533092
2018-05-10,0.0,0.75,0.23176359451680492,0.1,0.0,0.17084528477533092
2018-05-11,0.0,0.75,0.23469921562608495,0.1,0.0,0.17084528477533092
2018-05-14,0.0,0.75,0.183367496491661,0.1,0.0,0.16385460083059036
2018-05-15,0.0,0.75,0.18664423947981248,0.1,0.0,0.17084528477533092
2018-05-16,0.0,0.75,0.1075782946009537,0.1,0.0,0.10717138637230489
2018-05-17,0.0,0.75,0.0777210622325967,0.1,0.0,0.07857849192830198
2018-05-18,0.0,0.75,0.04657630767180023,0.1,0.0,0.07040912524006346
2018-05-21,0.0,0.75,0.0,0.1,0.0,0.09329978746143731
2018-05-22,0.0,0.75,0.0,0.1,0.0,0.1343580948707042
2018-05-23,0.0,0.75,0.0,0.1,0.0,0.13554759527805818
2018-05-24,0.0,0.75,0.0,0.1,0.0,0.1359448858799661
2018-05-25,0.0,0.75,0.0,0.1,0.0,0.14224793281981787
2018-05-29,0.0,0.75,0.0,0.1,0.0,0.13510763810146398
2018-05-30,0.0,0.75,0.0,0.1,0.0,0.13680947192634352
2018-05-31,0.0,0.75,0.0,0.1,0.0,0.13504707541497254
2018-06-01,0.0,0.75,0.0,0.1,0.0,0.13559005725662093
2018-06-04,0.0,0.6725383583716027,0.0,0.1,0.0,0.1319389989590012
2018-06-05,0.0,0.5931555435150488,0.0,0.1,0.0,0.13310528805015717
2018-06-06,0.0,0.5838892052498312,0.04366726208978484,0.1,0.0,0.1380300269786457
2018-06-07,0.0,0.6715153269530664,0.06708533623054498,0.1,0.0,0.16722485694795625
2018-06-08,0.0,0.691809362129459,0.08140069385248264,0.1,0.0,0.16991025147959432
2018-06-11,0.0,0.675577473355151,0.11197849560793598,0.1,0.0,0.17084528477533092
2018-06-12,0.0,0.6483728328073173,0.12832199394896363,0.1,0.0,0.17084528477533092
2018-06-13,0.0,0.6197191277420541,0.14336604921395849,0.1,0.0,0.17084528477533092
2018-06-14,0.0,0.6054726917114273,0.15994911353184865,0.1,0.0,0.10364502607308546
2018-06-15,0.0,0.5959499849486228,0.18342144806663746,0.1,0.0,0.08844586924861571
2018-06-18,0.0,0.596400108005314,0.18215329950711343,0.1,0.0,0.07230740677494601
2018-06-19,0.0,0.5989396169841581,0.18215329950711343,0.1,0.0,0.08224734974610909
2018-06-20,0.0,0.5969210988385476,0.18215329950711343,0.1,0.0,0.09857094255798698
2018-06-21,0.0,0.5934674476358903,0.18215329950711343,0.1,0.0,0.17084528477533092
2018-06-22,0.0,0.5979047621864624,0.18215329950711343,0.1,0.0,0.17084528477533092
2018-06-25,0.0,0.5981663112374572,0.18215329950711343,0.1,0.0,0.17084528477533092
2018-06-26,0.0,0.6458037470247817,0.18565921622824458,0.1,0.0,0.17084528477533092
2018-06-27,0.0,0.5972920129760451,0.18930650615981687,0.1,0.0,0.17084528477533092
2018-06-28,0.0,0.5308542838808079,0.19310397564931744,0.09351708806462722,0.0,0.17084528477533092
2018-06-29,0.0,0.5275070588565562,0.19706118140323983,0.0812539088697364,0.0,0.17084528477533092
2018-07-02,0.0,0.5002289463593611,0.21700194789377047,0.08014848600377399,0.0,0.17084528477533092
2018-07-03,0.0,0.5105310254692293,0.23594033624695937,0.06600119722567253,0.0,0.17084528477533092
2018-07-05,0.0,0.47219289540310466,0.249192729837656,0.06509545425911148,0.0,0.17084528477533092
2018-07-06,0.0,0.48248136757012894,0.26614509191388996,0.06507284286697627,0.0,0.0582142746710338
2018-07-09,0.0,0.4919903333643214,0.2448281660571716,0.06494777264620007,0.0,0.0
2018-07-10,0.0,0.5008223409414174,0.22219580641548226,0.06555610778109926,0.0,0.0
2018-07-11,0.0,0.5287980505343685,0.1776846982475152,0.06657144118819057,0.0,0.0
2018-07-12,0.0,0.5545986339464424,0.1273982890705798,0.07103425467972263,0.0,0.0
2018-07-13,0.0,0.5651793846833285,0.06971391145263786,0.07255165137851335,0.0,0.0
2018-07-16,0.0,0.5933744137563461,0.0,0.07366730143267632,0.0,0.17084528477533092
2018-07-17,0.0,0.6137649185965438,0.0,0.0762569457629917,0.0,0.17084528477533092
2018-07-18,0.0,0.5954528622894969,0.0,0.07604298014864216,0.0,0.17084528477533092
2018-07-19,0.0,0.6040243882626704,0.0,0.07521188584664028,0.0,0.12436088324459929
2018-07-20,0.0,0.6109332075013173,0.0,0.07428089588168141,0.0,0.07733239659674551
2018-07-23,0.0,0.6045956704052123,0.0,0.07318525889997796,0.0,0.06118925356239941
2018-07-24,0.0,0.645075755598194,0.0,0.07584633906022911,0.0,0.0
2018-07-25,0.0,0.6592747040587943,0.0,0.07514338932296685,0.0,0.04866875086304534
2018-07-26,0.0,0.6394472356546663,0.0,0.07417506258213562,0.0,0.055111110635114216
2018-07-27,0.0,0.6539308950819003,0.0,0.07386833076002829,0.0,0.08635319016989226
2018-07-30,0.0,0.6883423186866764,0.0,0.07501450290816812,0.0,0.17084528477533092
2018-07-31,0.0,0.6750585919033466,0.0,0.07368410760939909,0.0,0.17084528477533092
2018-08-01,0.0,0.7043055099703851,0.0,0.07180602933217103,0.0,0.17084528477533092
2018-08-02,0.0,0.6981789769265019,0.0,0.06965864261216478,0.0,0.17084528477533092
2018-08-03,0.0,0.6805158652636332,0.0,0.07213099577011814,0.0,0.17084528477533092
2018-08-06,0.0,0.6767359820676606,0.0,0.07264997279959792,0.0,0.17084528477533092
2018-08-07,0.0,0.6648057810197979,0.0,0.07492062277590728,0.0,0.08447817768428582
2018-08-08,0.0,0.6529890563476124,0.0,0.07535811539581795,0.0,0.0
2018-08-09,0.0,0.663835966414541,0.0,0.07329043065004656,0.0,0.0
2018-08-10,0.0,0.6632474421334826,0.0,0.07327190008565274,0.0,0.0
2018-08-13,0.0,0.6770865198032332,0.0,0.08014970260696229,0.0,0.0
2018-08-14,0.0,0.6508904899473122,0.0,0.07767346840842154,0.0,0.0
2018-08-15,0.0,0.6566166617508359,0.0,0.07308834222913799,0.0,0.0
2018-08-16,0.0,0.6687106323462922,0.0,0.06917262103281728,0.0,0.0
2018-08-17,0.0,0.6634621493376677,0.0,0.07288188443464114,0.0,0.0
2018-08-20,0.0,0.6657916304917082,0.0,0.07335320396751085,0.0,0.0
2018-08-21,0.0,0.6856929495721914,0.0,0.07560526550109742,0.0,0.0
2018-08-22,0.0,0.6826545272050217,0.0,0.07564330482755946,0.0,0.0
2018-08-23,0.0,0.6847810295208423,0.0,0.07624631549482315,0.0,0.0
2018-08-24,0.0,0.7055542545739983,0.0,0.0779314631541821,0.0,0.0
2018-08-27,0.0,0.733838773809897,0.0,0.07781389592937107,0.0,0.0
2018-08-28,0.0,0.6405369326569024,0.0,0.07822015134171405,0.0,0.0
2018-08-29,0.0,0.6343363519182362,0.0,0.07863114378756395,0.0,0.0
2018-08-30,0.0,0.6093954385829576,0.0,0.07554998083284702,0.0,0.0
2018-08-31,0.0,0.619760218230259,0.0,0.07330277320334036,0.0,0.0
2018-09-04,0.0,0.6203105026355805,0.0,0.07382549901114459,0.0,0.0
2018-09-05,0.0,0.624762443500987,0.0,0.07277596113133698,0.0,0.0
2018-09-06,0.0,0.6407623967685813,0.0,0.07519785589735277,0.0,0.0
2018-09-07,0.0,0.6143075083584091,0.0,0.07423542725932447,0.0,0.0
2018-09-10,0.0,0.6075527033106012,0.0,0.07424171337325164,0.0,0.0
2018-09-11,0.0,0.6139996874650048,0.0,0.0753041059994855,0.0,0.0
2018-09-12,0.0,0.6213770620229205,0.0,0.07270674918602944,0.0,0.0
2018-09-13,0.0,0.621846607323225,0.0,0.07259892860313251,0.0,0.0
2018-09-14,0.0,0.6534924834496807,0.0,0.07345093093980554,0.0,0.0
2018-09-17,0.0,0.6317873722440781,0.0,0.07276059716245077,0.0,0.0
2018-09-18,0.0,0.6337288337839097,0.0,0.07277874227027382,0.0,0.0
2018-09-19,0.0,0.6407555451457,0.0,0.07279617250557564,0.0,0.0
2018-09-20,0.0,0.6475909324793869,0.0,0.0726738274425518,0.0,0.0
2018-09-21,0.0,0.6609978491751528,0.0,0.0728224138355767,0.0,0.0
2018-09-24,0.0,0.6609129016426555,0.0,0.0728372223565515,0.0,0.0
2018-09-25,0.0,0.6629299442501473,0.0,0.07249449846127083,0.0,0.0
2018-09-26,0.0,0.6629224231838298,0.0,0.07237218527240302,0.0,0.0
2018-09-27,0.0,0.6230823846440806,0.0,0.07249207868090816,0.0,0.0
2018-09-28,0.0,0.6141575463912052,0.0,0.072505852694606,0.0,0.0
2018-10-01,0.0,0.6215362749266682,0.0,0.07210782313737493,0.0,0.0
2018-10-02,0.0,0.6069004358044273,0.0,0.07198437025568165,0.0,0.0
2018-10-03,0.0,0.6083170202734256,0.0,0.0720665262572717,0.0,0.0
2018-10-04,0.0,0.6221714223338624,0.0,0.07200062297002331,0.0,0.0
2018-10-05,0.0,0.6957085349260248,0.0,0.07208323614753415,0.0,0.0
2018-10-08,0.0,0.7029252117223377,0.0,0.07209042628741948,0.0,0.0
2018-10-09,0.0,0.6579621929082615,0.0,0.07218695680236314,0.0,0.0
2018-10-10,0.0,0.649503646289165,0.0,0.07255513393969786,0.0,0.0
2018-10-11,0.0,0.542019602421888,0.0,0.07259566013923732,0.0,0.0
2018-10-12,0.0,0.5441832298091047,0.0,0.06980866212686476,0.0,0.0
2018-10-15,0.0,0.532144849701307,0.0,0.06835668972900265,0.0,0.0
2018-10-16,0.0,0.46782216426364454,0.0,0.0673852556667253,0.0,0.0
2018-10-17,0.0,0.4261229535250555,0.0,0.057466793610168855,0.0,0.0
2018-10-18,0.0,0.2983014289370381,0.0,0.044094808401702046,0.0,0.0
2018-10-19,0.0,0.17026633367628716,0.0,0.022723277453688694,0.0,0.0
2018-10-22,0.0,0.1339846034750123,0.0,0.020501831369067445,0.0,0.0
2018-10-23,0.0,0.1796829815236004,0.0,0.023918520058044363,0.0,0.0
2018-10-24,0.0,0.1402768520336347,0.0,0.0,0.0,0.0
2018-10-25,0.0,0.09876479294066265,0.0,0.02229191089753345,0.0,0.0
2018-10-26,0.0,0.1502692340393764,0.0,0.025875845090110216,0.0,0.0
2018-10-29,0.0,0.1281580633323375,0.0,0.032847024429453094,0.0,0.0
2018-10-30,0.0,0.08602565438762924,0.0,0.03084003160276064,0.0,0.0
2018-10-31,0.0,0.0914484390234021,0.0,0.0281238837153441,0.0,0.0
2018-11-01,0.0,0.11111446743445934,0.0,0.0,0.0,0.0
2018-11-02,0.0,0.13935157370541795,0.0,0.0,0.0,0.0
2018-11-05,0.0,0.1254472472313777,0.0,0.0,0.0,0.0
2018-11-06,0.0,0.10676041981105386,0.0,0.0,0.0,0.0
2018-11-07,0.0,0.15269502154170797,0.0,0.0,0.0,0.0
2018-11-08,0.0,0.20415193017969907,0.0,0.0,0.0,0.0
2018-11-09,0.0,0.1507933277284212,0.0,0.0,0.0,0.0
2018-11-12,0.0,0.1466005024493353,0.0,0.0,0.0,0.0
2018-11-13,0.0,0.08048800279129847,0.0,0.0,0.0,0.0
2018-11-14,0.0,0.11302263358402356,0.0,0.0,0.0,0.0
2018-11-15,0.0,0.09490284549873715,0.0,0.0,0.0,0.0
2018-11-16,0.0,0.11478349044232283,0.0,0.0,0.0,0.0
2018-11-19,0.0,0.08953540744269803,0.0,0.0,0.0,0.0
2018-11-20,0.0,0.06694887946502642,0.0,0.0,0.0,0.0
2018-11-21,0.0,0.062329125576557835,0.0,0.0,0.0,0.0
2018-11-23,0.0,0.05658263951593665,0.0,0.0,0.0,0.0
2018-11-26,0.0,0.05471468413851662,0.0,0.0,0.0,0.0
2018-11-27,0.0,0.0528444297629212,0.0,0.0,0.0,0.0
2018-11-28,0.0,0.055617352614291855,0.0,0.0,0.0,0.0
2018-11-29,0.0,0.07568284795150246,0.0,0.0,0.0,0.0
2018-11-30,0.0,0.08955453333050839,0.0,0.0,0.0,0.0
2018-12-03,0.0,0.09862748084729903,0.0,0.0,0.0,0.0
2018-12-04,0.0,0.18442655290490886,0.0,0.0,0.0,0.0
2018-12-06,0.0,0.05170588525710199,0.0,0.0,0.0,0.0
2018-12-07,0.0,0.0,0.0,0.0,0.0,0.0
2018-12-10,0.0,0.0,0.0,0.0,0.0,0.0
2018-12-11,0.0,0.053964492585903204,0.0,0.0,0.0,0.0
2018-12-12,0.0,0.0,0.0,0.0,0.0,0.0
2018-12-13,0.0,0.06206787633309109,0.0,0.0,0.0,0.0
2018-12-14,0.0,0.08962598688641572,0.0,0.0,0.0,0.0
2018-12-17,0.0,0.0,0.0,0.0,0.0,0.0
2018-12-18,0.0,0.0,0.0,0.0,0.0,0.0
2018-12-19,0.0,0.0,0.0,0.0,0.0,0.0
2018-12-20,0.0,0.0,0.0,0.0,0.0,0.0
2018-12-21,0.0,0.0,0.0,0.0,0.0,0.0
2018-12-24,0.0,0.0,0.0,0.0,0.0,0.0
2018-12-26,0.0,0.0,0.0,0.0,0.0,0.0
2018-12-27,0.0,0.0,0.0,0.0,0.0,0.0
2018-12-28,0.0,0.0,0.0,0.0,0.0,0.0
2018-12-31,0.0,0.0,0.0,0.0,0.0,0.0
2019-01-02,0.0,0.0,0.0,0.0,0.0,0.0
2019-01-03,0.0,0.0,0.0,0.0,0.0,0.0
2019-01-04,0.0,0.0,0.0,0.0,0.0,0.0
2019-01-07,0.0,0.0,0.0,0.0,0.0,0.0
2019-01-08,0.0,0.0,0.0,0.0,0.0,0.0
2019-01-09,0.0,0.0,0.0,0.0,0.0,0.0
2019-01-10,0.0,0.0,0.0,0.0,0.0,0.0
2019-01-11,0.0,0.1404623632897391,0.0,0.0,0.0,0.0
2019-01-14,0.0,0.12253912989968367,0.09701046302752518,0.0,0.0,0.0
2019-01-15,0.0,0.11001408541443404,0.14898542813329094,0.0,0.0,0.0
2019-01-16,0.0,0.1273747229726327,0.1585276623051663,0.0,0.0,0.0
2019-01-17,0.0,0.11009564639683458,0.14967856728551407,0.0,0.0,0.0
2019-01-18,0.0,0.15506610308553698,0.1465448298167299,0.0,0.0,0.0
2019-01-22,0.0,0.2751635689336843,0.09266391502826457,0.0,0.0,0.0
2019-01-23,0.0,0.21808593377795515,0.09266391502826457,0.0,0.0,0.0
2019-01-24,0.0,0.24512556381708395,0.09266391502826457,0.0,0.0,0.0
2019-01-25,0.0,0.2511114776879736,0.09266391502826457,0.0,0.0,0.0
2019-01-28,0.0,0.4015318466347784,0.10628409596759412,0.0,0.0,0.0
2019-01-29,0.0,0.35013004750832477,0.10881668487571822,0.0,0.0,0.0
2019-01-30,0.0,0.2445204057799778,0.10607686144241217,0.0,0.0,0.0
2019-01-31,0.0,0.33943214700798185,0.10697163752507594,0.0,0.0,0.0
2019-02-01,0.0,0.3839879431806365,0.15052257076301617,0.0,0.0,0.0
2019-02-04,0.0,0.3641887829946707,0.2048570513314735,0.0,0.0,0.0
2019-02-05,0.0,0.34921922711020126,0.19098525427994112,0.0,0.0,0.0
2019-02-06,0.0,0.4060387596612587,0.1845637830606954,0.0,0.0,0.0
2019-02-07,0.0,0.3702708818857115,0.17387495226315147,0.0,0.0,0.0
2019-02-08,0.0,0.2720154745780343,0.16949679303907705,0.0,0.0,0.0
2019-02-11,0.0,0.26991526977262836,0.18344546519220564,0.0,0.0,0.0
2019-02-12,0.0,0.2694721161584307,0.16139098680500308,0.0,0.0,0.0
2019-02-13,0.0,0.3652555440157383,0.1399540342317722,0.0,0.0,0.0
2019-02-14,0.0,0.41977567767634,0.14367719009210408,0.0,0.0,0.0
2019-02-15,0.0,0.4642190089163906,0.14893440989757567,0.0,0.0,0.0
2019-02-19,0.0,0.4537370877610385,0.17223358524034438,0.0,0.0,0.0
2019-02-20,0.0,0.45401082512706503,0.2398055973768182,0.0,0.0,0.0
2019-02-21,0.0,0.40224587103277654,0.26202756477114736,0.0,0.0,0.0
2019-02-22,0.0,0.3539159018407189,0.21411733351991838,0.0,0.0,0.0
2019-02-25,0.0,0.4088954951238436,0.2310330738583138,0.0,0.0,0.0
2019-02-26,0.0,0.3901115331173779,0.2210272712070587,0.0,0.0,0.0
2019-02-27,0.0,0.4250218170800646,0.21883322604486186,0.0,0.0,0.0
2019-02-28,0.0,0.4709202669871589,0.17880250242572773,0.0,0.0,0.0
2019-03-01,0.0,0.5059686090495289,0.15638962951284172,0.0,0.0,0.0
2019-03-04,0.0,0.515016604962965,0.12577068740935882,0.0,0.0,0.0
2019-03-05,0.0,0.4824253229920157,0.13440375572049906,0.0,0.0,0.0
2019-03-06,0.0,0.4429266626719023,0.15500393244812036,0.0,0.0,0.0
2019-03-07,0.0,0.4220570004231046,0.17739917513832543,0.0,0.0,0.0
2019-03-08,0.0,0.33577837494561524,0.19579213134009388,0.0,0.0,0.0
2019-03-11,0.0,0.3015079633006391,0.2425643277625957,0.0,0.0,0.0
2019-03-12,0.0,0.30260295817622324,0.23522391910840726,0.0,0.0,0.0
2019-03-13,0.0,0.3390737445279336,0.2560181974538494,0.0,0.0,0.0
2019-03-14,0.0,0.34593702248429586,0.2754370752077616,0.0,0.0,0.0
2019-03-15,0.0,0.3674317396296761,0.2541733209046566,0.0,0.0,0.0
2019-03-18,0.0,0.3519974989859104,0.2624537430272328,0.0,0.0,0.0
2019-03-19,0.0,0.3994587064843489,0.24398451172686697,0.0,0.0,0.0
2019-03-20,0.0,0.38568401721640383,0.24110241264911675,0.0,0.0,0.0
2019-03-21,0.0,0.3994941925806056,0.2019359987243892,0.0,0.0,0.0
2019-03-22,0.0,0.44550382029203633,0.19659851389742694,0.0,0.0,0.0
2019-03-25,0.0,0.4119712739511621,0.16794485306278115,0.0,0.0,0.0
2019-03-26,0.0,0.3861904231608742,0.19188136073639442,0.0,0.0,0.0
2019-03-27,0.0,0.3704410314369903,0.17776606026967695,0.0,0.0,0.0
2019-03-28,0.0,0.335210018607369,0.165333439605091,0.0,0.0,0.0
2019-03-29,0.0,0.34125337968648956,0.13141165799858617,0.0,0.0,0.0
2019-04-01,0.0,0.4212858363799568,0.2096363453240902,0.0,0.0,0.0
2019-04-02,0.0,0.48659125878191894,0.2503593665144611,0.0,0.0,0.0
2019-04-03,0.0,0.544260957331581,0.320666619444566,0.0,0.0,0.0
2019-04-04,0.0,0.6320369998949812,0.384616529597119,0.0,0.0,0.0
2019-04-05,0.0,0.6480024237644604,0.44754923324368784,0.0,0.0,0.0
2019-04-08,0.0,0.678745445291753,0.41351406896756393,0.0,0.0,0.0
2019-04-09,0.0,0.6560640857371726,0.4434625407250622,0.0,0.0,0.0
2019-04-10,0.0,0.6097476644788721,0.3160327048665275,0.0,0.0,0.0
2019-04-11,0.0,0.5516769331376241,0.3820214789439613,0.0,0.0,0.0
2019-04-12,0.0,0.5180763881850848,0.21988384980740455,0.0,0.0,0.0
2019-04-15,0.0,0.47160753262604643,0.1770719638600971,0.0,0.0,0.0
2019-04-16,0.0,0.502953348284204,0.1869602141128902,0.0,0.0,0.0
2019-04-17,0.0,0.586835255973788,0.15679081284686758,0.0,0.0,0.0
2019-04-18,0.0,0.6764037386981433,0.15884380971380418,0.0,0.0,0.0
2019-04-22,0.0,0.7470657268062603,0.15169893159880876,0.0,0.0,0.0
2019-04-23,0.0,0.75,0.1665374591038947,0.026623586107044194,0.0,0.0
2019-04-24,0.0,0.75,0.16547020654058925,0.02408333969762791,0.0,0.0
2019-04-25,0.0,0.75,0.16952905081302694,0.026039000523262752,0.0,0.0
2019-04-26,0.0,0.75,0.1646608423885672,0.0,0.0,0.0
2019-04-29,0.0,0.75,0.16712750407125265,0.0,0.0,0.0
2019-04-30,0.0,0.75,0.13267841824940058,0.0,0.0,0.07656263555528645
2019-05-01,0.0,0.75,0.15477403554287678,0.0,0.0,0.06542784129783175
2019-05-02,0.0,0.75,0.15112437194911582,0.0,0.0,0.1311053677178298
2019-05-03,0.0,0.75,0.16004457708082237,0.0,0.0,0.14335724551221501
2019-05-06,0.0,0.75,0.1761643590921733,0.0,0.0,0.22968978873170223
2019-05-07,0.0,0.75,0.20514603364571765,0.0,0.0,0.18816973908218132
2019-05-08,0.0,0.75,0.2113699013488824,0.0,0.0,0.21851823215864197
2019-05-09,0.0,0.75,0.20171602764812527,0.0,0.0,0.20212880144532464
2019-05-10,0.0,0.75,0.1899986884571124,0.0,0.0,0.23527779467383145
2019-05-13,0.0,0.75,0.16226861240742807,0.0,0.0,0.23527779467383145
2019-05-14,0.0,0.61707304802351,0.16329340092249411,0.0,0.0,0.23527779467383145
2019-05-15,0.0,0.6071081562052799,0.17908996610384367,0.0,0.0,0.23527779467383145
2019-05-16,0.0,0.7337549239647388,0.15110939031224124,0.0,0.0,0.23527779467383145
2019-05-17,0.0,0.75,0.12607089652717574,0.0,0.0,0.23527779467383145
2019-05-20,0.0,0.6409760075832945,0.11553678897961253,0.0,0.0,0.23527779467383145
2019-05-21,0.0,0.4784169616630263,0.12367106747820909,0.0,0.0,0.23527779467383145
2019-05-23,0.0,0.545531229704336,0.12582620496864394,0.0,0.0,0.23527779467383145
2019-05-24,0.0,0.4213561556120425,0.20305194185798595,0.0,0.0,0.23527779467383145
2019-05-28,0.0,0.38876036265258557,0.27424525321429855,0.0,0.0,0.23527779467383145
2019-05-29,0.0,0.39748442505810394,0.19880119658590534,0.0,0.0,0.23527779467383145
2019-05-30,0.0,0.4386918522282972,0.23266792023011898,0.0,0.0,0.23527779467383145
2019-05-31,0.0,0.48068924458190665,0.2766979662929278,0.023422867105434786,0.0,0.23409924392603274
2019-06-03,0.0,0.44929682464388115,0.46593964598764337,0.027413267150578197,0.0,0.23513880884349472
2019-06-04,0.0,0.4024707191401071,0.5455355255427353,0.027618897383438416,0.0,0.22381502142023912
2019-06-05,0.0,0.3662552816308834,0.535981136851152,0.02740377930928713,0.0,0.2082248420769093
2019-06-06,0.0,0.443312077380279,0.5801961745047973,0.02889575495500886,0.0,0.20830997568206008
2019-06-07,0.0,0.6353884830661977,0.587412989468464,0.02806929385196413,0.0,0.20805305241232774
2019-06-10,0.0,0.6812325493566638,0.555608930985004,0.02686773656189058,0.0,0.2086663474639469
2019-06-11,0.0,0.7410095568700452,0.5136399412773758,0.027427913588480637,0.0,0.2075830140012531
2019-06-12,0.0,0.5459710731842359,0.48754739686812054,0.027373506922660683,0.0,0.20639271266183556
2019-06-13,0.0,0.4517434018692779,0.47231987541288184,0.02905474164004102,0.0,0.20643846534081592
2019-06-14,0.0,0.4057345382620124,0.47325932428173073,0.028050910464579366,0.0,0.20731231582848755
2019-06-17,0.0,0.4614042036866954,0.4829301409155406,0.02780233805085376,0.0,0.23527779467383145
2019-06-18,0.0,0.42545940310395564,0.49000266134927384,0.02659130529582237,0.0,0.23527779467383145
2019-06-19,0.0,0.440023045260672,0.4860733135453746,0.024211877295384415,0.0,0.23527779467383145
2019-06-20,0.0,0.3849547859787039,0.48778831072185797,0.0,0.0,0.23527779467383145
2019-06-21,0.0,0.4192678040310286,0.4951632918176859,0.0,0.0,0.23527779467383145
2019-06-24,0.0,0.44213937764902395,0.5025324959876717,0.0,0.0,0.23527779467383145
2019-06-25,0.0,0.44313058082003964,0.5030586491485917,0.0,0.0,0.23527779467383145
2019-06-26,0.0,0.39825011206450817,0.5035847733475268,0.0,0.0,0.23527779467383145
2019-06-27,0.0,0.49919493664918463,0.5035847733475268,0.0,0.0,0.23527779467383145
2019-06-28,0.0,0.5273532768857011,0.4684390319843502,0.0,0.0,0.21885749573361993
2019-07-01,0.0,0.5403325890102335,0.44751841482751253,0.0,0.0,0.20577317413864227
2019-07-02,0.0,0.412446018475795,0.33652250548758444,0.0,0.0,0.0651822706683775
2019-07-03,0.0,0.40056964101942183,0.336733897150063,0.0,0.0,0.05075456722964616
2019-07-05,0.0,0.349129178858129,0.35629792805490873,0.0,0.0,0.05723083820504939
2019-07-08,0.0,0.33562687489826504,0.33364162121060603,0.0,0.0,0.05330530728882805
2019-07-09,0.0,0.34900348004795223,0.3370773289335263,0.0,0.0,0.058025575495218785
2019-07-10,0.0,0.32720061532750166,0.34021193894525986,0.0,0.0,0.06320462755316662
2019-07-11,0.0,0.3412419022048876,0.35651907183582493,0.0,0.0,0.076732440633994
2019-07-12,0.0,0.3440528948706233,0.34632031134966085,0.0,0.0,0.09566649839268117
2019-07-15,0.0,0.332991604947236,0.352020381228348,0.0,0.0,0.10122768582970125
2019-07-16,0.0,0.30801524881027803,0.33854295761214204,0.0,0.0,0.09480445074771782
2019-07-17,0.0,0.2852181591349557,0.3007366568022901,0.013179198880582131,0.0,0.04358630245062179
2019-07-18,0.0,0.2974492308614156,0.30356091311612393,0.013716446294063493,0.0,0.03595800544367831
2019-07-19,0.0,0.2966814343988058,0.31316593005709165,0.014937988709019853,0.0,0.03988602908917189
2019-07-22,0.0,0.30157201081239193,0.3092652235875916,0.014589531799912982,0.0,0.03868511027639327
2019-07-23,0.0,0.29569382648928016,0.3109668542750372,0.014307131107256682,0.0,0.041955042883145104
2019-07-24,0.0,0.31971239309153004,0.34014174625931815,0.015459009410020937,0.0,0.056967652124841436
2019-07-25,0.0,0.31586439203744915,0.34893956866765724,0.01651565111214186,0.0,0.05900911506665707
2019-07-26,0.0,0.3801102581375666,0.31534305768167953,0.018810230441645388,0.0,0.08071682644917962
2019-07-29,0.0,0.40766711929647226,0.3497369783517901,0.018981820552227396,0.0,0.15644015945753859
2019-07-30,0.0,0.5304551473012705,0.4541710447917358,0.02094521939416614,0.0,0.18945034298251964
2019-07-31,0.0,0.6686020490120554,0.6109450355290349,0.02208865931778548,0.0,0.21608897311018174
2019-08-01,0.0,0.75,0.7253169990269267,0.0237435653617674,0.0,0.2348298295693916
2019-08-02,0.0,0.75,0.75,0.02684054265296734,0.0,0.23527779467383145
2019-08-05,0.0,0.7366354439245153,0.75,0.02668808365979258,0.0,0.23527779467383145
2019-08-06,0.0,0.6147350923207189,0.75,0.026095501964625744,0.0,0.15946269851384748
2019-08-07,0.0,0.607674492378585,0.75,0.02707234361890345,0.0,0.12681630078664194
2019-08-08,0.0,0.6213149409174699,0.75,0.02951422491444738,0.0,0.09379715712853857
2019-08-09,0.0,0.7278213247160613,0.75,0.027793676131523275,0.0,0.0774151752112101
2019-08-12,0.0,0.7106453392748086,0.75,0.02801176212162474,0.0,0.07361689038999703
2019-08-13,0.0,0.5972647252588582,0.75,0.027536191512200762,0.0,0.0835882396033576
2019-08-14,0.0,0.75,0.75,0.0798824475321018,0.0,0.1122026708649434
2019-08-15,0.0,0.7132822281443002,0.75,0.04760248721151183,0.0,0.12575438474289788
2019-08-16,0.0,0.7130976065117747,0.75,0.09244570229307054,0.0,0.14324206158333525
2019-08-19,0.0,0.75,0.75,0.08675598062156224,0.0,0.148306653433117
2019-08-20,0.0,0.75,0.75,0.1,0.0,0.1516352333554607
2019-08-21,0.0,0.75,0.75,0.1,0.0,0.1514119261664534
2019-08-22,0.0,0.75,0.75,0.1,0.0,0.15776130238906003
2019-08-23,0.0,0.75,0.75,0.1,0.0,0.23527779467383145
2019-08-26,0.0,0.75,0.75,0.06607003077505207,0.0,0.23527779467383145
2019-08-27,0.0,0.45124150000487945,0.43530082086602145,0.021289648087346208,0.0,0.09216803104175283
2019-08-28,0.0,0.43733212128033067,0.4358144772393323,0.03553809293134013,0.0,0.09131530854899682
2019-08-29,0.0,0.4483630215762163,0.4299750020982251,0.03257785815783234,0.0,0.08908411816772617
2019-08-30,0.0,0.75,0.75,0.1,0.0,0.23527779467383145
2019-09-03,0.0,0.75,0.75,0.07897007268463666,0.0,0.23527779467383145
2019-09-04,0.0,0.75,0.75,0.08405912951876987,0.0,0.2181756391654526
2019-09-05,0.0,0.75,0.75,0.1,0.0,0.1956021617544518
2019-09-06,0.0,0.75,0.75,0.1,0.0,0.19157504610445159
2019-09-09,0.0,0.75,0.75,0.1,0.0,0.1870301811888461
2019-09-10,0.0,0.75,0.75,0.1,0.0,0.22588302176511527
2019-09-11,0.0,0.75,0.75,0.1,0.0,0.21130758986228534
2019-09-12,0.0,0.75,0.75,0.1,0.0,0.21102255551538956
2019-09-13,0.0,0.75,0.75,0.1,0.0,0.20974424407162334
2019-09-16,0.0,0.75,0.75,0.1,0.0,0.20541245894872254
2019-09-17,0.0,0.75,0.700088515212117,0.05105256471185665,0.0,0.16638108824703607
2019-09-18,0.0,0.75,0.6859624748533857,0.060808078170448726,0.0,0.16531432947425131
2019-09-19,0.0,0.75,0.6840394534202459,0.06363366989932531,0.0,0.1649463267106573
2019-09-20,0.0,0.75,0.6924244855597305,0.06542368263167032,0.0,0.16915641890868818
2019-09-23,0.0,0.75,0.7011353311466698,0.06631982512102538,0.0,0.17078076691140048
2019-09-24,0.0,0.75,0.7048000570145403,0.06470010979521348,0.0,0.16985502088245694
2019-09-25,0.0,0.75,0.5663240720683657,0.04965389595034756,0.0,0.13093277379096172
2019-09-26,0.0,0.7265904879135363,0.5193941263121153,0.05073646719011871,0.0,0.12970580067332793
2019-09-27,0.0,0.7282053789425061,0.5184789412198543,0.05040489567246796,0.0,0.12818546035569822
2019-09-30,0.0,0.75,0.4819911216317564,0.049915277607693494,0.0,0.09485227230049315
2019-10-01,0.0,0.7247614632696769,0.4461180174247546,0.02525231002467725,0.0,0.0886258506509698
2019-10-02,0.0,0.7337698303017982,0.4612569585416033,0.025534348829528358,0.0,0.09568649953341285
2019-10-03,0.0,0.7117855366669213,0.4704936849000985,0.026950651846149858,0.0,0.1237494090588379
2019-10-04,0.0,0.75,0.5163165631001312,0.02316160269412117,0.0,0.1367352980565191
2019-10-07,0.0,0.75,0.5443773572250779,0.02175439104821722,0.0,0.14738542950885944
2019-10-08,0.0,0.75,0.5460212836283831,0.022430231028675487,0.0,0.14723314860976322
2019-10-09,0.0,0.7174755393207626,0.5390703351868698,0.0,0.0,0.14229735454393866
2019-10-10,0.0,0.7182099996829711,0.4955882158983271,0.012710348842398866,0.0,0.1281874165419274
2019-10-11,0.0,0.710566479940833,0.506236302276349,0.019549869545370076,0.0,0.13249715841984389
2019-10-14,0.0,0.6520940693173043,0.5032846024988854,0.02769601013492897,0.0,0.13373013936442343
2019-10-15,0.0,0.6424375165653318,0.5065452339567238,0.019739815869949173,0.0,0.1353795440434746
2019-10-16,0.0,0.5846599064619515,0.5039064473291909,0.022144216249698166,0.0,0.13788734112030485
2019-10-17,0.0,0.75,0.7214399626403186,0.0,0.0,0.19601007125865558
2019-10-18,0.0,0.75,0.7216211620371952,0.0,0.0,0.19487584091994867
2019-10-21,0.0,0.75,0.6907769368971286,0.0,0.0,0.1918452895921829
2019-10-22,0.0,0.75,0.6657082979934065,0.0,0.0,0.1865804474629624
2019-10-23,0.0,0.75,0.6456800908056615,0.0,0.0,0.1841005665742548
2019-10-24,0.0,0.75,0.6450236335629305,0.0330612306014109,0.0,0.18114416922360008
2019-10-25,0.0,0.75,0.75,0.043940575798428666,0.0,0.20113949733376443
2019-10-28,0.0,0.6885459691978918,0.5525809153783917,0.04726722382965685,0.0,0.14755834229145035
2019-10-29,0.0,0.6072946176504614,0.5341134695158573,0.04261480274665352,0.0,0.12238550669905601
2019-10-30,0.0,0.6945199668125154,0.5448242060349694,0.04643491782284842,0.0,0.08366926968671351
2019-10-31,0.0,0.6491644117850884,0.6262641268459641,0.06869683738848113,0.0,0.06995889836061837
2019-11-01,0.0,0.6847817031271377,0.5984047094532633,0.04344533958920612,0.0,0.06356748006588878
2019-11-04,0.0,0.5523036938491128,0.5012407918297641,0.08866550896548042,0.0,0.0613821195651988
2019-11-05,0.0,0.42413406810958904,0.45269958635908414,0.07974619024273334,0.0,0.05922168623027187
2019-11-06,0.0,0.38907582282746034,0.33447496464443793,0.07645821947830143,0.0,0.059593780640124765
2019-11-07,0.0,0.39348329694541834,0.34000467450917404,0.05607182422671425,0.0,0.07280729328867364
2019-11-08,0.0,0.40769066273923416,0.34744479763184366,0.07468194212581163,0.0,0.16617727814639321
2019-11-11,0.0,0.4184481463720947,0.3476897797815486,0.07101531330537625,0.0,0.21679526482051595
2019-11-12,0.0,0.4363554144356558,0.3450722046766982,0.08868638116208478,0.0,0.21543258033475832
2019-11-13,0.0,0.4277221674920967,0.34537946834971944,0.07860842768272631,0.0,0.2154802261835756
2019-11-14,0.0,0.4472228353304754,0.3660299764766135,0.06916424611101589,0.0,0.2155264952699718
2019-11-15,0.0,0.45407359304719525,0.3938711613405039,0.06393771940807386,0.0,0.21518506892507705
2019-11-18,0.0,0.4336654572262298,0.39899718929976374,0.09233469900322001,0.0,0.21485613164414086
2019-11-19,0.0,0.43452999086519295,0.4118351830210995,0.07030354040471076,0.0,0.21346621525864876
2019-11-20,0.0,0.4589404727400097,0.4331277170981641,0.03575214945698479,0.0,0.22043418139829457
2019-11-21,0.0,0.4976116563039698,0.43637731643960215,0.08689385575056865,0.0,0.22309077672687017
2019-11-22,0.0,0.5297682633195202,0.4330545493991849,0.09629065237601439,0.0,0.23074749121951124
2019-11-25,0.0,0.5239474847075521,0.4008123126678911,0.08431002882799343,0.0,0.13065630785948365
2019-11-26,0.0,0.5002729552625913,0.4012873765248343,0.07699508828200251,0.0,0.10159463565150995
2019-11-27,0.0,0.5238784046393856,0.413146299542882,0.08362745959326197,0.0,0.10120344598432433
2019-11-29,0.0,0.5203234294346296,0.39248937351687824,0.06356935669385566,0.0,0.11943064537034336
2019-12-02,0.0,0.5513807354159886,0.43436291897859375,0.0,0.0,0.16030456242852875
2019-12-03,0.0,0.5784725865365062,0.41653899239373654,0.0,0.0,0.23527779467383145
2019-12-04,0.0,0.5885616700637623,0.43824721398050354,0.0,0.0,0.23527779467383145
2019-12-05,0.0,0.5720853779243159,0.4264740919336,0.05691021727055085,0.0,0.23527779467383145
2019-12-06,0.0,0.4692543594293737,0.43799245574639106,0.042979755645535335,0.0,0.23527779467383145
2019-12-09,0.0,0.5685796958396249,0.4143268467796638,0.04741150121027243,0.0,0.23527779467383145
2019-12-10,0.0,0.5830416921979037,0.4035164326236477,0.06561981328361904,0.0,0.23527779467383145
2019-12-11,0.0,0.5605758566014404,0.40861268156156744,0.0639761810561642,0.0,0.23527779467383145
2019-12-12,0.0,0.570823559849432,0.43296045666567756,0.04322955561260501,0.0,0.2314662652602568
2019-12-13,0.0,0.5531347974027824,0.43721906890388124,0.060549043943539695,0.0,0.22192284153218075
2019-12-16,0.0,0.5509830924251041,0.5505448561838298,0.07139981380696313,0.0,0.21235776160511932
2019-12-17,0.0,0.5353958707371256,0.4704176974645266,0.060961240999746605,0.0,0.2027699440184692
2019-12-18,0.0,0.5415650585425092,0.46890856870544884,0.050553802583780214,0.0,0.19315819656206845
2019-12-19,0.0,0.5403369468512379,0.4637997615425189,0.0426279509765441,0.0,0.19315819656206845
2019-12-20,0.0,0.5294492792797766,0.46816227649134834,0.04798698953368306,0.0,0.19315819656206845
2019-12-23,0.0,0.5167899926644817,0.4624980172315563,0.052656668781202697,0.0,0.19315819656206845
2019-12-24,0.0,0.5185644432991683,0.4748760321565453,0.039957120921029946,0.0,0.19315819656206845
2019-12-26,0.0,0.5215024267831297,0.5720072985477019,0.02717148691697101,0.0,0.19315819656206845
2019-12-27,0.0,0.5010159498243294,0.5777543160252939,0.042028586342161604,0.0,0.19315819656206845
2019-12-30,0.0,0.5236345513005337,0.582976266911742,0.03642371004743014,0.0,0.19315819656206845
2019-12-31,0.0,0.5350538343358607,0.5887175716849748,0.04442647800426093,0.0,0.10252477281525958
2020-01-02,0.0,0.5682547003182836,0.6339795951216733,0.03891653942883691,0.0,0.11147014081060501
2020-01-03,0.0,0.5295441934342421,0.6390030147047697,0.05778881646911278,0.0,0.20672626777361805
2020-01-06,0.0,0.5691437574116704,0.6409560046860648,0.06132810248099971,0.0,0.20672626777361805
2020-01-07,0.0,0.5673185399188173,0.6440243566608925,0.0646266012638669,0.0,0.10553461147704613
2020-01-08,0.0,0.578813043037068,0.6490436388871199,0.05075002169451389,0.0,0.08292252402428861
2020-01-09,0.0,0.5652025448591479,0.6507162782949532,0.0,0.0,0.06199835496303776
2020-01-10,0.0,0.75,0.75,0.027325635273901288,0.0,0.0
2020-01-13,0.0,0.5808123931916762,0.37868073842381084,0.01368809327735507,0.0,0.026818775107157872
2020-01-14,0.0,0.5716354304794463,0.3786926205959851,0.014664944078847848,0.0,0.03500700484572068
2020-01-15,0.0,0.572728332039075,0.36624336102775257,0.01460598598778475,0.0,0.046422320945387535
2020-01-16,0.0,0.5596868806842243,0.35534775757943937,0.014918554897282459,0.0,0.07004680683905387
2020-01-17,0.0,0.550944274619009,0.360844962058139,0.015390466897767475,0.0,0.07282029642508459
2020-01-21,0.0,0.5500177577359473,0.3610237075883503,0.016026155864172317,0.0,0.07293237881153009
2020-01-22,0.0,0.5566833449621879,0.3556592087689373,0.015878567980100983,0.0,0.07177887828877373
2020-01-23,0.0,0.5498407688391175,0.3611250595047669,0.01614005748510458,0.0,0.07289411417101087
2020-01-24,0.0,0.5496027240204947,0.3610739356071774,0.01649836306858654,0.0,0.07282497730374136
2020-01-27,0.0,0.5524167548413128,0.3582928503263925,0.017362700858599922,0.0,0.07192769397369471
2020-01-28,0.0,0.5409006436402922,0.3679659187484383,0.017553255749242765,0.0,0.07358018186202675
2020-01-29,0.0,0.5434953846769645,0.36660911276289093,0.01704368210122804,0.0,0.07285182045891661
2020-01-30,0.0,0.5420627468879299,0.36835013129884236,0.016713951434417732,0.0,0.07287317037880997
2020-01-31,0.0,0.5433025407298971,0.3678131306342447,0.016450168355911468,0.0,0.07243416027994667
2020-02-03,0.0,0.6289422971407312,0.6288271004456109,0.028048035403093998,0.0,0.12341952632513335
2020-02-04,0.0,0.6235354200884805,0.6241246680030155,0.02736656402252788,0.0,0.12279653650147497
2020-02-05,0.0,0.5046989369743342,0.6102066425032918,0.024686566202007168,0.0,0.12016945949385308
2020-02-06,0.0,0.5124257191690519,0.6119631751049105,0.023070074325462254,0.0,0.12093065925940055
2020-02-07,0.0,0.519912477755873,0.6236660432016856,0.025922482527014887,0.0,0.12359092389332241
2020-02-10,0.0,0.5209563710882124,0.6209234822939858,0.026599146372109157,0.0,0.12264303062569172
2020-02-11,0.0,0.4959767095104108,0.6095988065227306,0.020579208928993682,0.0,0.12022470860228565
2020-02-12,0.0,0.5143778123889737,0.6115884724778464,0.015581851416225364,0.0,0.126326649115083
2020-02-13,0.0,0.494346202631029,0.6024743817842342,0.0,0.0,0.1301393862146376
2020-02-14,0.0,0.538116700015875,0.6044543725531524,0.0,0.0,0.13677853594427913
2020-02-18,0.0,0.5335545335729929,0.6090869025401817,0.0,0.0,0.1432898962038112
2020-02-19,0.0,0.5072987153138858,0.6078485921227766,0.0,0.0,0.14561378426744195
2020-02-20,0.0,0.48497330776541725,0.6105313248140541,0.0,0.0,0.1463039890663263
2020-02-21,0.0,0.4520022412352185,0.6140476095740763,0.0,0.0,0.14710610607241312
2020-02-24,0.0,0.4146195237482378,0.622312558971262,0.016251145386399067,0.0,0.14897603301712353
2020-02-25,0.0,0.20410758085255404,0.5548834213958987,0.0,0.0,0.13080528731395882
2020-02-26,0.0,0.16060915376006504,0.46917972013494313,0.0,0.0,0.11034100701692097
2020-02-27,0.0,0.16487614333273803,0.4741158096090122,0.0,0.0,0.11121380620730686
2020-02-28,0.0,0.1406211758180501,0.4622099115611069,0.0,0.0,0.040421053932730315
2020-03-02,0.0,0.15405210136726394,0.39022465813147994,0.0,0.0,0.03374000062631382
2020-03-03,0.0,0.11861002644138402,0.35404484448319234,0.0,0.0,0.03594544714040618
2020-03-04,0.0,0.16379079201803248,0.3630472078106976,0.0,0.0,0.08758251557671448
2020-03-05,0.0,0.20829493085081016,0.4136198186210192,0.0,0.0,0.06917386172828184
2020-03-06,0.0,0.14828809270516402,0.37888352329688124,0.0,0.0,0.11035544894423926
2020-03-09,0.0,0.12390328388920314,0.36461412601324267,0.0,0.0,0.10738746005998856
2020-03-10,0.0,0.07217298635650037,0.3220943700642221,0.0,0.0,0.0
2020-03-11,0.0,0.07748984736683952,0.3147090459217959,0.0,0.0,0.0
2020-03-12,0.0,0.05033921372157449,0.3002213937053301,0.0,0.0,0.0
2020-03-13,0.0,0.0404484660537574,0.22824196725870705,0.0,0.0,0.0
2020-03-16,0.0,0.028592601490311478,0.16630674745151994,0.0,0.0,0.0
2020-03-17,0.0,0.032863843897518695,0.1699571551572166,0.0,0.0,0.0
2020-03-18,0.0,0.03316276757208138,0.20589627065768978,0.0,0.0,0.0
2020-03-19,0.0,0.035995860649229126,0.17838730279023363,0.0,0.0,0.0
2020-03-20,0.0,0.03833194233837067,0.19739172883839967,0.0,0.0,0.0
2020-03-23,0.0,0.04286323714571216,0.19102184583125764,0.0,0.0,0.0
2020-03-24,0.0,0.05146346748153751,0.22430827161029582,0.0,0.0,0.0
2020-03-25,0.0,0.03966391618603831,0.20553454214828426,0.0,0.0,0.0
2020-03-26,0.0,0.03609740186746977,0.15980899060814197,0.0,0.0,0.0
2020-03-27,0.0,0.024562398623419548,0.14972009300004724,0.0,0.0,0.0
2020-03-30,0.0,0.0,0.12651840360645775,0.0,0.0,0.0
2020-03-31,0.0,0.0,0.12787488759424745,0.0,0.0,0.0
2020-04-01,0.0,0.0,0.1969342463106945,0.0,0.0,0.0
2020-04-02,0.0,0.0,0.15925040713081728,0.0,0.0,0.0
2020-04-03,0.0,0.0,0.1961379191849762,0.0,0.0,0.0
2020-04-06,0.0,0.0,0.20827744184800281,0.0,0.0,0.0
2020-04-07,0.0,0.0689217012835022,0.24067432778737663,0.0,0.0,0.0
2020-04-08,0.0,0.0,0.22987856564268716,0.0,0.0,0.0
2020-04-09,0.0,0.0,0.26309886358108325,0.0,0.0,0.0
2020-04-13,0.0,0.0,0.2789255010485107,0.0,0.0,0.0
2020-04-14,0.0,0.0,0.28823243011437555,0.0,0.0,0.0
2020-04-15,0.0,0.0644259273335817,0.3483133069284308,0.0,0.0,0.0
2020-04-16,0.0,0.05764593643938885,0.3917809042861392,0.0,0.0,0.0
2020-04-17,0.0,0.1103493625028818,0.4157366272814881,0.0,0.0,0.08616071208364855
2020-04-20,0.0,0.16158281998185037,0.4156730396331185,0.0,0.0,0.0
2020-04-21,0.0,0.45664401671546656,0.46353848699200334,0.0,0.0,0.0
2020-04-22,0.0,0.37272974934884984,0.42957921736206284,0.0,0.0,0.0
2020-04-23,0.0,0.4132634500008787,0.4008316130552914,0.0,0.0,0.0
2020-04-24,0.0,0.4227056976013392,0.4233073687324785,0.0,0.0,0.0
2020-04-27,0.0,0.5221781739584324,0.4997483323719355,0.0,0.0,0.0
2020-04-28,0.0,0.517510223201771,0.49607311544232413,0.0,0.0,0.0
2020-04-29,0.0,0.52892664314359,0.49239646487196437,0.0,0.0,0.0
2020-04-30,0.0,0.5153731407824986,0.49098198426108236,0.0,0.0,0.0
2020-05-01,0.0,0.5245350606702525,0.49013319297498054,0.0,0.0,0.0
2020-05-04,0.0,0.45456060276990357,0.4895672891432616,0.0,0.0,0.08075040082414282
2020-05-05,0.0,0.40737737024219073,0.49098198426108236,0.0,0.0,0.11097717525833967
2020-05-06,0.0,0.40532264563114545,0.4935278953734244,0.0,0.0,0.25180448590127363
2020-05-07,0.0,0.4009563298735907,0.49663862645162715,0.0,0.0,0.25180448590127363
2020-05-08,0.0,0.38074759920459095,0.4995285197211926,0.0,0.0,0.2516937305311612
2020-05-11,0.0,0.3590193385034071,0.49988965839750144,0.0,0.0,0.25180448590127363
2020-05-12,0.0,0.27761178422867777,0.40789358076958865,0.0,0.0,0.20598836350994795
2020-05-13,0.0,0.30568435484784473,0.293479356388195,0.0,0.0,0.0777447358220685
2020-05-14,0.0,0.3082543416409862,0.30201448575862383,0.0,0.0,0.09821396957526429
2020-05-15,0.0,0.29690709450673497,0.3047327749315128,0.0,0.0,0.11297091812592858
2020-05-18,0.0,0.3047175136205042,0.40305046648211784,0.0,0.0,0.11746319365596858
2020-05-19,0.0,0.290523204584513,0.33379963197804097,0.0,0.0,0.13493311565142965
2020-05-20,0.0,0.30648288487755776,0.4334246766735294,0.0,0.0,0.1448131996806271
2020-05-21,0.0,0.2733624802341898,0.43721161985582696,0.0,0.0,0.21400532052814786
2020-05-22,0.0,0.2798601044374436,0.42855692583211136,0.0,0.0,0.2091380489170821
2020-05-26,0.0,0.31357666054495753,0.3966729301137667,0.0,0.0,0.23188544928372065
2020-05-27,0.0,0.3114672588243005,0.34903911505899693,0.0,0.0,0.21680151545969803
2020-05-28,0.0,0.3097101107047457,0.3608915776657395,0.0,0.0,0.2130934531759373
2020-05-29,0.0,0.3051060069748462,0.3731117694021484,0.0,0.0,0.20915810465946813
2020-06-01,0.0,0.29633979445925945,0.44023050370894623,0.0,0.0,0.2083761311981155
2020-06-02,0.0,0.2904475889450036,0.4398720323821051,0.0,0.0,0.2065703638388
2020-06-03,0.0,0.27207450068053746,0.41331868780658754,0.0,0.0,0.19546580240239564
2020-06-04,0.0,0.2657615046415756,0.33516284897220255,0.0,0.0,0.2029629441104779
2020-06-05,0.0,0.26355801361010245,0.35450658901635274,0.0,0.0,0.20355462799926308
2020-06-08,0.0,0.2515002315272659,0.2921394975855627,0.0,0.0,0.20035431351421845
2020-06-09,0.0,0.2460755713358219,0.34767335962466017,0.0,0.0,0.19807316228284874
2020-06-10,0.0,0.3058023192969094,0.41539087899206867,0.0,0.0,0.24807299935861452
2020-06-11,0.0,0.2995852223953308,0.39896619580547493,0.0,0.0,0.24746090664560394
2020-06-12,0.0,0.3086674107734546,0.5197958768234149,0.0,0.0,0.25180448590127363
2020-06-15,0.0,0.3057232182141056,0.5203600000024424,0.0,0.0,0.25180448590127363
2020-06-16,0.0,0.311894409104581,0.4393664354383796,0.0,0.0,0.25180448590127363
2020-06-17,0.0,0.30677161945169984,0.4551748042798023,0.0,0.0,0.25180448590127363
2020-06-18,0.0,0.3053681044573897,0.48959731605780676,0.0,0.0,0.25180448590127363
2020-06-19,0.0,0.30605172198887814,0.4741221204529312,0.0,0.0,0.25180448590127363
2020-06-22,0.0,0.36161945058209854,0.5203931096937257,0.0,0.0,0.25180448590127363
2020-06-23,0.0,0.44324160643029015,0.588652542038134,0.0,0.0,0.25180448590127363
2020-06-24,0.0,0.5316666822023149,0.6955229319428032,0.0,0.0,0.25180448590127363
2020-06-25,0.0,0.6366613131385663,0.75,0.0,0.0,0.25180448590127363
2020-06-26,0.0,0.7336398581748783,0.75,0.0,0.0,0.25180448590127363
2020-06-29,0.0,0.75,0.75,0.0,0.0,0.25180448590127363
2020-06-30,0.0,0.75,0.75,0.0,0.0,0.25180448590127363
2020-07-01,0.0,0.75,0.75,0.0,0.0,0.25180448590127363
2020-07-02,0.0,0.75,0.75,0.0,0.0,0.25180448590127363
2020-07-06,0.0,0.6117774049477445,0.3028873560825632,0.0,0.0,0.08533523896969221
2020-07-07,0.0,0.75,0.6340174404803101,0.0,0.0,0.178579860254063
2020-07-08,0.0,0.75,0.6317910002016555,0.0,0.0,0.17475240579890786
2020-07-09,0.0,0.75,0.5900154534376756,0.0,0.0,0.16073954659049766
2020-07-10,0.0,0.75,0.5868655759095337,0.0,0.0,0.15964343698771302
2020-07-13,0.0,0.75,0.5963176524670325,0.0,0.0,0.1570217304091471
2020-07-14,0.0,0.607603971027838,0.5082436088949588,0.0,0.0,0.13114697552513666
2020-07-15,0.0,0.7088033386267636,0.5774044703526976,0.0,0.0,0.14640099430504855
2020-07-16,0.0,0.7177531644455148,0.5842274637272967,0.0,0.0,0.14633793260222502
2020-07-17,0.0,0.5062524811043597,0.49509645233614946,0.0,0.0,0.11829075868530951
2020-07-20,0.0,0.48432013856673023,0.4993867562949608,0.0,0.0,0.10676724282639857
2020-07-21,0.0,0.34995387835413005,0.4407181890187997,0.0,0.0,0.10385672359159774
2020-07-22,0.0,0.34419420521507865,0.45380184786037575,0.0,0.0,0.10553363274358228
2020-07-23,0.0,0.33354581410423356,0.4622285549916482,0.0,0.0,0.10553080788982871
2020-07-24,0.0,0.23613333695696573,0.4578087481750015,0.0,0.0,0.10189784346493094
2020-07-27,0.0,0.22425127269469858,0.4649008462648466,0.0,0.0,0.10088677180629345
2020-07-28,0.0,0.21270346628523523,0.3901717861820778,0.0,0.0,0.0841313646649743
2020-07-29,0.0,0.17718168693010433,0.38700829114097957,0.0,0.0,0.08296113072848488
2020-07-30,0.0,0.2215854898257933,0.4073514304302559,0.0,0.0,0.08682653413834353
2020-07-31,0.0,0.22894788132972518,0.4068673641673667,0.0,0.0,0.08650744568933781
2020-08-03,0.0,0.24261129340210386,0.4089057342608926,0.0,0.0,0.08824861464955282
2020-08-04,0.0,0.24303118152937925,0.40167337569604455,0.0,0.0,0.08817280783159201
2020-08-05,0.0,0.2420725445796007,0.3890416857029835,0.0,0.0,0.08639611915309901
2020-08-06,0.0,0.3752037778971944,0.48049818574556546,0.0,0.0,0.10784456376479355
2020-08-07,0.0,0.3819288420900142,0.4793134026100243,0.0,0.0,0.10897992895840444
2020-08-10,0.0,0.36070682757114597,0.43626939685744653,0.0,0.0,0.10028823933923538
2020-08-11,0.0,0.3570487000032724,0.43668007061476893,0.0,0.0,0.10091444231381887
2020-08-12,0.0,0.2569045134926904,0.25104187471527717,0.0,0.0,0.07436175677021027
2020-08-13,0.0,0.29836602143774804,0.2706549687801068,0.0,0.0,0.08069175963976045
2020-08-14,0.0,0.29982363738281864,0.26605438603337517,0.0,0.0,0.08042961814443608
2020-08-17,0.0,0.28214768505299187,0.24166496361557954,0.0,0.0,0.07884970903710974
2020-08-18,0.0,0.2908231501586699,0.23976074957522153,0.0,0.0,0.08518955449209863
2020-08-19,0.0,0.2688329247211248,0.21651851992615256,0.0,0.0,0.08567386362939934
2020-08-20,0.0,0.3218802274250811,0.21259105907330775,0.0,0.0,0.08893514575114783
2020-08-21,0.0,0.3232117443420793,0.20269707803797235,0.0,0.0,0.08902324324286529
2020-08-24,0.0,0.334042857282721,0.19427421586794727,0.0,0.0,0.08900566649702348
2020-08-25,0.0,0.3998123529680438,0.19292086002200148,0.0,0.0,0.0911099250290259
2020-08-26,0.0,0.45341733922252725,0.20706296706695254,0.0,0.0,0.09133307255558398
2020-08-27,0.0,0.5300686520196726,0.24539637814770554,0.0,0.0,0.10135803544554955
2020-08-28,0.0,0.6068763634209661,0.253307850762505,0.0,0.0,0.10075036940081854
2020-08-31,0.0,0.5874558647821092,0.2485750476540423,0.0,0.0,0.10039766678589136
2020-09-01,0.0,0.5753236221339625,0.2525982539682933,0.0,0.0,0.10000300865562317
2020-09-02,0.0,0.5386720571900926,0.260777146831707,0.0,0.0,0.09940519413136067
2020-09-03,0.0,0.5405154315189238,0.25393943242960976,0.0,0.0,0.09876501794633306
2020-09-04,0.0,0.21901593604640374,0.21340700455913844,0.0,0.0,0.07497807056393802
2020-09-08,0.0,0.16118908512218338,0.22793018126534773,0.0,0.0,0.07640048281036414
2020-09-09,0.0,0.14993531249172495,0.2380010976621379,0.0,0.0,0.03916787522263022
2020-09-10,0.0,0.14738106071966517,0.25835148824953896,0.0,0.0,0.0356722878079193
2020-09-11,0.0,0.1372576523125272,0.25034788956847176,0.0,0.0,0.03418689318992268
2020-09-14,0.0,0.09680517142416774,0.30268033237303527,0.0,0.0,0.03820037189923728
2020-09-15,0.0,0.131335051266987,0.2971764746760223,0.0,0.0,0.04467253108049209
2020-09-16,0.0,0.12330941065239502,0.2879130498035288,0.0,0.0,0.0561430520630528
2020-09-17,0.0,0.11871852955684195,0.2854410795282862,0.0,0.0,0.08811078162831708
2020-09-18,0.0,0.12049432277813914,0.2965376360497239,0.0,0.0,0.09245210071688023
2020-09-21,0.0,0.12083774932369258,0.31069156342466436,0.0,0.0,0.09291650161302374
2020-09-22,0.0,0.1407666755148209,0.3194407425689011,0.0,0.0,0.09179916741151173
2020-09-23,0.0,0.1287509682156478,0.33071551568258184,0.0,0.0,0.09167369419756347
2020-09-24,0.0,0.1510050295420394,0.3152856696952888,0.0,0.0,0.08918663529744882
2020-09-25,0.0,0.15798950710540446,0.3324097672071394,0.0,0.0,0.08850307954341682
2020-09-28,0.0,0.13923522582472145,0.34935771175371955,0.0,0.0,0.0879461409045228
2020-09-29,0.0,0.22386305950007954,0.3635149059324261,0.0,0.0,0.09064930983648198
2020-09-30,0.0,0.23224385136573278,0.3774188525084794,0.0,0.0,0.0906438087700977
2020-10-01,0.0,0.22049612710962524,0.3551534747161073,0.0,0.0,0.09238614843761721
2020-10-02,0.0,0.12444313538825746,0.3204061957732121,0.0,0.0,0.09212969929146199
2020-10-05,0.0,0.12203199408521033,0.3013845743608908,0.0,0.0,0.09461230307246633
2020-10-06,0.0,0.16364564627017705,0.26675199370504554,0.0,0.0,0.09298369518690613
2020-10-07,0.0,0.2654424757449532,0.3188675190223092,0.0,0.0,0.1232863672138583
2020-10-08,0.0,0.25702715961557665,0.29766383913761085,0.0,0.0,0.12553647314241165
2020-10-09,0.0,0.31468763003104666,0.3096678073697758,0.0,0.0,0.1381898454931362
2020-10-12,0.0,0.3281915252002084,0.32298789685760787,0.0,0.0,0.14413396065290246
2020-10-13,0.0,0.274356083516384,0.31626006181439736,0.0,0.0,0.14057197139081298
2020-10-14,0.0,0.2902421682973882,0.3153943345269179,0.0,0.0,0.14182552149557362
2020-10-15,0.0,0.305625851344196,0.324417424639775,0.0,0.0,0.14391246479809988
2020-10-16,0.0,0.3141667376338815,0.3194169332386463,0.0,0.0,0.1449157935742783
2020-10-19,0.0,0.3253038432697714,0.31448093725108345,0.0,0.0,0.14503682936305745
2020-10-20,0.0,0.31317529382087134,0.3286301522320996,0.0,0.0,0.14857520688462483
2020-10-21,0.0,0.3139832483063912,0.3267168345535339,0.0,0.0,0.14876130707908988
2020-10-22,0.0,0.3927824307907744,0.35825116300578896,0.0,0.0,0.16295389218856784
2020-10-23,0.0,0.3548980936599782,0.3540146539504509,0.0,0.0,0.16218016393388707
2020-10-26,0.0,0.4449215479650614,0.42546410962595055,0.0,0.0,0.19536223557508095
2020-10-27,0.0,0.4718234967660551,0.43004982389236773,0.0,0.0,0.19671123137964278
2020-10-28,0.0,0.4636227840347293,0.43031738031084826,0.0,0.0,0.196082428994867
2020-10-29,0.0,0.36049003780554517,0.3913038191603918,0.0,0.0,0.17889684055912816
2020-10-30,0.0,0.3532898859910208,0.36378117903415924,0.0,0.0,0.17868237278941937
2020-11-02,0.0,0.3516451813996839,0.3715016569426309,0.0,0.0,0.1774558525035521
2020-11-03,0.0,0.3588063960809492,0.37950523347895443,0.0,0.0,0.18505504221315228
2020-11-04,0.0,0.3860686613188958,0.40909079720393343,0.0,0.0,0.19219555910999803
2020-11-05,0.0,0.5031713195462358,0.3836051534779535,0.0,0.0,0.19411792472292677
2020-11-06,0.0,0.4056601380179004,0.3640435472296302,0.0,0.0,0.1678050749594458
2020-11-09,0.0,0.41956380972461116,0.3614569310642565,0.0,0.0,0.16743205003978004
2020-11-10,0.0,0.3931328423738791,0.2422522357890027,0.0,0.0,0.13081659841998983
2020-11-11,0.0,0.38617479671435817,0.27166818109198176,0.0,0.0,0.1332098707266467
2020-11-12,0.0,0.4823935689111125,0.28082857181778376,0.0,0.0,0.13910483507711913
2020-11-13,0.0,0.54309311078159,0.3442134180131517,0.0,0.0,0.14169558089668804
2020-11-16,0.0,0.532087537717629,0.32948374361568855,0.0,0.0,0.14046242771351433
2020-11-17,0.0,0.5327220947617812,0.30535443696754044,0.0,0.0,0.14023338784431133
2020-11-18,0.0,0.5809424060965049,0.3160596772619844,0.0,0.0,0.1419326532186773
2020-11-19,0.0,0.6190543050585983,0.29771093459971204,0.0,0.0,0.13975656654512394
2020-11-20,0.0,0.6231349004474117,0.2988760726443249,0.0,0.0,0.13975414931050853
2020-11-23,0.0,0.6819620138183317,0.3213570641451836,0.0,0.0,0.1442866270229827
2020-11-24,0.0,0.7243299518769489,0.30354548741208137,0.0,0.0,0.14159548957246101
2020-11-25,0.0,0.75,0.2829814332866112,0.0,0.0,0.138835702626581
2020-11-27,0.0,0.75,0.3276752038937282,0.0,0.0,0.1403732530328
2020-11-30,0.0,0.75,0.3533224343775966,0.0,0.0,0.13808448566606615
2020-12-01,0.0,0.75,0.445710068761754,0.0,0.0,0.1597621610179961
2020-12-02,0.0,0.6725762475893434,0.44068572071128387,0.0,0.0,0.1530737582927624
2020-12-03,0.0,0.7014590562269531,0.48512566838239635,0.0,0.0,0.1571533836823303
2020-12-04,0.0,0.695131223834934,0.4961966143192938,0.0,0.0,0.1574596349461357
2020-12-07,0.0,0.665827527592205,0.49072180091630707,0.0,0.0,0.1581422964883344
2020-12-08,0.0,0.6559516234778645,0.4562912374538167,0.0,0.0,0.15780698216781872
2020-12-09,0.0,0.75,0.4566856104175369,0.0,0.0,0.19374989679286117
2020-12-10,0.0,0.75,0.38728151485922646,0.0,0.0,0.1771263406310749
2020-12-11,0.0,0.75,0.4500506048199432,0.0,0.0,0.2115778288554181
2020-12-14,0.0,0.75,0.4561295866140374,0.0,0.0,0.21355393877754147
2020-12-15,0.0,0.75,0.44556327513853794,0.0,0.0,0.21263444054540656
2020-12-16,0.0,0.75,0.5005668917311483,0.0,0.0,0.20777017349123478
2020-12-17,0.0,0.75,0.4736700168612669,0.0,0.0,0.19799171485124775
2020-12-18,0.0,0.75,0.44378166958947113,0.0,0.0,0.18725544423797988
2020-12-21,0.0,0.75,0.45549138123356053,0.0,0.0,0.18730639961448756
2020-12-22,0.0,0.75,0.4109006549338555,0.0,0.0,0.18000302469073162
2020-12-23,0.0,0.75,0.41751392760505,0.0,0.0,0.18014748331783303
2020-12-24,0.0,0.75,0.41832277362353243,0.0,0.0,0.1738896843939423
2020-12-28,0.0,0.75,0.4934309860651398,0.0,0.0,0.18380932135281391
2020-12-29,0.0,0.7177238051904874,0.4359355757746844,0.0,0.0,0.14448757008546947
2020-12-30,0.0,0.711833744113764,0.43500957529527495,0.0,0.0,0.14574434553914817
2020-12-31,0.0,0.75,0.5263458920607177,0.0,0.0,0.16810142352449062
2021-01-04,0.0,0.586137689581833,0.4182613135162887,0.0,0.0,0.1314170751401776
2021-01-05,0.0,0.6081171895770582,0.45117261234435807,0.0,0.0,0.13424232992492208
2021-01-06,0.0,0.5889838239712462,0.4543580353169462,0.04106694317986511,0.0,0.13201071601211783
2021-01-07,0.0,0.5659708836518796,0.42432181765478455,0.038865737634929565,0.0,0.12527293522769098
2021-01-08,0.0,0.5101855980551945,0.40392542312029983,0.03673505158137436,0.0,0.11873331454390726
2021-01-11,0.0,0.5009770476143658,0.26930655042670293,0.03631421244241369,0.0,0.11743460178515681
2021-01-12,0.0,0.45587042772253816,0.2312603732647394,0.030927369813552538,0.0,0.10080836083012212
2021-01-13,0.0,0.555871969167264,0.2525559664566606,0.036698794585064774,0.0,0.0728208272187226
2021-01-14,0.0,0.5692672122598766,0.2602699226280395,0.03838488974757728,0.0,0.07063238893448828
2021-01-15,0.0,0.5923516434860587,0.22311358664895994,0.03763790477246853,0.0,0.07482509694443933
2021-01-19,0.0,0.5575073222366539,0.18183825434934447,0.035880948804631226,0.0,0.06846630769352295
2021-01-20,0.0,0.5596800316232617,0.18081080051188156,0.03679734742924562,0.0,0.07001030644093897
2021-01-21,0.0,0.5476365718921365,0.19771713427566548,0.0388002304655326,0.0,0.07651563405157016
2021-01-22,0.0,0.5928268200507225,0.20567809940338524,0.04252596465766987,0.0,0.0590421546304305
2021-01-25,0.0,0.6142381690816194,0.20896756447382173,0.042343541682736366,0.0,0.06490434120649857
2021-01-26,0.0,0.616046807702048,0.19624086597173845,0.044033900844451405,0.0,0.08707921733285494
2021-01-27,0.0,0.615445023362226,0.20473916723648805,0.04394500049360825,0.0,0.0801802681343476
2021-01-28,0.0,0.58020698535082,0.18777469139582142,0.03879707145377771,0.0,0.057508886667920193
2021-01-29,0.0,0.5787773193112824,0.18140830365007374,0.038875179667122374,0.0,0.06401586654892792
2021-02-01,0.0,0.6210024516610063,0.21934208582468723,0.044934036553173545,0.0,0.12319339211695705
2021-02-02,0.0,0.6250005669953049,0.2125185750717796,0.04351444801441903,0.0,0.1345375064342127
2021-02-03,0.0,0.590031930059873,0.1751890041274128,0.04141111606029307,0.0,0.1328954650392213
2021-02-04,0.0,0.5768889723417713,0.18830640435465093,0.04136025546909594,0.0,0.12490688400643629
2021-02-05,0.0,0.5554824151567412,0.12648930893998578,0.04229562387176653,0.0,0.10909016296919419
2021-02-08,0.0,0.5507461609410083,0.13051149721888447,0.04314952125002608,0.0,0.07380882183120849
2021-02-09,0.0,0.5302392559179661,0.171749938729452,0.04178333443926771,0.0,0.060722231700655764
2021-02-10,0.0,0.5841747828399274,0.1776906116880562,0.04520932339780883,0.0,0.05359899146707707
2021-02-11,0.0,0.6082739218995405,0.22080015683894275,0.04534783287411856,0.0,0.05940447795693485
2021-02-12,0.0,0.6690271219108291,0.22213602606035002,0.0525841088426179,0.0,0.09022248515343691
2021-02-16,0.0,0.685114211205304,0.2011668417619556,0.05151990073641835,0.0,0.10436850978654834
2021-02-17,0.0,0.7315001434964823,0.12692294792818418,0.05239679091703659,0.0,0.1661830154521499
2021-02-18,0.0,0.75,0.07991771502799426,0.05242797109662544,0.0,0.16627749395116648
2021-02-19,0.0,0.75,0.0835679604091428,0.06595017787409875,0.0,0.17544233075285787
2021-02-22,0.0,0.75,0.11525826259819368,0.06606266432901514,0.0,0.17729554773871506
2021-02-23,0.0,0.75,0.1262717182984971,0.06400860885705645,0.0,0.1743354657497782
2021-02-24,0.0,0.6821881242473965,0.16980061261231127,0.06179871383155093,0.0,0.1675790707070104
2021-02-25,0.0,0.5850136858116382,0.15201090794187452,0.06252307270009264,0.0,0.16592549031206671
2021-02-26,0.0,0.4019644828170734,0.10469110675218679,0.05480477574074106,0.0,0.09299177740985082
2021-03-01,0.0,0.3264854540844772,0.056332329179931105,0.055665137581427354,0.0,0.07129096063344377
2021-03-02,0.0,0.34738310894371816,0.03848722164465946,0.06131127624549503,0.0,0.08070188448146336
2021-03-03,0.0,0.28039967009031447,0.0,0.0602494947643622,0.0,0.08523408564692737
2021-03-04,0.0,0.2875326432742471,0.0,0.06348773798771828,0.0,0.10758583864129281
2021-03-05,0.0,0.30876482001501127,0.0,0.06609792976421965,0.0,0.14592999258754435
2021-03-08,0.0,0.3127575493906701,0.0,0.07110105316342508,0.0,0.1780093073055909
2021-03-09,0.0,0.31788226230157346,0.0,0.0742855950184047,0.0,0.17950900242144163
2021-03-10,0.0,0.29492601942630836,0.0,0.07039577083684606,0.0,0.17248765625470575
2021-03-11,0.0,0.29462767427960135,0.0,0.07164184776494625,0.0,0.13260505593893124
2021-03-12,0.0,0.37530602681559877,0.0,0.07755833112824588,0.0,0.1095994422324644
2021-03-15,0.0,0.3063671201012872,0.0,0.07717806293622283,0.0,0.11789243762745467
2021-03-16,0.0,0.3791914534241148,0.0,0.0769810234256788,0.0,0.12642747828933015
2021-03-17,0.0,0.4427687359840438,0.0,0.07648413910684256,0.0,0.12755838719854723
2021-03-18,0.0,0.5211128527960129,0.0,0.07634619256204986,0.0,0.15011003502813383
2021-03-19,0.0,0.5252457586012316,0.0,0.061561452601525186,0.0,0.16610768411471444
2021-03-22,0.0,0.5459455800188255,0.0,0.06571822327841069,0.0,0.16674482798315124
2021-03-23,0.0,0.6423556013114694,0.0,0.0660617548055993,0.0,0.16739807096053455
2021-03-24,0.0,0.6634838553977866,0.0,0.05982106272756585,0.0,0.16673310670992333
2021-03-25,0.0,0.75,0.0,0.06887879234262947,0.0,0.17539350656863073
2021-03-26,0.0,0.75,0.0,0.0652019793864726,0.0,0.17972023986660693
2021-03-29,0.0,0.75,0.0,0.0575580820811764,0.0,0.1491754936729513
2021-03-30,0.0,0.75,0.0,0.07150147273774805,0.0,0.1826432301073583
2021-03-31,0.0,0.75,0.0,0.0706167671181056,0.0,0.18329491607604803
2021-04-01,0.0,0.75,0.0,0.06664146205852695,0.0,0.1843016971319734
2021-04-05,0.0,0.7327251103786621,0.0,0.07068605077868131,0.0,0.18276518572867917
2021-04-06,0.0,0.6907435432734677,0.0,0.06518778028948191,0.0,0.14404037460638616
2021-04-07,0.0,0.7151476948717862,0.0,0.06568607132172138,0.0,0.1830970064587735
2021-04-08,0.0,0.6912264908044116,0.0,0.07010693915518601,0.0,0.184165506504057
2021-04-09,0.0,0.5665744676727191,0.0,0.06839633259583719,0.0,0.18124427024742482
2021-04-12,0.0,0.49386099237105924,0.0,0.06903374562664306,0.0,0.1843016971319734
2021-04-13,0.0,0.5044381472765593,0.0,0.061273583074156576,0.0,0.1843016971319734
2021-04-14,0.0,0.43432947735221944,0.0,0.06544652577677995,0.0,0.1843016971319734
2021-04-15,0.0,0.45214996439713256,0.0,0.06802646712298717,0.0,0.1843016971319734
2021-04-16,0.0,0.4296095719294862,0.0,0.08066532735178551,0.0,0.1843016971319734
2021-04-19,0.0,0.431456164109686,0.0,0.086080833111872,0.0,0.1843016971319734
2021-04-20,0.0,0.4046007775017917,0.0,0.07854902330062584,0.0,0.16741092162710255
2021-04-21,0.0,0.4969618806123829,0.0,0.08692081483253958,0.0,0.1843016971319734
2021-04-22,0.0,0.5300330708252033,0.0,0.08773753485576759,0.0,0.09641730404641884
2021-04-23,0.0,0.5589082924481072,0.0,0.08834215055498482,0.0,0.0703064060301481
2021-04-26,0.0,0.5820855610124746,0.0,0.08907060274629543,0.0,0.060645254211123885
2021-04-27,0.0,0.6179496379464997,0.0,0.09000798853323003,0.0,0.06323350239366649
2021-04-28,0.0,0.6696733359393389,0.0,0.09120736389953837,0.0,0.07163927080593331
2021-04-29,0.0,0.7120644764916026,0.0,0.08856256641999077,0.0,0.0894781472532592
2021-04-30,0.0,0.75,0.0,0.08760607735090886,0.0,0.1843016971319734
2021-05-03,0.0,0.75,0.04719400320716367,0.09355084773587367,0.0,0.1843016971319734
2021-05-04,0.0,0.75,0.05497649542652723,0.09480220954308888,0.0,0.1843016971319734
2021-05-05,0.0,0.75,0.057702862546856214,0.092750677152761,0.0,0.1843016971319734
2021-05-06,0.0,0.75,0.06426695640134815,0.1,0.0,0.1843016971319734
2021-05-07,0.0,0.75,0.06569796555495937,0.1,0.0,0.1843016971319734
2021-05-10,0.0,0.75,0.07312033121695352,0.1,0.0,0.1843016971319734
2021-05-11,0.0,0.75,0.08420622386426921,0.1,0.0,0.1843016971319734
2021-05-12,0.0,0.75,0.092408969673158,0.1,0.0,0.1843016971319734
2021-05-13,0.0,0.5367032468168456,0.08403705425900586,0.0869085371108259,0.0,0.1423416627579692
2021-05-14,0.0,0.623418784868736,0.101881585106424,0.1,0.0,0.1055644468160853
2021-05-17,0.0,0.6789556808699708,0.09482915046250036,0.0919715099649305,0.0,0.08083025425387373
2021-05-18,0.0,0.6810733630453231,0.09924013293335202,0.08897653613551323,0.0,0.05071638947597488
2021-05-19,0.0,0.6799005353302027,0.10771033309405706,0.09514625475281809,0.0,0.04053538620678297
2021-05-20,0.0,0.6928897040202969,0.12197674068937656,0.1,0.0,0.03559621517364531
2021-05-21,0.0,0.75,0.12698578218910472,0.07394437440233396,0.0,0.033005127612859265
2021-05-24,0.0,0.75,0.14304963326402148,0.07394008277910093,0.0,0.03303028521663854
2021-05-25,0.0,0.75,0.13690120615846174,0.07631367476267938,0.0,0.0278251554534128
2021-05-26,0.0,0.75,0.16493621658296514,0.0771400620193639,0.0,0.03490270178926074
2021-05-27,0.0,0.75,0.17375676693223807,0.07599225665386185,0.0,0.038822826558464675
2021-05-28,0.0,0.75,0.17195880052981458,0.07152144449614004,0.0,0.0529445578289983
2021-06-01,0.0,0.75,0.18394474193733626,0.07508802442537828,0.0,0.1069387835210607
2021-06-02,0.0,0.75,0.19570154539014706,0.07065189268540698,0.0,0.1068487948168321
2021-06-03,0.0,0.75,0.1920440031400467,0.06310257483522268,0.0,0.10490213728954581
2021-06-04,0.0,0.75,0.17783452884773332,0.0639281446070647,0.0,0.10165615155908905
2021-06-07,0.0,0.75,0.1792578086527844,0.0514444840983204,0.0,0.10153070059503415
2021-06-08,0.0,0.75,0.1899597651023908,0.053612490653928875,0.0,0.10186256325347053
2021-06-09,0.0,0.75,0.17763934433935816,0.050802325659781884,0.0,0.1018691653539849
2021-06-10,0.0,0.75,0.19028458883100635,0.05164549532807883,0.0,0.0997989507449308
2021-06-11,0.0,0.75,0.21137082697262993,0.055256414692879105,0.0,0.11236255346968936
2021-06-14,0.0,0.75,0.2218698361407212,0.0533334283886092,0.0,0.11219976311011598
2021-06-15,0.0,0.75,0.28034114243041514,0.07676408807160687,0.0,0.15352921251741047
2021-06-16,0.0,0.75,0.27176856954001266,0.07242449626131842,0.0,0.15178871315108802
2021-06-17,0.0,0.75,0.2563239386456399,0.07264055248062286,0.0,0.15231771292202953
2021-06-18,0.0,0.75,0.2596879054267201,0.07749503736988188,0.0,0.1565407316573537
2021-06-21,0.0,0.75,0.26202769168615264,0.07577007332871676,0.0,0.15385152703145294
2021-06-22,0.0,0.75,0.26558365895192537,0.07370121684055914,0.0,0.15527779944957715
2021-06-23,0.0,0.75,0.27151557377194735,0.07629488707843401,0.0,0.11938222719629181
2021-06-24,0.0,0.75,0.2809080415260179,0.07717201595112774,0.0,0.11539580750539306
2021-06-25,0.0,0.75,0.32310638101743727,0.08734280007273959,0.0,0.11946140470407857
2021-06-28,0.0,0.75,0.30764490791663224,0.08283670139749003,0.0,0.11597911743018403
2021-06-29,0.0,0.75,0.2791615905206735,0.08265953353303938,0.0,0.07067075583535605
2021-06-30,0.0,0.75,0.26535676287359583,0.0840665460298935,0.0,0.04816364263701002
2021-07-01,0.0,0.75,0.25000484452811206,0.08539227429210422,0.0,0.04075866812127797
2021-07-02,0.0,0.75,0.232016562966693,0.08313776296872076,0.0,0.0
2021-07-06,0.0,0.75,0.21088889556831958,0.086256485113454,0.0,0.0
2021-07-07,0.0,0.75,0.225228909316606,0.09243835874598398,0.0,0.0
2021-07-08,0.0,0.75,0.23232561407170396,0.09470153916063602,0.0,0.047745386555570785
2021-07-09,0.0,0.75,0.22642508161939975,0.09469675544680638,0.0,0.056687921365332024
2021-07-12,0.0,0.75,0.2028789746717412,0.09508048498574147,0.0,0.07049534678296572
2021-07-13,0.0,0.75,0.17898109047222066,0.09547635627256659,0.0,0.17384027414670444
2021-07-14,0.0,0.75,0.15469781970740928,0.09243373575393936,0.0,0.17384027414670444
2021-07-15,0.0,0.75,0.13028264396181968,0.0955981219202159,0.0,0.17384027414670444
2021-07-16,0.0,0.75,0.12037947528902264,0.09599299344948085,0.0,0.16634759738898375
2021-07-19,0.0,0.75,0.13155777806894756,0.09480831367278801,0.0,0.15883710939133366
2021-07-20,0.0,0.75,0.15214225455224614,0.08927072983181689,0.0,0.1513078762519531
2021-07-21,0.0,0.75,0.16647101788142976,0.08741768364962249,0.0,0.1513078762519531
2021-07-22,0.0,0.75,0.1803751255855411,0.08878654024707308,0.0,0.1513078762519531
2021-07-23,0.0,0.75,0.19346063426992954,0.08763661985592057,0.0,0.1513078762519531
2021-07-26,0.0,0.75,0.19800969528553383,0.08679309785173941,0.0,0.1513078762519531
2021-07-27,0.0,0.75,0.18500762046775157,0.08657606689044019,0.0,0.10373215507282672
2021-07-28,0.0,0.75,0.1710211229401516,0.08703391758497664,0.0,0.044460555235326896
2021-07-29,0.0,0.75,0.16197792068644412,0.08732279871231675,0.0,0.0
2021-07-30,0.0,0.75,0.16448704496147942,0.08761121491569729,0.0,0.0
2021-08-02,0.0,0.75,0.12322959546142065,0.08859824058150388,0.0,0.0
2021-08-03,0.0,0.75,0.10211034531524835,0.08928948999796549,0.0,0.0
2021-08-04,0.0,0.75,0.07962824384943054,0.0900481011183878,0.0,0.0
2021-08-05,0.0,0.75,0.05555894039474435,0.1,0.0,0.06695320985624556
2021-08-06,0.0,0.75,0.0,0.1,0.0,0.1314708936439115
2021-08-09,0.0,0.75,0.0,0.1,0.0,0.16634759738898375
2021-08-10,0.0,0.75,0.0,0.1,0.0,0.17384027414670444
2021-08-11,0.0,0.75,0.0,0.1,0.0,0.18131598681211897
2021-08-12,0.0,0.75,0.0,0.1,0.0,0.1843016971319734
2021-08-13,0.0,0.75,0.0,0.1,0.0,0.1843016971319734
2021-08-16,0.0,0.75,0.0,0.1,0.0,0.1843016971319734
2021-08-17,0.0,0.6709075304333838,0.0,0.1,0.0,0.1843016971319734
2021-08-18,0.0,0.6740368129618435,0.0,0.1,0.0,0.1843016971319734
2021-08-19,0.0,0.6662176172688814,0.0,0.1,0.0,0.1843016971319734
2021-08-20,0.0,0.6331176660749622,0.0,0.1,0.0,0.1843016971319734
2021-08-23,0.0,0.6188205858021385,0.0,0.1,0.0,0.1843016971319734
2021-08-24,0.0,0.5422014486953568,0.0,0.09377610086725018,0.0,0.1843016971319734
2021-08-25,0.0,0.4520637564290233,0.0,0.0945691220397289,0.0,0.1843016971319734
2021-08-26,0.0,0.4048434586928265,0.0,0.09202849371974657,0.0,0.1843016971319734
2021-08-27,0.0,0.3744219224570944,0.0,0.09045077020785386,0.0,0.1843016971319734
2021-08-30,0.0,0.3300530637164958,0.0,0.08896326160188936,0.0,0.1843016971319734
2021-08-31,0.0,0.29060005395809585,0.0,0.08799260502615364,0.0,0.1843016971319734
2021-09-01,0.0,0.28040657201431796,0.0,0.08746003602842041,0.0,0.1843016971319734
2021-09-02,0.0,0.2654965770351093,0.0,0.08691435578973568,0.0,0.1843016971319734
2021-09-03,0.0,0.26814052301304064,0.0,0.08213830248372488,0.0,0.1843016971319734
2021-09-07,0.0,0.26082043273849265,0.0,0.0848874760089695,0.0,0.1843016971319734
2021-09-08,0.0,0.25622489349040467,0.0,0.0839105180840596,0.0,0.1843016971319734
2021-09-09,0.0,0.25297402312464173,0.0,0.08290022815845233,0.0,0.1843016971319734
2021-09-10,0.0,0.2529968302516814,0.0,0.08356377075340098,0.0,0.1843016971319734
2021-09-13,0.0,0.25167556575240785,0.0,0.08396540535842463,0.0,0.1843016971319734
2021-09-14,0.0,0.2516978927692406,0.0,0.08040057487487405,0.0,0.1843016971319734
2021-09-15,0.0,0.2517146962027666,0.0,0.08012278372222446,0.0,0.1843016971319734
2021-09-16,0.0,0.2532204895745991,0.0,0.07873381862080502,0.0,0.1843016971319734
2021-09-17,0.0,0.2532269504537207,0.0,0.07845982188552465,0.0,0.1843016971319734
2021-09-20,0.0,0.25323291530385805,0.0,0.08200066951604466,0.0,0.1843016971319734
2021-09-21,0.0,0.24749977727376885,0.0,0.0818109901671982,0.0,0.1843016971319734
2021-09-22,0.0,0.26103593498267175,0.0,0.08162127473485019,0.0,0.10095517546047515
2021-09-23,0.0,0.27014803692768086,0.0,0.08143152339739883,0.0,0.09760823456169013
2021-09-24,0.0,0.2778295939050525,0.0,0.07727529259698812,0.0,0.09363080540645244
2021-09-27,0.0,0.2691517372183238,0.0,0.07424709661638712,0.0,0.07295554636446537
2021-09-28,0.0,0.259479049628922,0.0,0.058792605968833865,0.0,0.06089401536795186
2021-09-29,0.0,0.21543730148535198,0.0,0.06116244686908262,0.0,0.06862050228601489
2021-09-30,0.0,0.21080209764463656,0.0,0.047317506064528655,0.0,0.08572159033949521
2021-10-01,0.0,0.1984216211368112,0.0,0.04724593261040225,0.0,0.1843016971319734
2021-10-04,0.0,0.23835036152386424,0.0,0.04585684813641765,0.0,0.1843016971319734
2021-10-05,0.0,0.19569884476734586,0.0,0.04391784354910499,0.0,0.0828236384750891
2021-10-06,0.0,0.19482061821506058,0.0,0.043089708518751,0.0,0.08208719431205717
2021-10-07,0.0,0.2154170070626204,0.0,0.04488599528382394,0.0,0.08810285486744858
2021-10-08,0.0,0.2228716316528807,0.0,0.04448535578833038,0.0,0.08385335590416657
2021-10-11,0.0,0.2879465853984697,0.0,0.04364431840277541,0.0,0.08538986177040882
2021-10-12,0.0,0.28997444746195433,0.0,0.043455232766524174,0.0,0.09119391705772788
2021-10-13,0.0,0.291973828651524,0.0,0.04360150373271942,0.0,0.13715510767933775
2021-10-14,0.0,0.3457075156375919,0.0,0.04476746052860147,0.0,0.1843016971319734
2021-10-15,0.0,0.4134249244930175,0.0,0.0439273750695121,0.0,0.1843016971319734
2021-10-18,0.0,0.4592482882310667,0.0,0.0436710253686026,0.0,0.1843016971319734
2021-10-19,0.0,0.4408238033822884,0.0,0.04371420224313284,0.0,0.1843016971319734
2021-10-20,0.0,0.419217165226794,0.0,0.0435851239167734,0.0,0.1843016971319734
2021-10-21,0.0,0.5196386288216497,0.0,0.043655810118641426,0.0,0.1843016971319734
2021-10-22,0.0,0.48496302810551256,0.0,0.04526265262104416,0.0,0.1843016971319734
2021-10-25,0.0,0.46415099058401443,0.0,0.04564006106207677,0.0,0.1843016971319734
2021-10-26,0.0,0.5029415223207654,0.0,0.04673619158511425,0.0,0.1843016971319734
2021-10-27,0.0,0.5940229626240107,0.0,0.046930311665749284,0.0,0.1843016971319734
2021-10-28,0.0,0.6567370232501891,0.0,0.05000381250254004,0.0,0.1843016971319734
2021-10-29,0.0,0.49986170772788996,0.0,0.04915049894217722,0.0,0.1843016971319734
2021-11-01,0.0,0.48628211030291474,0.0,0.048670182633422925,0.0,0.1843016971319734
2021-11-02,0.0,0.48224728894549057,0.0,0.04809344336642273,0.0,0.1843016971319734
2021-11-03,0.0,0.4764709882644266,0.06135399106854139,0.04818919120046126,0.0,0.1843016971319734
2021-11-04,0.0,0.4522606400716301,0.0,0.05000034153184164,0.0,0.1843016971319734
2021-11-05,0.0,0.43097173949659384,0.06233077850304112,0.051585803760268965,0.0,0.1843016971319734
2021-11-08,0.0,0.39769999902863373,0.06455088612241937,0.048494125685165757,0.0,0.1843016971319734
2021-11-09,0.0,0.41932298553571556,0.09031118498391337,0.04860020569376782,0.0,0.1843016971319734
2021-11-10,0.0,0.4640556393283304,0.10688235630408673,0.048773929232154366,0.0,0.1843016971319734
2021-11-11,0.0,0.5086239063698721,0.18321217224046615,0.05303986444038255,0.0,0.1843016971319734
2021-11-12,0.0,0.5302444534088555,0.281959019082806,0.05460968541929874,0.0,0.1843016971319734
2021-11-15,0.0,0.5164962935999623,0.2925904381296834,0.05576815232065346,0.0,0.1843016971319734
2021-11-16,0.0,0.5230302850084405,0.2885954244509308,0.055002627982961426,0.0,0.1843016971319734
2021-11-17,0.0,0.5146820669968377,0.31162276266088396,0.05456726640002039,0.0,0.1843016971319734
2021-11-18,0.0,0.5208153321398791,0.3560474094845542,0.056937951487463875,0.0,0.1843016971319734
2021-11-19,0.0,0.502972594358062,0.34520604411571026,0.05534260888115619,0.0,0.0778361415307238
2021-11-22,0.0,0.50725368017764,0.37579891759448747,0.052488471916886055,0.0,0.0626799582986351
2021-11-23,0.0,0.5624651395586169,0.2810961923233547,0.057577871074339426,0.0,0.05454443831397743
2021-11-24,0.0,0.5804631093705156,0.22764843533120468,0.05700806280111703,0.0,0.061671600506080906
2021-11-26,0.0,0.5844079568363985,0.25741287284415454,0.054398210448788516,0.0,0.053485036216954954
2021-11-29,0.0,0.6076687044681434,0.2973531955549475,0.03515129728499583,0.0,0.04802451182564292
2021-11-30,0.0,0.5503902811018369,0.312382629718551,0.03349029185973681,0.0,0.1843016971319734
2021-12-01,0.0,0.5602926968181845,0.29859469959978785,0.034113803087604117,0.0,0.17046075780000033
2021-12-02,0.0,0.5230513355553312,0.3131142980540228,0.03270402061919992,0.0,0.14028603174451149
2021-12-03,0.0,0.4937966200026935,0.274200160046057,0.03145044373549161,0.0,0.1452178376992077
2021-12-06,0.0,0.4167332624103988,0.2595956250622054,0.032234600602346335,0.0,0.07438964907117701
2021-12-07,0.0,0.45938717309535715,0.2619288337742535,0.025745644351532534,0.0,0.06444188838856485
2021-12-08,0.0,0.4314248604253457,0.20459666062268053,0.021673664861289924,0.0,0.07180975670982923
2021-12-09,0.0,0.40163996515856465,0.16159399932432178,0.019108135965240473,0.0,0.09597371282524965
2021-12-10,0.0,0.3897939116744533,0.12884508204857328,0.045973557098078946,0.0,0.0
2021-12-13,0.0,0.37503854469251535,0.11133699475541234,0.03546763004991511,0.0,0.0
2021-12-14,0.0,0.3959096410115734,0.12628406824924782,0.03550044102811307,0.0,0.0
2021-12-15,0.0,0.3736455293415846,0.12642018646516376,0.03711350621159025,0.0,0.0
2021-12-16,0.0,0.3833967528844704,0.08975682662518372,0.042884517607153734,0.0,0.0
2021-12-17,0.0,0.3933864335600686,0.11178394590569544,0.039907403230576365,0.0,0.0
2021-12-20,0.0,0.32629361955022224,0.10809043084641,0.04618782034937241,0.0,0.0
2021-12-21,0.0,0.295251108152903,0.0627998206142949,0.04161666339259547,0.0,0.0
2021-12-22,0.0,0.3022582308919022,0.04402945342284771,0.04659107488276681,0.0,0.0
2021-12-23,0.0,0.2832678786085695,0.0,0.04170432737525957,0.0,0.0
2021-12-27,0.0,0.2603565903672441,0.07226341787070473,0.036853831189091864,0.0,0.05395758683074604
2021-12-28,0.0,0.2372823702093901,0.1361362265222353,0.03415589643349002,0.0,0.0
2021-12-29,0.0,0.2300535800037207,0.11979775605423058,0.03386440015027378,0.0,0.0
2021-12-30,0.0,0.24727577958659072,0.12477961929929328,0.018198277132317177,0.0,0.0
2021-12-31,0.0,0.22746636444511392,0.10096973435409451,0.0,0.0,0.0
2022-01-03,0.0,0.217141737448794,0.10803998971827442,0.0,0.0,0.0
2022-01-04,0.0,0.23670242428388974,0.06481745154703124,0.0,0.0,0.0
2022-01-05,0.0,0.2482151517306109,0.0922774635525756,0.03364996278327682,0.0,0.0
2022-01-06,0.0,0.2072355780352102,0.08083307386363152,0.03343320699039421,0.0,0.0
2022-01-07,0.0,0.21537675024338426,0.0,0.03319371706943824,0.0,0.0
2022-01-10,0.0,0.1657802782250894,0.051088594914286856,0.03316191319895226,0.0,0.0
2022-01-11,0.0,0.16096747863546598,0.050240186651953636,0.03340710970253768,0.0,0.0
2022-01-12,0.0,0.19841211304108763,0.09172190208623533,0.03323504201725048,0.0,0.0
2022-01-13,0.0,0.19892507075739377,0.108678651952548,0.033288252752892586,0.0,0.0
2022-01-14,0.0,0.16175893269904787,0.10362385774862669,0.033356602155982025,0.0,0.0
2022-01-18,0.0,0.170897910792929,0.10437719821183462,0.0333623278728038,0.0,0.0
2022-01-19,0.0,0.1432360513501161,0.07124092328649909,0.033439000518020366,0.0,0.0
2022-01-20,0.0,0.1507947404062172,0.12606202015189708,0.033522703279519304,0.0,0.0
2022-01-21,0.0,0.14197211306923216,0.11137136764653381,0.03378852358484896,0.0,0.0
2022-01-24,0.0,0.11817534773799794,0.05918154184790787,0.03408921963328932,0.0,0.0
2022-01-25,0.0,0.10725898974296706,0.060436555395503425,0.03450822516497044,0.0,0.0
2022-01-26,0.0,0.10017570885051491,0.06469072301879865,0.03473057559274522,0.0,0.0
2022-01-27,0.0,0.10312815308702492,0.0,0.03488435824500849,0.0,0.0
2022-01-28,0.0,0.11060434323841016,0.0,0.035174219147939674,0.0,0.0
2022-01-31,0.0,0.1252248236728567,0.0,0.03537633415338131,0.0,0.0
2022-02-01,0.0,0.13448508753827865,0.0,0.03540967639026985,0.0,0.0
2022-02-02,0.0,0.1401031285654071,0.0,0.03551208731742966,0.0,0.0
2022-02-03,0.0,0.17545202148212935,0.0,0.03561422460710694,0.0,0.0
2022-02-04,0.0,0.09571930709288096,0.0,0.0357165763100401,0.0,0.055139045348206676
2022-02-07,0.0,0.09150257411338958,0.0,0.03581918274069121,0.0,0.10410978779620297
2022-02-08,0.0,0.09859543482726527,0.0,0.03589606621638091,0.0,0.049194289496947874
2022-02-09,0.0,0.0974158122736868,0.0,0.03590043658571454,0.0,0.0
2022-02-10,0.0,0.16209755278153304,0.0,0.03590449966076454,0.0,0.0
2022-02-11,0.0,0.12002271011984386,0.0,0.03590880953242711,0.0,0.0
2022-02-14,0.0,0.04411943949343602,0.0,0.035937390548833006,0.0,0.0
2022-02-15,0.0,0.0,0.0,0.03603968364385213,0.0,0.0
2022-02-16,0.0,0.09307837571313853,0.0,0.03621757995257354,0.0,0.0
2022-02-17,0.0,0.07767345800454188,0.0,0.03632027371384005,0.0,0.0
2022-02-18,0.0,0.04322421631859825,0.12927984681407237,0.036422256862205474,0.0,0.0
2022-02-22,0.0,0.0,0.10433982409203983,0.03652419197757342,0.0,0.1423096164533237
2022-02-23,0.0,0.0,0.12569494544777116,0.03652770673876571,0.0,0.1423096164533237
2022-02-24,0.0,0.0,0.1487522284065381,0.03653105722543312,0.0,0.1423096164533237
2022-02-25,0.0,0.0,0.17008058001729828,0.03653442474154818,0.0,0.045631957596445165
2022-02-28,0.0,0.06587251474437317,0.10759854334477202,0.03653775785606319,0.0,0.05453162469821998
2022-03-01,0.0,0.0698485027580668,0.16822322344101256,0.03697819465025224,0.0,0.06474315010342653
2022-03-02,0.0,0.051260216459897534,0.3116417369134458,0.04383860556268067,0.0,0.04174543940002302
2022-03-03,0.0,0.07967675430423926,0.34052604762073974,0.0496712313987195,0.0,0.0
2022-03-04,0.0,0.060578581572917,0.36643514206972455,0.049781878845414115,0.0,0.041359729497062785
2022-03-07,0.0,0.06179383517734174,0.466986579832609,0.05006742566118795,0.0,0.0
2022-03-08,0.0,0.0602532215325965,0.45927572742555,0.050460936141841835,0.0,0.0
2022-03-09,0.0,0.05749159241011301,0.45155805502910595,0.050854000993388694,0.0,0.043808023525824635
2022-03-10,0.0,0.053219654328855684,0.4371195861211721,0.04961919733667026,0.0,0.0
2022-03-11,0.0,0.05058850275342897,0.43012819238748484,0.03683084216450338,0.0,0.0
2022-03-14,0.0,0.0,0.4221072002153178,0.030595604011398516,0.0,0.0
2022-03-15,0.0,0.0,0.4206888057046425,0.023189048898697554,0.0,0.0
2022-03-16,0.0,0.04067608539069994,0.4122771255992835,0.02083799897576713,0.0,0.1423096164533237
2022-03-17,0.0,0.067990896182924,0.4204758277671913,0.020314684121154673,0.0,0.1423096164533237
2022-03-18,0.0,0.07440622872370445,0.4625834805296544,0.02053554848986311,0.0,0.1423096164533237
2022-03-21,0.0,0.08823471809467891,0.4436996275013884,0.022726592687247447,0.0,0.1423096164533237
2022-03-22,0.0,0.0962690350266516,0.4133208671234272,0.02769499448716788,0.0,0.1423096164533237
2022-03-23,0.0,0.15819059757790394,0.37433622691650165,0.042987853393451285,0.0,0.1423096164533237
2022-03-24,0.0,0.1169365820872737,0.3932191429712829,0.03907848171985843,0.0,0.1423096164533237
2022-03-25,0.0,0.2126776473846182,0.43699615753777976,0.035728305512253936,0.0,0.1423096164533237
2022-03-28,0.0,0.23829133618978254,0.4258460304017747,0.03481175914687176,0.0,0.1423096164533237
2022-03-29,0.0,0.24489923527408838,0.38427251827660014,0.03319824280216239,0.0,0.1423096164533237
2022-03-30,0.0,0.25276745863862016,0.40353854136549955,0.03699974553497378,0.0,0.1423096164533237
2022-03-31,0.0,0.22564253300513376,0.412967624366107,0.047267292162745805,0.0,0.1423096164533237
2022-04-01,0.0,0.22091548720076862,0.35686497455561694,0.04780922880790443,0.0,0.1423096164533237
2022-04-04,0.0,0.2342746699436165,0.3607100508253305,0.04893116673133115,0.0,0.1423096164533237
2022-04-05,0.0,0.3270427084026,0.38134444314978544,0.04911116280669846,0.0,0.1423096164533237
2022-04-06,0.0,0.24808562369344236,0.37650560496642904,0.04969758598557926,0.0,0.1423096164533237
2022-04-07,0.0,0.15968472725484717,0.37618879493678387,0.050822859374357064,0.0,0.1423096164533237
2022-04-08,0.0,0.1509625709507607,0.38170835174697365,0.052725033675270004,0.0,0.1423096164533237
2022-04-11,0.0,0.09746258119722201,0.38675022193141817,0.0520295066858731,0.0,0.1423096164533237
2022-04-12,0.0,0.09736497756785714,0.3601435536544659,0.054505262151856464,0.0,0.0
2022-04-13,0.0,0.1003385207732055,0.37169825345008395,0.053358385410208466,0.0,0.0
2022-04-14,0.0,0.10732339971220192,0.4155785336728143,0.054322384771572176,0.0,0.0
2022-04-18,0.0,0.10883958744341729,0.38743402342932676,0.05563278308957231,0.0,0.0
2022-04-19,0.0,0.11273149505439864,0.4050558213703582,0.05678060485547616,0.0,0.0
2022-04-20,0.0,0.11447580105318043,0.2970062013151769,0.05721566397784286,0.0,0.1423096164533237
2022-04-21,0.0,0.11881131733639828,0.3533832695697826,0.05814983990814893,0.0,0.1423096164533237
2022-04-22,0.0,0.12377869889881671,0.32535755040552694,0.04343107322310022,0.0,0.10754702087019131
2022-04-25,0.0,0.13643193934348002,0.2944105062848689,0.060506890931344884,0.0,0.059357514126929065
2022-04-26,0.0,0.12399202329525584,0.29977277678391606,0.061524828037840776,0.0,0.0
2022-04-27,0.0,0.13956455991970018,0.353893319702182,0.06378457022246678,0.0,0.0
2022-04-28,0.0,0.14284881874137553,0.37286647587532545,0.06696942012936544,0.0,0.0
2022-04-29,0.0,0.13274421852913817,0.4058801833331196,0.07070130007618622,0.0,0.0
2022-05-02,0.0,0.14378166731535688,0.42032523121938636,0.07070408998200173,0.0,0.0
2022-05-03,0.0,0.12127890821676628,0.31308007300065915,0.07071140199428164,0.0,0.0
2022-05-04,0.0,0.11599831828961939,0.27106353312777337,0.07071898323952044,0.0,0.0
2022-05-05,0.0,0.13679289727854174,0.24186080074823652,0.07072512974013799,0.0,0.0
2022-05-06,0.0,0.10618116389655924,0.21181556611391475,0.07041342203322956,0.0,0.0
2022-05-09,0.0,0.08479745757599964,0.20720004004483825,0.07041833093509975,0.0,0.0
2022-05-10,0.0,0.07670853185026202,0.20550243591692996,0.07074595392140194,0.0,0.0
2022-05-11,0.0,0.05834271296868741,0.1886495371110784,0.07043391358633111,0.0,0.0
2022-05-12,0.0,0.0,0.21980355495174728,0.07076615420028996,0.0,0.0
2022-05-13,0.0,0.0,0.22537198923901297,0.07077575540817917,0.0,0.0
2022-05-16,0.0,0.0,0.22537198923901297,0.07046168870380948,0.0,0.0
2022-05-17,0.0,0.0,0.20342854653681133,0.07042843063516818,0.0,0.0
2022-05-18,0.0,0.0,0.17575439348675623,0.0707573199860743,0.0,0.0
2022-05-19,0.0,0.0,0.13934316152035614,0.0707658592285012,0.0,0.0
2022-05-20,0.0,0.0,0.10241756530322287,0.07077475407013196,0.0,0.0
2022-05-23,0.0,0.0,0.0569434156855132,0.07078255731294845,0.0,0.0
2022-05-24,0.0,0.0,0.0,0.0707882450188231,0.0,0.0
2022-05-25,0.0,0.0,0.06789723123776868,0.07079276378748706,0.0,0.0
2022-05-26,0.0,0.0,0.055376553326010984,0.07079898170003208,0.0,0.0
2022-05-27,0.0,0.0,0.04110006709873532,0.07080419258094596,0.0,0.0
2022-05-31,0.0,0.0,0.04854498001854926,0.07048234800108437,0.0,0.0
2022-06-01,0.0,0.0,0.0,0.07081305109844221,0.0,0.0
2022-06-02,0.0,0.0,0.0,0.07048854476909716,0.0,0.0
2022-06-03,0.0,0.0,0.08009647887963213,0.07041463986680563,0.0,0.0
2022-06-06,0.0,0.0,0.08092762922914742,0.06967450748937577,0.0,0.0
2022-06-07,0.0,0.0,0.07871070962337223,0.06993153955839067,0.0,0.0
2022-06-08,0.0,0.0,0.07571371749076665,0.06951073389907668,0.0,0.0
2022-06-09,0.0,0.0,0.06676888903673837,0.06870949725573051,0.0,0.0
2022-06-10,0.0,0.0,0.07005728390969136,0.06888342233556678,0.0,0.0
2022-06-13,0.0,0.0,0.191099607991583,0.06888596113007246,0.0,0.0
2022-06-14,0.0,0.0,0.07078212762220715,0.06888827443609799,0.0,0.0
2022-06-15,0.0,0.0,0.05995875988289333,0.06889065751901431,0.0,0.0
2022-06-16,0.0,0.0,0.11698413280920202,0.06889312883669556,0.0,0.0
2022-06-17,0.0,0.0,0.19685103025401157,0.06889546330948372,0.0,0.0
2022-06-21,0.0,0.0,0.13660457831923392,0.0687232724378149,0.0,0.0
2022-06-22,0.0,0.0,0.13339020924206438,0.06872401117776472,0.0,0.0
2022-06-23,0.0,0.0,0.06927559791150302,0.06889778312994194,0.0,0.0
2022-06-24,0.0,0.0,0.06490874517133957,0.049145132885480204,0.0,0.0
2022-06-27,0.0,0.0,0.0628653681968936,0.050745348331400854,0.0,0.0
2022-06-28,0.0,0.0,0.053074317790934245,0.05332302214593433,0.0,0.0
2022-06-29,0.0,0.0,0.05677479916066347,0.06889758554157885,0.0,0.0
2022-06-30,0.0,0.0,0.05359636585661411,0.06872458574633206,0.0,0.0
2022-07-01,0.0,0.0,0.0,0.06899076708505598,0.0,0.0
2022-07-05,0.0,0.0,0.0,0.0687245432064461,0.0,0.0
2022-07-06,0.0,0.0,0.0,0.07187130379196398,0.0,0.0
2022-07-07,0.0,0.0,0.0,0.07227722549103853,0.0,0.0
2022-07-08,0.0,0.0,0.0,0.07025739426858406,0.0,0.0
2022-07-11,0.0,0.0,0.0,0.06906320648588936,0.0,0.0
2022-07-12,0.0,0.0,0.0,0.06933908176754891,0.0,0.0
2022-07-13,0.0,0.0,0.0,0.06672990716744275,0.0,0.0
2022-07-14,0.0,0.0,0.0,0.06740628433176597,0.0,0.0
2022-07-15,0.0,0.0,0.0,0.066979317398613,0.0,0.0
2022-07-18,0.0,0.0,0.0,0.07069342962679895,0.0,0.0
2022-07-19,0.0,0.0,0.0,0.07293623122371276,0.0,0.0
2022-07-20,0.0,0.0,0.0,0.07140644782528918,0.0,0.0
2022-07-21,0.0,0.0,0.0,0.0732726621479397,0.0,0.0
2022-07-22,0.0,0.0,0.0,0.0771482762461007,0.0,0.0
2022-07-25,0.0,0.0,0.0,0.0746666592265557,0.0,0.0
2022-07-26,0.0,0.0,0.0,0.07809270363971765,0.0,0.0
2022-07-27,0.0,0.0,0.0,0.07980695544620056,0.0,0.0
2022-07-28,0.0,0.0,0.0,0.07892206705583406,0.0,0.0
2022-07-29,0.0,0.0,0.0,0.07987309752433988,0.0,0.0
2022-08-01,0.0,0.0,0.0,0.07788162538147926,0.0,0.0
2022-08-02,0.0,0.0,0.0,0.07846302600482541,0.0,0.0
2022-08-03,0.0,0.0,0.0,0.08096465934963594,0.0,0.0
2022-08-04,0.0,0.0,0.0,0.07689198035888727,0.0,0.0
2022-08-05,0.0,0.0,0.0,0.07660857676437506,0.0,0.0
2022-08-08,0.0,0.0,0.0,0.07557259898861125,0.0,0.0
2022-08-09,0.0,0.0,0.0,0.07822007130098718,0.0,0.0
2022-08-10,0.0,0.0,0.0,0.07076651316165233,0.0,0.0
2022-08-11,0.0,0.0,0.0,0.06805921643423411,0.0,0.0
2022-08-12,0.0,0.0,0.06801411108948005,0.06298342566482147,0.0,0.0
2022-08-15,0.0,0.0,0.10426281352705329,0.06093671784563383,0.0,0.0
2022-08-16,0.0,0.0,0.08968184840829777,0.05812601908974105,0.0,0.0
2022-08-17,0.0,0.0,0.07457680833120221,0.0561615658864724,0.0,0.0
2022-08-18,0.0,0.0,0.05144473978435411,0.051388412132046535,0.0,0.0
2022-08-19,0.0,0.0,0.05218839446917612,0.046643898696314384,0.0,0.0
2022-08-22,0.0,0.0,0.0,0.04190226337284186,0.0,0.0
2022-08-23,0.0,0.0,0.0,0.042179273177329446,0.0,0.0
2022-08-24,0.0,0.0,0.0,0.04083255612612857,0.0,0.0
2022-08-25,0.0,0.0,0.0,0.03975280269701951,0.0,0.0
2022-08-26,0.0,0.0,0.0,0.041533181402819086,0.0,0.0
2022-08-29,0.0,0.0,0.0,0.04141836241312194,0.0,0.0
2022-08-30,0.0,0.0,0.0,0.03927062855275131,0.0,0.0
2022-08-31,0.0,0.0,0.0,0.04040459662533076,0.0,0.0
2022-09-01,0.0,0.0,0.0,0.04130674520294015,0.0,0.0
2022-09-02,0.0,0.0,0.0,0.04152648775057761,0.0,0.0
2022-09-06,0.0,0.0,0.0,0.04154209452884453,0.0,0.0
2022-09-07,0.0,0.0,0.0,0.04163261632335517,0.0,0.0
2022-09-08,0.0,0.0,0.0,0.044468412885392,0.0,0.0
2022-09-09,0.0,0.0,0.0,0.04400552801482585,0.0,0.0
2022-09-12,0.0,0.0,0.0,0.0419648035522409,0.0,0.0
2022-09-13,0.0,0.0,0.0,0.04174171730708627,0.0,0.0
2022-09-14,0.0,0.0,0.0,0.0419790057332781,0.0,0.0
2022-09-15,0.0,0.0,0.0,0.042708913706700116,0.0,0.0
2022-09-16,0.0,0.0,0.0,0.04085937451580023,0.0,0.0
2022-09-19,0.0,0.0,0.0,0.04209680288874793,0.0,0.0
2022-09-20,0.0,0.0,0.0,0.04146546874051466,0.0,0.0
2022-09-21,0.0,0.0,0.0,0.041153748118293414,0.0,0.0
2022-09-22,0.0,0.0,0.0,0.03442614532571215,0.0,0.0
2022-09-23,0.0,0.0,0.0,0.03441119222449644,0.0,0.0
2022-09-26,0.0,0.0,0.0,0.0,0.0,0.0
2022-09-27,0.0,0.0,0.0,0.0,0.0,0.0
2022-09-28,0.0,0.0,0.0,0.0,0.0,0.0
2022-09-29,0.0,0.0,0.0,0.026456039430647563,0.0,0.0
2022-09-30,0.0,0.0,0.0,0.01761532111440336,0.0,0.0
2022-10-03,0.0,0.0,0.0,0.017316433966761052,0.0,0.0
2022-10-04,0.0,0.0,0.0,0.03911472670241174,0.0,0.0
2022-10-05,0.0,0.0,0.0,0.04942022268986477,0.0,0.0
2022-10-06,0.0,0.0,0.0,0.0691498725146678,0.0,0.0
2022-10-07,0.0,0.0,0.0,0.07039965742470064,0.0,0.0
2022-10-10,0.0,0.0,0.0,0.04057343421737741,0.0,0.0
2022-10-11,0.0,0.0,0.0,0.04357860460817893,0.0,0.0
2022-10-12,0.0,0.0,0.0,0.04471513729034518,0.0,0.0
2022-10-13,0.0,0.0,0.0,0.0411955869216105,0.0,0.0
2022-10-14,0.0,0.0,0.0,0.046129883249303116,0.0,0.0
2022-10-17,0.0,0.0,0.0,0.0545412213870581,0.0,0.0
2022-10-18,0.0,0.0,0.0,0.06810250082652812,0.0,0.0
2022-10-19,0.0,0.0,0.0,0.04531344100236606,0.0,0.0
2022-10-20,0.0,0.0,0.0,0.06005988982858633,0.0,0.0
2022-10-21,0.0,0.0,0.0,0.07627573320035078,0.0,0.0
2022-10-24,0.0,0.0,0.0,0.07016866065074345,0.0,0.0
2022-10-25,0.0,0.0,0.0,0.060755506273391414,0.0,0.0
2022-10-26,0.0,0.0,0.0,0.07581551019237481,0.0,0.0
2022-10-27,0.0,0.0,0.0,0.0934416946306448,0.0,0.0
2022-10-28,0.0,0.0,0.0,0.09346749130934333,0.0,0.0
2022-10-31,0.0,0.0,0.0,0.08855514785769336,0.0,0.0
2022-11-01,0.0,0.0,0.0,0.07162376772443049,0.0,0.0
2022-11-02,0.0,0.0,0.0,0.07585736104426945,0.0,0.0
2022-11-03,0.0,0.0,0.0,0.08563569972007773,0.0,0.0
2022-11-04,0.0,0.0,0.0,0.06817604383518341,0.0,0.0
2022-11-07,0.0,0.0,0.0,0.08805343994106801,0.0,0.0
2022-11-08,0.0,0.0,0.0,0.08940245650901615,0.0,0.0
2022-11-09,0.0,0.0,0.0,0.058271054045152766,0.0,0.0
2022-11-10,0.0,0.0,0.0,0.04832895624967872,0.0,0.0
2022-11-11,0.0,0.0,0.0,0.04797435374008785,0.0,0.0
2022-11-14,0.0,0.0,0.0,0.06717718035278399,0.0,0.0
2022-11-15,0.0,0.0,0.0,0.037205523704158854,0.0,0.0
2022-11-16,0.0,0.0,0.0,0.03306522637101281,0.0,0.0
2022-11-17,0.0,0.0,0.0,0.03196495007163139,0.0,0.0
2022-11-18,0.0,0.0,0.0,0.030305117839486057,0.0,0.0
2022-11-21,0.0,0.0,0.0,0.028979164559319495,0.0,0.0
2022-11-22,0.0,0.0,0.0,0.02690524806359275,0.0,0.0
2022-11-23,0.0,0.0,0.0,0.023177758441702383,0.0,0.0
2022-11-25,0.0,0.0,0.0,0.020099619327288876,0.0,0.0
2022-11-28,0.0,0.0,0.0,0.0,0.0,0.0
2022-11-29,0.0,0.0,0.0,0.0,0.0,0.0
2022-11-30,0.0,0.0,0.0,0.0,0.0,0.0
2022-12-01,0.0,0.0,0.0,0.0,0.0,0.0
2022-12-02,0.0,0.0,0.0,0.0,0.0,0.0
2022-12-05,0.0,0.0,0.0,0.0,0.0,0.0
2022-12-06,0.0,0.0,0.0,0.0,0.0,0.0
2022-12-07,0.0,0.0,0.0,0.0,0.0,0.0
2022-12-08,0.0,0.0,0.0,0.0,0.0,0.0
2022-12-09,0.0,0.0,0.0,0.0,0.0,0.0
2022-12-12,0.0,0.0,0.0,0.0,0.0,0.0
2022-12-13,0.0,0.0,0.0,0.0,0.0,0.0
2022-12-14,0.0,0.0,0.0,0.0,0.0,0.0
2022-12-15,0.0,0.0,0.0,0.0,0.0,0.0
2022-12-16,0.0,0.0,0.0,0.0,0.0,0.0
2022-12-19,0.0,0.0,0.0,0.0,0.0,0.0
2022-12-20,0.0,0.0,0.0,0.0,0.0,0.0
2022-12-21,0.0,0.0,0.0,0.0,0.0,0.0
2022-12-22,0.0,0.0,0.0,0.0,0.0,0.0
2022-12-23,0.0,0.0,0.0,0.0,0.0,0.0
2022-12-27,0.0,0.0,0.0,0.0,0.0,0.0
2022-12-28,0.0,0.0,0.0,0.0,0.0,0.0
2022-12-29,0.0,0.0,0.0,0.0,0.0,0.0
2022-12-30,0.0,0.0,0.0,0.0,0.0,0.0
2023-01-03,0.0,0.0,0.0,0.0,0.0,0.0
2023-01-04,0.0,0.0,0.0,0.0,0.0,0.0
2023-01-05,0.0,0.0,0.04970689587670556,0.0,0.0,0.0
2023-01-06,0.0,0.0,0.0577703270104711,0.0,0.0,0.0
2023-01-09,0.0,0.0,0.08477182156676005,0.0,0.0,0.0
2023-01-10,0.0,0.0,0.1199409110127097,0.0,0.0,0.0
2023-01-11,0.0,0.0,0.15026604388361783,0.0,0.0,0.0
2023-01-12,0.0,0.0,0.1977510172261824,0.0,0.0,0.0
2023-01-13,0.0,0.0,0.24893945293872333,0.0,0.0,0.0
2023-01-17,0.0,0.0,0.3336932255516942,0.0,0.0,0.0
2023-01-18,0.0,0.0,0.30067358543630684,0.0,0.0,0.0
2023-01-19,0.0,0.0,0.28401276273968906,0.0,0.0,0.0
2023-01-20,0.0,0.0,0.39010476941631217,0.0,0.0,0.0
2023-01-23,0.0,0.0,0.379395584638246,0.0,0.0,0.0
2023-01-24,0.0,0.0,0.3789166371774973,0.0,0.0,0.0
2023-01-25,0.0,0.0,0.36653226083216056,0.0,0.0,0.0
2023-01-26,0.0,0.0,0.3701369150011178,0.0,0.0,0.0
2023-01-27,0.0,0.13420551079118767,0.3834767409513999,0.0,0.0,0.0
2023-01-30,0.0,0.12564696908092846,0.3847375579231367,0.0,0.0,0.0
2023-01-31,0.0,0.13820535274608553,0.3250267978512365,0.0,0.0,0.0
2023-02-01,0.0,0.19192315681144376,0.35995399149710605,0.0,0.0,0.05319133464613648
2023-02-02,0.0,0.16199690361744387,0.3771853267908328,0.0,0.0,0.07385864816446774
2023-02-03,0.0,0.23383489818574843,0.3328844916885254,0.0,0.0,0.046462134209166304
2023-02-06,0.0,0.2058255811740987,0.21957805458226543,0.0,0.0,0.0
2023-02-07,0.0,0.24270004553847951,0.22253920360359575,0.0,0.0,0.0
2023-02-08,0.0,0.25941274803449654,0.20894212400573867,0.0,0.0,0.0
2023-02-09,0.0,0.25354734550104396,0.2016669759118357,0.0,0.0,0.0
2023-02-10,0.0,0.2305800440334743,0.14360971282282078,0.0,0.0,0.0
2023-02-13,0.0,0.2273615756146043,0.12299188291713617,0.0,0.0,0.0
2023-02-14,0.0,0.2465796890744554,0.12499932162390627,0.0,0.0,0.0
2023-02-15,0.0,0.22662471246745428,0.11908540228596,0.0,0.0,0.0
2023-02-16,0.0,0.19275251824289946,0.1032751931351261,0.0,0.0,0.06049058759034409
2023-02-17,0.0,0.14410102596129123,0.1028013076961878,0.0,0.0,0.0
2023-02-21,0.0,0.13720819409584142,0.10528117948120633,0.0,0.0,0.0
2023-02-22,0.0,0.0,0.11540874463031073,0.0,0.0,0.0
2023-02-23,0.0,0.05423264599921247,0.1209217141774923,0.0,0.0,0.0
2023-02-24,0.0,0.06168050534858303,0.1297333322947244,0.0,0.0,0.0
2023-02-27,0.0,0.0,0.139842573363414,0.0,0.0,0.0
2023-02-28,0.0,0.0,0.16016439816508746,0.0,0.0,0.0
2023-03-01,0.0,0.0572008972340688,0.16966864158411832,0.0,0.0,0.0
2023-03-02,0.0,0.0733011099740196,0.1718203113516991,0.0,0.0,0.0
2023-03-03,0.0,0.14677248593900719,0.18906862592622437,0.0,0.0,0.19678608997039904
2023-03-06,0.0,0.24785890040774097,0.20723434036120214,0.0,0.0,0.12152445667176436
2023-03-07,0.0,0.15107609056720575,0.18012979405232293,0.0,0.0,0.10352481576817468
2023-03-08,0.0,0.14628623013994824,0.15253880554522517,0.0,0.0,0.1716872001043104
2023-03-09,0.0,0.14968424118473134,0.12900982285991514,0.0,0.0,0.14386760842558835
2023-03-10,0.0,0.07451176353201296,0.10344562996780274,0.0,0.0,0.07482592821660872
2023-03-13,0.0,0.04737349013826423,0.10846164743921156,0.0,0.0,0.04734261660063989
2023-03-14,0.0,0.06340772261198066,0.22707525698366215,0.0,0.0,0.08894153259660423
2023-03-15,0.0,0.07705884588620843,0.22304357417171475,0.0,0.0,0.08148957516145967
2023-03-16,0.0,0.10082381878196642,0.26903543866666046,0.0,0.0,0.07795749990947853
2023-03-17,0.0,0.20597446435627156,0.26510293304870974,0.0,0.0,0.07661650134874962
2023-03-20,0.0,0.20131798607073925,0.3675491077463561,0.0,0.0,0.08124615192970558
2023-03-21,0.0,0.23674363935038822,0.4222244418867295,0.0,0.0,0.07654994131328678
2023-03-22,0.0,0.29182884581410545,0.3830395562774805,0.0,0.0,0.07905486011486236
2023-03-23,0.0,0.28280686758299844,0.44156064210262425,0.0,0.0,0.07706811387215398
2023-03-24,0.0,0.3029537883916704,0.45121192999629717,0.0,0.0,0.12241518622880145
2023-03-27,0.0,0.278941383401967,0.484907581877851,0.0,0.0,0.19678608997039904
2023-03-28,0.0,0.25517642052637657,0.5089001289158452,0.0,0.0,0.19678608997039904
2023-03-29,0.0,0.30147261719057455,0.5104974855226871,0.0,0.0,0.19678608997039904
2023-03-30,0.0,0.294104282643786,0.5312395107496711,0.0,0.0,0.19678608997039904
2023-03-31,0.0,0.2853476136449788,0.5519389873467488,0.0,0.0,0.19678608997039904
2023-04-03,0.0,0.2548875741029647,0.5725976764266949,0.0,0.0,0.19678608997039904
2023-04-04,0.0,0.259882778512557,0.5694220048455149,0.0,0.0,0.19678608997039904
2023-04-05,0.0,0.2598593617646631,0.5662454008407557,0.0,0.0,0.19678608997039904
2023-04-06,0.0,0.24834697568784403,0.5630678586291865,0.0,0.0,0.19678608997039904
2023-04-10,0.0,0.2483057038277288,0.5630678586291865,0.0,0.0,0.19678608997039904
2023-04-11,0.0,0.2202754380223257,0.5630678586291865,0.0,0.0,0.19678608997039904
2023-04-12,0.0,0.24561604752768282,0.5630678586291865,0.0,0.0,0.19678608997039904
2023-04-13,0.0,0.24348103520775022,0.5630678586291865,0.0,0.0,0.19678608997039904
2023-04-14,0.0,0.2600248039503705,0.5630678586291865,0.0,0.0,0.19678608997039904
2023-04-17,0.0,0.22575688355193008,0.5948017411980642,0.0,0.0,0.19678608997039904
2023-04-18,0.0,0.20892370058121126,0.6264467191429354,0.0,0.0,0.19678608997039904
2023-04-19,0.0,0.16030793977156707,0.6580077477277754,0.0,0.0,0.19678608997039904
2023-04-20,0.0,0.15933329902608312,0.6894892699562795,0.0,0.0,0.19678608997039904
2023-04-21,0.0,0.13957621948053364,0.7208952916056596,0.0,0.0,0.19678608997039904
2023-04-24,0.0,0.08697335191127982,0.75,0.0,0.0,0.19678608997039904
2023-04-25,0.0,0.08295360919437475,0.7449617556710509,0.0,0.0,0.19678608997039904
2023-04-26,0.0,0.05029886254208515,0.6436740550531153,0.0,0.0,0.19678608997039904
2023-04-27,0.0,0.0646075527394493,0.621296088003602,0.0,0.0,0.19678608997039904
2023-04-28,0.0,0.1500863277356925,0.7280246518416181,0.0,0.0,0.19678608997039904
2023-05-01,0.0,0.12681657326694604,0.6814109051968412,0.0,0.0,0.19678608997039904
2023-05-02,0.0,0.13034506853141942,0.6732550992553477,0.0,0.0,0.19678608997039904
2023-05-03,0.0,0.07184941182231837,0.7303029270478714,0.0,0.0,0.19678608997039904
2023-05-04,0.0,0.07448784832326952,0.7271677612977512,0.0,0.0,0.19678608997039904
2023-05-05,0.0,0.0760248471415067,0.7334373845787945,0.0,0.0,0.19678608997039904
2023-05-08,0.0,0.15177117481285177,0.6440939372494873,0.0,0.0,0.19678608997039904
2023-05-09,0.0,0.17845544320156675,0.6640258504476343,0.0,0.0,0.19678608997039904
2023-05-10,0.0,0.21624078246174763,0.6894274931830815,0.0,0.0,0.19678608997039904
2023-05-11,0.0,0.32567600654060225,0.7452852776489238,0.0,0.0,0.19678608997039904
2023-05-12,0.0,0.37118609621878706,0.6768747710176541,0.0,0.0,0.19678608997039904
2023-05-15,0.0,0.4092423232717933,0.6646947245977551,0.0,0.0,0.19678608997039904
2023-05-16,0.0,0.3809948018201225,0.6441214722130072,0.0,0.0,0.19678608997039904
2023-05-17,0.0,0.4817619027303291,0.6291482226934536,0.0,0.0,0.19678608997039904
2023-05-18,0.0,0.4388378413264573,0.609387932899564,0.0,0.0,0.19678608997039904
2023-05-19,0.0,0.42350809085769797,0.579487907801001,0.0,0.0,0.19678608997039904
2023-05-22,0.0,0.4413700839825164,0.6111599540166563,0.0,0.0,0.19678608997039904
2023-05-23,0.0,0.44002266445033045,0.6264699604849251,0.0,0.0,0.19678608997039904
2023-05-24,0.0,0.4569981622098752,0.6244482967632418,0.0,0.0,0.19678608997039904
2023-05-25,0.0,0.4545787049488095,0.6304420972890892,0.0,0.0,0.19678608997039904
2023-05-26,0.0,0.43397922443142967,0.6027799868137104,0.0,0.0,0.19678608997039904
2023-05-30,0.0,0.42419851897063754,0.5853729546137246,0.0,0.0,0.19678608997039904
2023-05-31,0.0,0.4299570298721738,0.5569589552095204,0.0,0.0,0.19678608997039904
2023-06-01,0.0,0.43677119396611297,0.514910235966362,0.0,0.0,0.19678608997039904
2023-06-02,0.0,0.43585500322184084,0.5374492907187818,0.0,0.0,0.19678608997039904
2023-06-05,0.0,0.46540564285185715,0.4727923024280005,0.0,0.0,0.19678608997039904
2023-06-06,0.0,0.49978888680670525,0.47477391784996287,0.0,0.0,0.19678608997039904
2023-06-07,0.0,0.5632069212274152,0.4776684161369927,0.0,0.0,0.19678608997039904
2023-06-08,0.0,0.5695871587933559,0.46745800569979773,0.0,0.0,0.19678608997039904
2023-06-09,0.0,0.6031031623648204,0.4955248231884321,0.0,0.0,0.19678608997039904
2023-06-12,0.0,0.6295224994218236,0.49992274664862973,0.0,0.0,0.19678608997039904
2023-06-13,0.0,0.623197640249104,0.5051975137054927,0.0,0.0,0.19678608997039904
2023-06-14,0.0,0.6260106889438234,0.5300599745673955,0.0,0.0,0.19678608997039904
2023-06-15,0.0,0.6288133216487138,0.573041716242172,0.0,0.0,0.19678608997039904
2023-06-16,0.0,0.6365802425782111,0.5937802526867101,0.0,0.0,0.19678608997039904
2023-06-20,0.0,0.6393881134188564,0.5944058781166546,0.0,0.0,0.19678608997039904
2023-06-21,0.0,0.6450389227441699,0.5816404463141788,0.0,0.0,0.19678608997039904
2023-06-22,0.0,0.6387584697840993,0.5915012525439094,0.0,0.0,0.14902447020654705
2023-06-23,0.0,0.6447102464304317,0.5445222464021078,0.0,0.0,0.11491135817370673
2023-06-26,0.0,0.6433828143221371,0.5249465861146759,0.0,0.0,0.09914508754660525
2023-06-27,0.0,0.6371045293169475,0.531956757576343,0.0,0.0,0.09320603475354466
2023-06-28,0.0,0.6549450334440545,0.5164430199424812,0.0,0.0,0.09846808878861411
2023-06-29,0.0,0.6597785768942102,0.5229676000053908,0.0,0.0,0.10924232229900184
2023-06-30,0.0,0.6596182397617192,0.542077893573973,0.0,0.0,0.17280726149297523
2023-07-03,0.0,0.6577416077404283,0.5328155594209093,0.0,0.0,0.19678608997039904
2023-07-05,0.0,0.6575773557126046,0.5414885846692494,0.0,0.0,0.19678608997039904
2023-07-06,0.0,0.6720316571526348,0.5325875139614601,0.0,0.0,0.19678608997039904
2023-07-07,0.0,0.6681728025393517,0.5585689267361557,0.0,0.0,0.19678608997039904
2023-07-10,0.0,0.6566678063755149,0.5964508240533946,0.0,0.0,0.19678608997039904
2023-07-11,0.0,0.6420405242351743,0.622604084425948,0.0,0.0,0.19678608997039904
2023-07-12,0.0,0.6246583524140745,0.680839910994616,0.0,0.0,0.19678608997039904
2023-07-13,0.0,0.6062481567742498,0.718184313174951,0.0,0.0,0.19678608997039904
2023-07-14,0.0,0.5954727438353261,0.7207865324443983,0.0,0.0,0.19678608997039904
2023-07-17,0.0,0.5972769085566912,0.7361060261996745,0.0,0.0,0.19678608997039904
2023-07-18,0.0,0.5931655548677328,0.7206883491996959,0.0,0.0,0.19678608997039904
2023-07-19,0.0,0.5974587411659277,0.7261661216147627,0.0,0.0,0.19678608997039904
2023-07-20,0.0,0.6069055072898439,0.7272820594383038,0.0,0.0,0.19678608997039904
2023-07-21,0.0,0.5912824932985716,0.7360522254678232,0.0,0.0,0.19678608997039904
2023-07-24,0.0,0.5859023882872441,0.75,0.0,0.0,0.19678608997039904
2023-07-25,0.0,0.5800606750840521,0.7485844796093852,0.0,0.0,0.19678608997039904
2023-07-26,0.0,0.578655047791661,0.75,0.0,0.0,0.19678608997039904
2023-07-27,0.0,0.5682323813472713,0.75,0.0,0.0,0.19678608997039904
2023-07-28,0.0,0.560674274096433,0.741952972817843,0.0,0.0,0.19678608997039904
2023-07-31,0.0,0.5737207167048937,0.75,0.0,0.0,0.19678608997039904
2023-08-01,0.0,0.5799195178969877,0.75,0.0,0.0,0.19678608997039904
2023-08-02,0.0,0.5850982367157598,0.75,0.0,0.0,0.19678608997039904
2023-08-03,0.0,0.575433921379876,0.75,0.0,0.0,0.19678608997039904
2023-08-04,0.0,0.5810070326750995,0.75,0.0,0.0,0.19678608997039904
2023-08-07,0.0,0.5527543716229754,0.75,0.028962949195371734,0.0,0.19678608997039904
2023-08-08,0.0,0.5939037390364109,0.7396191910885308,0.0,0.0,0.19678608997039904
2023-08-09,0.0,0.5618301877904615,0.6888217000397735,0.02678110082657708,0.0,0.19678608997039904
2023-08-10,0.0,0.5636969132581757,0.617433169646524,0.04448410555824951,0.0,0.19678608997039904
2023-08-11,0.0,0.5653924778161351,0.6009233038827674,0.044687780578315246,0.0,0.19678608997039904
2023-08-14,0.0,0.5584065625573514,0.6001710826806926,0.04585712664407568,0.0,0.19678608997039904
2023-08-15,0.0,0.5517641127351013,0.6165753335560383,0.036478572938385245,0.0,0.19678608997039904
2023-08-16,0.0,0.5414940641921967,0.6177696901553461,0.042888243175749984,0.0,0.19678608997039904
2023-08-17,0.0,0.4767551824876977,0.624253926136903,0.043665418887774414,0.0,0.19678608997039904
2023-08-18,0.0,0.4694610694251086,0.6245664571100465,0.042091370868340514,0.0,0.19678608997039904
2023-08-21,0.0,0.5164042465742325,0.6295273493623477,0.04328266528104902,0.0,0.19678608997039904
2023-08-22,0.0,0.5093286699716763,0.6315383997048898,0.03100133746126095,0.0,0.10456108691514383
2023-08-23,0.0,0.5018752251279344,0.568959377107781,0.024045219122478534,0.0,0.09590403042879522
2023-08-24,0.0,0.5695307752234584,0.5800465443463678,0.0,0.0,0.10117140047307073
2023-08-25,0.0,0.5493636679878133,0.5835961391760868,0.02175711667738837,0.0,0.11259526005968437
2023-08-28,0.0,0.5862208719594493,0.5282713207395748,0.04355935843833713,0.0,0.19678608997039904
2023-08-29,0.0,0.5729844504311211,0.48990794078604627,0.03723203409105937,0.0,0.19678608997039904
2023-08-30,0.0,0.5809405263055436,0.4704206482590311,0.04139659795221099,0.0,0.19678608997039904
2023-08-31,0.0,0.6065703487246803,0.4223118587561209,0.04280896600260295,0.0,0.19678608997039904
2023-09-01,0.0,0.6065545391204219,0.38745738075053876,0.04592935346249159,0.0,0.19678608997039904
2023-09-05,0.0,0.6175127282734483,0.3268785272234656,0.04422491467568577,0.0,0.19678608997039904
2023-09-06,0.0,0.6200850900686354,0.30185006290801836,0.04362889600596654,0.0,0.19678608997039904
2023-09-07,0.0,0.6132965006933572,0.2976971798396061,0.0432232076623993,0.0,0.19678608997039904
2023-09-08,0.0,0.6053413535932624,0.271880870684235,0.04422856960256515,0.0,0.19678608997039904
2023-09-11,0.0,0.6094736051826846,0.2578313819316444,0.04392882219996519,0.0,0.19678608997039904
2023-09-12,0.0,0.6235501226175637,0.23943493877031674,0.04406334267630493,0.0,0.19678608997039904
2023-09-13,0.0,0.6212058053069566,0.2262882366796816,0.04270208655769623,0.0,0.19678608997039904
2023-09-14,0.0,0.6353107076938213,0.24768203894696544,0.04348911549467947,0.0,0.19678608997039904
2023-09-15,0.0,0.6549130330210609,0.2417332196771461,0.04214472505842724,0.0,0.19678608997039904
2023-09-18,0.0,0.6718714623545271,0.24168237266217638,0.0418982831484365,0.0,0.19678608997039904
2023-09-19,0.0,0.677616080543926,0.33526861458609675,0.041625556223092414,0.0,0.19678608997039904
2023-09-20,0.0,0.6824276963754107,0.3307546109693275,0.04231660207039839,0.0,0.19678608997039904
2023-09-21,0.0,0.6591759506116944,0.3530557645010983,0.04279807371008813,0.0,0.19678608997039904
2023-09-22,0.0,0.5957405205449952,0.2765199288900959,0.043148607691199506,0.0,0.19678608997039904
2023-09-25,0.0,0.584762635162458,0.26881337771671626,0.04299893777245069,0.0,0.19678608997039904
2023-09-26,0.0,0.584628767154032,0.21593481120753166,0.04320337382856854,0.0,0.19678608997039904
2023-09-27,0.0,0.48307563695667394,0.17348346020372854,0.04293299185995374,0.0,0.19678608997039904
2023-09-28,0.0,0.5712464045978058,0.1352226465323817,0.04107556414329511,0.0,0.19678608997039904
2023-09-29,0.0,0.5775912887960631,0.13168101395222453,0.04248646598862099,0.0,0.19678608997039904
2023-10-02,0.0,0.5876268672613407,0.12624088356924046,0.04293619280918003,0.0,0.19678608997039904
2023-10-03,0.0,0.6521300966330019,0.12183498475586962,0.043833754461881834,0.0,0.19678608997039904
2023-10-04,0.0,0.5833453847254354,0.11696382870652854,0.04369581459654572,0.0,0.19678608997039904
2023-10-05,0.0,0.5796269234913123,0.11166620118811883,0.023290005823758012,0.0,0.19678608997039904
2023-10-06,0.0,0.5724287811596405,0.10635530735574526,0.0,0.0,0.19678608997039904
2023-10-09,0.0,0.6212378509522757,0.11166620118811885,0.0,0.0,0.19678608997039904
2023-10-10,0.0,0.6176503000047758,0.12224885295108721,0.026353384635272824,0.0,0.19678608997039904
2023-10-11,0.0,0.621832130596831,0.13229177828928784,0.023943258472740408,0.0,0.19678608997039904
2023-10-12,0.0,0.6062639448293466,0.1397703327218617,0.020052571386312758,0.0,0.19678608997039904
2023-10-13,0.0,0.6152249281005244,0.15053619594695725,0.0,0.0,0.19678608997039904
2023-10-16,0.0,0.6128033367592405,0.19489350896874688,0.029563422435311622,0.0,0.19678608997039904
2023-10-17,0.0,0.6453366109455219,0.18937092103241293,0.028355842762044288,0.0,0.19678608997039904
2023-10-18,0.0,0.6689985652529388,0.1878450322493472,0.03188572588792733,0.0,0.19678608997039904
2023-10-19,0.0,0.690422579290408,0.2525725788616005,0.03341864421311162,0.0,0.19678608997039904
2023-10-20,0.0,0.6980476600594219,0.26898273523738164,0.041806601906885434,0.0,0.19678608997039904
2023-10-23,0.0,0.6028025751934946,0.30523073969502773,0.04232252902214691,0.0,0.19678608997039904
2023-10-24,0.0,0.6347376118638087,0.3744294232054462,0.04070698157377216,0.0,0.19678608997039904
2023-10-25,0.0,0.722397022952944,0.3648120554464716,0.03376219332237401,0.0,0.19678608997039904
2023-10-26,0.0,0.4976150636630519,0.39442651110043453,0.03117608909302438,0.0,0.19678608997039904
2023-10-27,0.0,0.4951809294529965,0.41790574279237014,0.021121462584640083,0.0,0.19678608997039904
2023-10-30,0.0,0.5058180321574948,0.48036749296479897,0.02880529446054614,0.0,0.19678608997039904
2023-10-31,0.0,0.5216909646432794,0.5337495091181834,0.0,0.0,0.19678608997039904
2023-11-01,0.0,0.5153425353875222,0.5539799778063499,0.0,0.0,0.19678608997039904
2023-11-02,0.0,0.6354367247206538,0.5719300470215902,0.0,0.0,0.19678608997039904
2023-11-03,0.0,0.75,0.6287910815084531,0.024537236759468683,0.0,0.19678608997039904
2023-11-06,0.0,0.75,0.6396496937361509,0.02519672449536005,0.0,0.19678608997039904
2023-11-07,0.0,0.75,0.6101200540701921,0.03763569002300251,0.0,0.19678608997039904
2023-11-08,0.0,0.75,0.5717305967897595,0.028388352284227248,0.0,0.19678608997039904
2023-11-09,0.0,0.75,0.5206731616490102,0.027497921482295296,0.0,0.19678608997039904
2023-11-10,0.0,0.75,0.5366233573902036,0.03183077028947728,0.0,0.19678608997039904
2023-11-13,0.0,0.75,0.47176572356361063,0.040379601153389545,0.0,0.19678608997039904
2023-11-14,0.0,0.75,0.48545537202026745,0.044053210816540476,0.0,0.19678608997039904
2023-11-15,0.0,0.75,0.46720447323875663,0.02879122245435562,0.0,0.19678608997039904
2023-11-16,0.0,0.75,0.4549355713709007,0.021665793100460358,0.0,0.19678608997039904
2023-11-17,0.0,0.75,0.491850703150747,0.019758775729264075,0.0,0.19678608997039904
2023-11-20,0.0,0.75,0.4030068234693693,0.0,0.0,0.19678608997039904
2023-11-21,0.0,0.7255969286936496,0.34810963423037544,0.0,0.0,0.19678608997039904
2023-11-22,0.0,0.7179843333735941,0.3781178803811327,0.0,0.0,0.19678608997039904
2023-11-24,0.0,0.7117847177066154,0.359492089285259,0.0,0.0,0.19678608997039904
2023-11-27,0.0,0.7000395645706967,0.3456610794335086,0.0,0.0,0.19678608997039904
2023-11-28,0.0,0.6787626721228691,0.33073489010062807,0.0,0.0,0.19678608997039904
2023-11-29,0.0,0.6626286124456472,0.34528112673126676,0.0,0.0,0.19678608997039904
2023-11-30,0.0,0.6207229922117473,0.35019902736692476,0.0298246373064468,0.0,0.19678608997039904
2023-12-01,0.0,0.5993496505804057,0.2955815880062476,0.04236020061917151,0.0,0.19678608997039904
2023-12-04,0.0,0.5540220915455545,0.3872111495286687,0.029742899610882636,0.0,0.19678608997039904
2023-12-05,0.0,0.5151547227022693,0.2465984594673017,0.03208612912705359,0.0,0.19678608997039904
2023-12-06,0.0,0.48820766488023226,0.21885317030128748,0.0,0.0,0.19678608997039904
2023-12-07,0.0,0.45425723399188517,0.28203651169558586,0.0,0.0,0.19678608997039904
2023-12-08,0.0,0.43676645863063346,0.269229308460379,0.0,0.0,0.19678608997039904
2023-12-11,0.0,0.4225006214746603,0.17127057196066545,0.0,0.0,0.19678608997039904
2023-12-12,0.0,0.40455175182464925,0.15590337294701045,0.0,0.0,0.19678608997039904
2023-12-13,0.0,0.39814298065310405,0.18629487914885656,0.0,0.0,0.19678608997039904
2023-12-14,0.0,0.40049633154314634,0.18944055564804263,0.0,0.0,0.19678608997039904
2023-12-15,0.0,0.4116568924583273,0.27615753854037073,0.0,0.0,0.19678608997039904
2023-12-18,0.0,0.4171758484625889,0.2370068441102058,0.0,0.0,0.19678608997039904
2023-12-19,0.0,0.41295965420836067,0.2576460195399341,0.0,0.0,0.19678608997039904
2023-12-20,0.0,0.4174074428091298,0.22454349167984794,0.0,0.0,0.19678608997039904
2023-12-21,0.0,0.41970854346912523,0.17037521738781822,0.0,0.0,0.19678608997039904
2023-12-22,0.0,0.4262741396252424,0.17964635562845774,0.0,0.0,0.19678608997039904
2023-12-26,0.0,0.43043259604605044,0.20834694313160415,0.0,0.0,0.19678608997039904
2023-12-27,0.0,0.4213820231622913,0.2420531772751161,0.0,0.0,0.19678608997039904
2023-12-28,0.0,0.42123320767708305,0.258300978407395,0.0,0.0,0.19678608997039904
2023-12-29,0.0,0.4299654674950083,0.23186233770285997,0.0,0.0,0.19678608997039904
2024-01-02,0.0,0.42069844025909525,0.16177320852313104,0.0,0.0,0.19415210491880147
2024-01-03,0.0,0.4148344502790628,0.20917743549610196,0.0,0.0,0.19415210491880147
2024-01-04,0.0,0.41079573532590585,0.17475488433141595,0.0,0.0,0.19415210491880147
2024-01-05,0.0,0.3734067149705776,0.13519897377250645,0.0,0.0,0.19415210491880147
2024-01-08,0.0,0.3732870590382914,0.18680052897479854,0.0,0.0,0.19415210491880147
2024-01-09,0.0,0.41605374382797333,0.13946215055211114,0.0,0.0,0.19415210491880147
2024-01-10,0.0,0.41770922893578316,0.15783030959923758,0.0,0.0,0.19415210491880147
2024-01-11,0.0,0.42580514842269174,0.14683761288637012,0.0,0.0,0.19415210491880147
2024-01-12,0.0,0.4256281782058184,0.15789242731209585,0.0,0.0,0.19415210491880147
2024-01-16,0.0,0.4254606075312724,0.23356601431724783,0.0,0.0,0.19415210491880147
2024-01-17,0.0,0.29161887734012426,0.19360593991872918,0.0,0.0,0.19415210491880147
2024-01-18,0.0,0.29171893136777877,0.1500080875327461,0.0,0.0,0.19415210491880147
2024-01-19,0.0,0.3126995203437549,0.1652638515557673,0.0,0.0,0.19415210491880147
2024-01-22,0.0,0.3219687224507722,0.1753113818084196,0.0393981120108785,0.0,0.10292491396164664
2024-01-23,0.0,0.3486868987604679,0.18916473494885702,0.060213965675140826,0.0,0.07289851055782853
2024-01-24,0.0,0.36909342741739903,0.21391421986036502,0.06081870056558315,0.0,0.07536142837651012
2024-01-25,0.0,0.39812991915389206,0.24294786878575117,0.0479359456272422,0.0,0.0764785156928489
2024-01-26,0.0,0.4336249135903544,0.27263459691242575,0.05284860997626074,0.0,0.19415210491880147
2024-01-29,0.0,0.49262331881387283,0.3198185750757893,0.05355490686126493,0.0,0.19415210491880147
2024-01-30,0.0,0.5284371947576563,0.35449262828110834,0.04812955023615916,0.0,0.19415210491880147
2024-01-31,0.0,0.5559201687917739,0.35863973758697615,0.058689227831611075,0.0,0.19415210491880147
2024-02-01,0.0,0.5784500339058704,0.37614604468565466,0.06056015304836007,0.0,0.19415210491880147
2024-02-02,0.0,0.75,0.40041293859874927,0.04509066417009828,0.0,0.19415210491880147
2024-02-05,0.0,0.75,0.4094326393308448,0.03917992188507958,0.0,0.19415210491880147
2024-02-06,0.0,0.75,0.4158525130500197,0.023391331862329702,0.0,0.19415210491880147
2024-02-07,0.0,0.75,0.44254181435512224,0.040481845928077013,0.0,0.19415210491880147
2024-02-08,0.0,0.75,0.4297805181760406,0.03102027369830522,0.0,0.19415210491880147
2024-02-09,0.0,0.75,0.4727099527736546,0.07095416073242539,0.0,0.19415210491880147
2024-02-12,0.0,0.75,0.4429760817380548,0.06684386510921417,0.0,0.19415210491880147
2024-02-13,0.0,0.75,0.458223532338791,0.05853548334178944,0.0,0.19415210491880147
2024-02-14,0.0,0.75,0.4613172354414227,0.06543324143292759,0.0,0.19415210491880147
2024-02-15,0.0,0.75,0.4582555786288025,0.06132736903679927,0.0,0.19415210491880147
2024-02-16,0.0,0.75,0.4752979107355475,0.061710826126526806,0.0,0.19415210491880147
2024-02-20,0.0,0.75,0.5262559278196368,0.06124955739316299,0.0,0.19415210491880147
2024-02-21,0.0,0.75,0.5012322167512386,0.06834898441625048,0.0,0.19415210491880147
2024-02-22,0.0,0.75,0.4792265478669117,0.07212428584948899,0.0,0.19415210491880147
2024-02-23,0.0,0.75,0.48806876202308624,0.07458510586738748,0.0,0.19415210491880147
2024-02-26,0.0,0.75,0.491557189969419,0.07395250344642192,0.0,0.19415210491880147
2024-02-27,0.0,0.75,0.48581551025636244,0.07818380511701732,0.0,0.19415210491880147
2024-02-28,0.0,0.75,0.4535077634611938,0.0804533646965742,0.0,0.19415210491880147
2024-02-29,0.0,0.75,0.44176821499632324,0.06841476144775299,0.0,0.19415210491880147
2024-03-01,0.0,0.75,0.45389071570187656,0.08206722536046943,0.0,0.19415210491880147
2024-03-04,0.0,0.75,0.5357763216558741,0.07688699604250479,0.0,0.19415210491880147
2024-03-05,0.0,0.75,0.5825488960979162,0.08262517818088351,0.0,0.19415210491880147
2024-03-06,0.0,0.75,0.6028038410739999,0.08232421862211561,0.0,0.19415210491880147
2024-03-07,0.0,0.75,0.6440324471140464,0.079896125947088,0.0,0.19415210491880147
2024-03-08,0.0,0.75,0.6705721447590332,0.08174075621142167,0.0,0.19415210491880147
2024-03-11,0.0,0.75,0.673747795382005,0.08390821725224096,0.0,0.19267423872792636
2024-03-12,0.0,0.75,0.6789156325279858,0.08470803777896758,0.0,0.19415210491880147
2024-03-13,0.0,0.75,0.6782740694926265,0.08610285417324048,0.0,0.19415210491880147
2024-03-14,0.0,0.75,0.6818253707681923,0.084550039592297,0.0,0.19415210491880147
2024-03-15,0.0,0.75,0.670810723365492,0.0781151474177192,0.0,0.19007045315002133
2024-03-18,0.0,0.522919303070494,0.6952355492394815,0.08191352881832631,0.0,0.19415210491880147
2024-03-19,0.0,0.5155504563293416,0.7079646555326975,0.06222274706604521,0.0,0.19415210491880147
2024-03-20,0.0,0.472752263322588,0.6743036117905581,0.05444374967264647,0.0,0.18247786519360856
2024-03-21,0.0,0.4290906001452482,0.6501255011468104,0.05287965359071852,0.0,0.17353407761910986
2024-03-22,0.0,0.43045808281114006,0.6695989232434186,0.052834244541188055,0.0,0.1598875949699512
2024-03-25,0.0,0.4062715023053173,0.6478184763250451,0.05149843766500146,0.0,0.13950165851258103
2024-03-26,0.0,0.4160440559785567,0.6519949715772303,0.05301791510124849,0.0,0.1633182467473721
2024-03-27,0.0,0.4220646527952669,0.6553145899171042,0.05626214439624008,0.0,0.17163124477188635
2024-03-28,0.0,0.42235856342414274,0.6633508084382895,0.05921204882905296,0.0,0.1739261834926354
2024-04-01,0.0,0.42329515549606256,0.6629046397743935,0.05962558826269394,0.0,0.17399458759830191
2024-04-02,0.0,0.4229173592879162,0.661442882225398,0.06127281482997966,0.0,0.1737913893352417
2024-04-03,0.0,0.4056367602259412,0.6482022326225935,0.06063993555691513,0.0,0.17031246326012772
2024-04-04,0.0,0.505129698546205,0.7291529966466308,0.07017563839833157,0.0,0.1915819426445814
2024-04-05,0.0,0.5047072463742701,0.7389349285878491,0.07172650649149838,0.0,0.19415210491880147
2024-04-08,0.0,0.572888020448582,0.7389349285878491,0.07222237222861433,0.0,0.19415210491880147
2024-04-09,0.0,0.5444324919268134,0.7389349285878491,0.0743168056791777,0.0,0.19415210491880147
2024-04-10,0.0,0.5538317642255346,0.7351840892011964,0.07572998211674169,0.0,0.19415210491880147
2024-04-11,0.0,0.5571917460702951,0.7333376033383932,0.07480605454214809,0.0,0.19415210491880147
2024-04-12,0.0,0.75,0.7279103569428221,0.07630024778588992,0.0,0.19415210491880147
2024-04-15,0.0,0.75,0.716420874218498,0.07617537039548766,0.0,0.19415210491880147
2024-04-16,0.0,0.7020141260897448,0.6790828857019959,0.07278199967074614,0.0,0.18465900751793252
2024-04-17,0.0,0.6796133571169715,0.6923657952654065,0.06978671146998697,0.0,0.18642949322663496
2024-04-18,0.0,0.5787722641854259,0.6176186325038212,0.04659275386600308,0.0,0.1301458393902961
2024-04-19,0.0,0.4508632142880935,0.6342340027475931,0.04091711267842336,0.0,0.12063357198310459
2024-04-22,0.0,0.45576808063723867,0.6844392132005541,0.04714913054399177,0.0,0.12080742605457302
2024-04-23,0.0,0.39303299259208174,0.7401416357932888,0.05294984549254523,0.0,0.18845081828756416
2024-04-24,0.0,0.4610222048334383,0.7495900853586545,0.05063754157718177,0.0,0.18811204276444105
2024-04-25,0.0,0.46619556925411915,0.75,0.05191743345540607,0.0,0.1916656242490677
2024-04-26,0.0,0.47153739675180345,0.75,0.05052725180304298,0.0,0.19415210491880147
2024-04-29,0.0,0.5168110559763699,0.75,0.04542422265876621,0.0,0.19415210491880147
2024-04-30,0.0,0.513728792684954,0.75,0.04446864711982586,0.0,0.19415210491880147
2024-05-01,0.0,0.39799959487158254,0.6517386594107815,0.027014674607364387,0.0,0.1616437068126718
2024-05-02,0.0,0.3454114404573863,0.6770572222777832,0.025965628138796475,0.0,0.16750145840849628
2024-05-03,0.0,0.40018332358952824,0.6514408329845985,0.024054631444410043,0.0,0.16411621994238576
2024-05-06,0.0,0.4027151965028961,0.6254002485068215,0.02138472325970113,0.0,0.15659535484117407
2024-05-07,0.0,0.36979518894320373,0.6131142992414845,0.02042713560026669,0.0,0.1490625999693477
2024-05-08,0.0,0.39119704985792686,0.6591489225707595,0.022493861285247312,0.0,0.1609409874306849
2024-05-09,0.0,0.4098323816254279,0.6847842338628339,0.026045516347281788,0.0,0.16829640490303938
2024-05-10,0.0,0.3758193193105403,0.6581348184468784,0.02476766237882892,0.0,0.15973946068684397
2024-05-13,0.0,0.36114152781714276,0.6537918215273819,0.028799533777136888,0.0,0.15764117662982657
2024-05-14,0.0,0.385400393845866,0.6619473933746008,0.028436804409701533,0.0,0.1664186373433827
2024-05-15,0.0,0.4066919611063691,0.7316624603890822,0.026932004234433694,0.0,0.180299543355784
2024-05-16,0.0,0.31372199842930537,0.6360072262435593,0.020681849303309515,0.0,0.15811766552607662
2024-05-17,0.0,0.3228381480648962,0.6285024386590854,0.01817107448481194,0.0,0.15910621173506506
2024-05-20,0.0,0.373541931473703,0.710926076155152,0.020447167794598792,0.0,0.18083461999054032
2024-05-21,0.0,0.33953956087593107,0.6492092808839492,0.01939535961109464,0.0,0.1566864776491816
2024-05-22,0.0,0.33545473143133175,0.6498857574514417,0.019772640509884903,0.0,0.10800298683646699
2024-05-23,0.0,0.3399140936368535,0.6369654415801435,0.020413708330878733,0.0,0.10411463571118638
2024-05-24,0.0,0.3100463153656552,0.565500513938428,0.01754656045365016,0.0,0.09679670946484194
2024-05-28,0.0,0.3062979646431832,0.5732899598580895,0.0163737042265051,0.0,0.1481569492370634
2024-05-29,0.0,0.3068210489698811,0.581207596995281,0.014404956470377931,0.0,0.1469888359312892
2024-05-30,0.0,0.3127130468042543,0.5671589424956058,0.0,0.0,0.14430736234347225
2024-05-31,0.0,0.3257209635044983,0.5707947196494592,0.0,0.0,0.1443244138647306
2024-06-03,0.0,0.4350711274548499,0.7458616887511278,0.0,0.0,0.1896593589690455
2024-06-04,0.0,0.4404137651401604,0.7292596256521444,0.0,0.0,0.18707902211580416
2024-06-05,0.0,0.45229552719177935,0.7227996653532717,0.0,0.0,0.18679622989648315
2024-06-06,0.0,0.441596042746746,0.727303125772702,0.0,0.0,0.18701082260892846
2024-06-07,0.0,0.4711842039821567,0.7284074858291611,0.0,0.0,0.18979484885741174
2024-06-10,0.0,0.42452546164923843,0.6216606159221941,0.0,0.0,0.16822094939171245
2024-06-11,0.0,0.43062293943105706,0.6465524237973381,0.0,0.0,0.1696071026297135
2024-06-12,0.0,0.442292306595115,0.6528698069335156,0.0,0.0,0.17292469065122837
2024-06-13,0.0,0.419919998282797,0.645879018884596,0.0,0.0,0.164447746206945
2024-06-14,0.0,0.5678786099947001,0.6028448465479077,0.0,0.0,0.15762701005721194
2024-06-17,0.0,0.5629709770320748,0.6018255377465281,0.0,0.0,0.15540292999204566
2024-06-18,0.0,0.6795123623826272,0.7161079394821677,0.0,0.0,0.1866951906919413
2024-06-20,0.0,0.6963775134951241,0.7201846918094595,0.0,0.0,0.18795506556086947
2024-06-21,0.0,0.706757338654686,0.7447714112547292,0.0,0.0,0.19338186684849978
2024-06-24,0.0,0.7130328568341181,0.7419874966856661,0.0,0.0,0.19415210491880147
2024-06-25,0.0,0.7082365508448767,0.7471778637321453,0.0,0.0,0.19415210491880147
2024-06-26,0.0,0.6941832747781211,0.75,0.02717397909598726,0.0,0.19415210491880147
2024-06-27,0.0,0.6909009916697874,0.75,0.026727475489883988,0.0,0.19415210491880147
2024-06-28,0.0,0.6876710456120948,0.75,0.0,0.0,0.19415210491880147
2024-07-01,0.0,0.6958519199768998,0.75,0.0,0.0,0.19415210491880147
2024-07-02,0.0,0.6843993180244531,0.75,0.03277886966419173,0.0,0.19415210491880147
2024-07-03,0.0,0.6850666627739456,0.75,0.03579974319511726,0.0,0.19415210491880147
2024-07-05,0.0,0.6888609943317193,0.75,0.019614503845252325,0.0,0.19415210491880147
2024-07-08,0.0,0.690864912103606,0.75,0.023609985084843473,0.0,0.19415210491880147
2024-07-09,0.0,0.6928057228754357,0.75,0.02235673831810058,0.0,0.19415210491880147
2024-07-10,0.0,0.6949934631009833,0.7397913940022766,0.0,0.0,0.19415210491880147
2024-07-11,0.0,0.697706321493771,0.7340732546987252,0.0,0.0,0.19415210491880147
2024-07-12,0.0,0.694848271397474,0.75,0.0,0.0,0.19415210491880147
2024-07-15,0.0,0.6889861878023608,0.75,0.0,0.0,0.19415210491880147
2024-07-16,0.0,0.6841854194343168,0.75,0.0253324829614607,0.0,0.19415210491880147
2024-07-17,0.0,0.688424096534574,0.75,0.0,0.0,0.19415210491880147
2024-07-18,0.0,0.6074310967198011,0.75,0.02942041522309587,0.0,0.13772716523834339
2024-07-19,0.0,0.6004991338393574,0.75,0.0,0.0,0.12286428301774349
2024-07-22,0.0,0.509723577659365,0.75,0.0,0.0,0.1077114726229854
2024-07-23,0.0,0.5960705527569087,0.75,0.0,0.0,0.09417302521020883
2024-07-24,0.0,0.5924563567488085,0.75,0.0,0.0,0.09576552160924448
2024-07-25,0.0,0.5011487858903576,0.75,0.0,0.0,0.10864845613937407
2024-07-26,0.0,0.44051762107346826,0.6849345129748498,0.0,0.0,0.17377923775403742
2024-07-29,0.0,0.3865101381598091,0.6225588033367401,0.0,0.0,0.16230590940510015
2024-07-30,0.0,0.37138027285659564,0.6006893051476668,0.0,0.0,0.16402225478177254
2024-07-31,0.0,0.36233488626596594,0.5926593066113176,0.0,0.0,0.168968691571592
2024-08-01,0.0,0.3282092782250994,0.5262444428434015,0.022310891000963153,0.0,0.1644126291054948
2024-08-02,0.0,0.30933018774773985,0.5098946988915737,0.016759850135692506,0.0,0.1682980873921312
2024-08-05,0.0,0.2409704928283427,0.44681493846038783,0.014966470413199802,0.0,0.1504146997848816
2024-08-06,0.0,0.17004717651805834,0.36990830276122627,0.013077051082417662,0.0,0.05375982156035669
2024-08-07,0.0,0.16895309775555103,0.36534351560975975,0.0,0.0,0.043555769182001526
2024-08-08,0.0,0.14960282091909807,0.35491687395033794,0.014346958560881704,0.0,0.03901559200674976
2024-08-09,0.0,0.1475459169019562,0.33233240619492677,0.0,0.0,0.04933037319290295
2024-08-12,0.0,0.15058382779567633,0.35130109325856207,0.0,0.0,0.0549078828137597
2024-08-13,0.0,0.1647478020287333,0.3556199182771969,0.014194827603040455,0.0,0.05443886583931122
2024-08-14,0.0,0.2192333232494369,0.3655024744486972,0.01242713541661661,0.0,0.0736640830326284
2024-08-15,0.0,0.2633540210904331,0.436609170465435,0.013872459337378368,0.0,0.07627754315386855
2024-08-16,0.0,0.4709979099278257,0.45367339324063566,0.01888014243585867,0.0,0.14554225709993507
2024-08-19,0.0,0.5262465309704865,0.47826013774138815,0.0,0.0,0.15312625741738303
2024-08-20,0.0,0.5398181532511384,0.47018191145883675,0.0,0.0,0.14895565276724376
2024-08-21,0.0,0.622240996543948,0.5208573971319916,0.0,0.0,0.1607840080527332
2024-08-22,0.0,0.6322714639459874,0.5214049486222023,0.0,0.0,0.15968190177732028
2024-08-23,0.0,0.5931482676220462,0.4812960204456076,0.0,0.0,0.14616217800278322
2024-08-26,0.0,0.5643827626315395,0.452358804747749,0.0,0.0,0.13892782852948526
2024-08-27,0.0,0.603899520509639,0.5088426291337544,0.03147414833713767,0.0,0.15959304112660966
2024-08-28,0.0,0.6141876948989894,0.5231861569727665,0.02823102222051752,0.0,0.16731180547060734
2024-08-29,0.0,0.5535941417032294,0.5000301157874235,0.017924558693434345,0.0,0.16139775406197507
2024-08-30,0.0,0.5277930192846902,0.4980271194265035,0.039247621569942416,0.0,0.16013235999138561
2024-09-03,0.0,0.55306830469597,0.5094178571943663,0.021186514611464594,0.0,0.1662645410286093
2024-09-04,0.0,0.37288445910164164,0.4497755158871643,0.0,0.0,0.14679838694063033
2024-09-05,0.0,0.4790584997070025,0.49465549783787116,0.0,0.0,0.16108643149147356
2024-09-06,0.0,0.5687827026285538,0.5803958256016793,0.0,0.0,0.18829667565521654
2024-09-09,0.0,0.3817589682312258,0.5317111564943123,0.0,0.0,0.17314072949588186
2024-09-10,0.0,0.39805618852443386,0.5156391777539839,0.0,0.0,0.1677406517827322
2024-09-11,0.0,0.4090385736534682,0.5385979572382956,0.0,0.0,0.17362605023814176
2024-09-12,0.0,0.5749064452693253,0.5387512881171455,0.0,0.0,0.17233400069274812
2024-09-13,0.0,0.5669152684048057,0.5345206375771989,0.0,0.0,0.1661645321212689
2024-09-16,0.0,0.5367179637113669,0.5272138367419442,0.0,0.0,0.15839834934981223
2024-09-17,0.0,0.5403011339573845,0.5378751076002791,0.0,0.0,0.15770750895811858
2024-09-18,0.0,0.48187435379393945,0.558407371042793,0.0,0.0,0.11234819080155038
2024-09-19,0.0,0.5087669062502637,0.5957264606344044,0.0,0.0,0.09235961133009402
2024-09-20,0.0,0.5405331321643012,0.5700693005836588,0.0,0.0,0.08808180638367336
2024-09-23,0.0,0.5602079535143484,0.5668617685643642,0.0,0.0,0.12939207050123344
2024-09-24,0.0,0.547202258704438,0.5605354463721747,0.0,0.0,0.15399101192464545
2024-09-25,0.0,0.5840321836659013,0.6210855190467077,0.0,0.0,0.1693626883420763
2024-09-26,0.0,0.615623898887356,0.6755212923269192,0.0,0.0,0.18196347029739818
2024-09-27,0.0,0.5114833749275075,0.6747991343790062,0.0,0.0,0.18160798191746957
2024-09-30,0.0,0.5062498505896001,0.65427977676881,0.0,0.0,0.18216436304313602
2024-10-01,0.0,0.4960571178475867,0.6388233904736562,0.0,0.0,0.18625079101089018
2024-10-02,0.0,0.45741372536090763,0.5969135918010828,0.0,0.0,0.18476308689299784
2024-10-03,0.0,0.4061857377379497,0.5201513847753234,0.0,0.0,0.18460067772673142
2024-10-04,0.0,0.3868765903248355,0.48520866071271257,0.03300739097699534,0.0,0.19415210491880147
2024-10-07,0.0,0.3802212115376608,0.4640409063577745,0.03154102806933158,0.0,0.19415210491880147
2024-10-08,0.0,0.28373922463936213,0.4623142026230821,0.04765828682790819,0.0,0.19415210491880147
2024-10-09,0.0,0.27672087975605875,0.4601553453775079,0.02103658168590975,0.0,0.19415210491880147
2024-10-10,0.0,0.26675456593020885,0.45799595492136086,0.020319990781588464,0.0,0.19415210491880147
2024-10-11,0.0,0.2676701960759831,0.4558360284752778,0.043139084538917016,0.0,0.19415210491880147
2024-10-14,0.0,0.2666856420812939,0.45637606048891605,0.024318882721332348,0.0,0.19415210491880147
2024-10-15,0.0,0.2583873822354396,0.4595075843536898,0.0,0.0,0.19415210491880147
2024-10-16,0.0,0.2672165268975802,0.46177453814924013,0.0,0.0,0.19415210491880147
2024-10-17,0.0,0.2669125327233491,0.4644725294094458,0.0,0.0,0.19415210491880147
2024-10-18,0.0,0.2650812641827561,0.4680326161238242,0.0,0.0,0.19415210491880147
2024-10-21,0.0,0.2603146782855398,0.47331618074105103,0.0,0.0,0.19415210491880147
2024-10-22,0.0,0.2558743643968986,0.47590291483765357,0.0,0.0,0.19415210491880147
2024-10-23,0.0,0.25077859781771916,0.4776269929660017,0.0,0.0,0.19415210491880147
2024-10-24,0.0,0.21498828885886975,0.47848890914214554,0.0,0.0,0.19415210491880147
2024-10-25,0.0,0.20806877938930543,0.4806433424657305,0.0,0.0,0.19415210491880147
2024-10-28,0.0,0.22234033818588156,0.48193575838882385,0.0,0.0,0.19415210491880147
2024-10-29,0.0,0.19317050934216484,0.4815049733733936,0.0,0.0,0.19415210491880147
2024-10-30,0.0,0.2198109595609669,0.4810741680723888,0.0,0.0,0.19415210491880147
2024-10-31,0.0,0.1983183854803429,0.4810741680723888,0.0,0.0,0.19415210491880147
2024-11-01,0.0,0.179364341384445,0.4783811740918608,0.0,0.0,0.19415210491880147
2024-11-04,0.0,0.1770867785888835,0.4770882537912617,0.0,0.0,0.19415210491880147
2024-11-05,0.0,0.18104892156500949,0.47579514905125964,0.0,0.0,0.19415210491880147
2024-11-06,0.0,0.18501318860460933,0.47439407680543505,0.0,0.0,0.19415210491880147
2024-11-07,0.0,0.1842309102736624,0.472992786740291,0.0,0.0,0.19415210491880147
2024-11-08,0.0,0.1964537212264867,0.5276582585522059,0.0,0.0,0.19415210491880147
2024-11-11,0.0,0.2343057027714068,0.6517438737890788,0.0,0.0,0.19415210491880147
2024-11-12,0.0,0.26081498355898447,0.7416169801877456,0.0,0.0,0.19415210491880147
2024-11-13,0.0,0.2831178587004796,0.75,0.0,0.0,0.19415210491880147
2024-11-14,0.0,0.30201491355840276,0.75,0.0,0.0,0.19415210491880147
2024-11-15,0.0,0.3151867479639792,0.75,0.0,0.0,0.19415210491880147
2024-11-18,0.0,0.29965536728794556,0.75,0.0,0.0,0.19415210491880147
2024-11-19,0.0,0.313153363134487,0.75,0.0,0.0,0.19415210491880147
2024-11-20,0.0,0.3106918290428109,0.75,0.0,0.0,0.19415210491880147
2024-11-21,0.0,0.3059398166803028,0.75,0.0,0.0,0.19415210491880147
2024-11-22,0.0,0.3173910066595131,0.75,0.0,0.0,0.19415210491880147
2024-11-25,0.0,0.32731267171011796,0.75,0.0,0.0,0.19415210491880147
2024-11-26,0.0,0.3069876090332385,0.75,0.0,0.0,0.18457882501927117
2024-11-27,0.0,0.30792124139581706,0.75,0.0,0.0,0.18513524192212347
2024-11-29,0.0,0.3262304324028585,0.75,0.0,0.0,0.18359041199392792
2024-12-02,0.0,0.3257888414041192,0.75,0.0,0.0,0.18591308875556065
2024-12-03,0.0,0.339451704008601,0.75,0.0,0.0,0.18593264325190317
2024-12-04,0.0,0.3666440673193739,0.75,0.0,0.0,0.19415210491880147
2024-12-05,0.0,0.35829395591716023,0.75,0.0,0.0,0.19415210491880147
2024-12-06,0.0,0.37082651384589765,0.75,0.0,0.0,0.1939646800269776
2024-12-09,0.0,0.3656370190094241,0.7458470907161308,0.0,0.0,0.18998739467926395
2024-12-10,0.0,0.39359535325121436,0.7313610169931373,0.0,0.0,0.19115150437173148
2024-12-11,0.0,0.3807060179608625,0.726294065149885,0.0,0.0,0.19220642430885618
2024-12-12,0.0,0.34240122137871953,0.6366295358506266,0.0,0.0,0.17043971846272074
2024-12-13,0.0,0.33489598135262755,0.5733313278734774,0.0,0.0,0.1574763893404549
2024-12-16,0.0,0.334763637438871,0.5718122094454029,0.0,0.0,0.15833720091248743
2024-12-17,0.0,0.3146027780333976,0.5761138578786414,0.0,0.0,0.1564203040625055
2024-12-18,0.0,0.3357663189216693,0.6175796977847774,0.0,0.0,0.16510256315556124
2024-12-19,0.0,0.31041779281460014,0.5237702657839123,0.0,0.0,0.13902335704812332
2024-12-20,0.0,0.30323330400140136,0.44192956488845475,0.0,0.0,0.134055646065737
2024-12-23,0.0,0.26801002272955626,0.47030715648860716,0.0,0.0,0.13602595850771743
2024-12-24,0.0,0.2842690020901662,0.4808417461245118,0.0,0.0,0.13820166364291278
2024-12-26,0.0,0.27245733921786347,0.4982215639289905,0.0,0.0,0.14096638317240745
2024-12-27,0.0,0.27499038152980493,0.5370361538566366,0.0,0.0,0.14571959507483168
2024-12-30,0.0,0.3849633519998657,0.7107130365822657,0.0,0.0,0.19415210491880147
2024-12-31,0.0,0.3946800918264404,0.6924566998219547,0.0,0.0,0.19091763941116957
2025-01-02,0.0,0.42089064733848763,0.7311635075671123,0.0,0.0,0.20164749262434367
2025-01-03,0.0,0.41583155144759937,0.712267306737531,0.0,0.0,0.20003236764088575
2025-01-06,0.0,0.4331740013922294,0.6811681832553579,0.0,0.0,0.19941731622111358
2025-01-07,0.0,0.422747808749122,0.6471979556007088,0.0,0.0,0.19733293123269557
2025-01-08,0.0,0.441611643631512,0.6401591739736993,0.0,0.0,0.19674449358433552
2025-01-09,0.0,0.4530738906261637,0.7062122248723496,0.0,0.0,0.20151098465743542
2025-01-10,0.0,0.44376051728087185,0.7229786166134549,0.0,0.0,0.20228052287287582
2025-01-13,0.0,0.4388132034045476,0.7482676745427238,0.0,0.0,0.20228052287287582
2025-01-14,0.0,0.43540715693025844,0.7301052382593721,0.0,0.0,0.20228052287287582
2025-01-15,0.0,0.41092060015829096,0.7360279483025526,0.0,0.0,0.20228052287287582
2025-01-16,0.0,0.42813702393596,0.75,0.03306339176054333,0.0,0.20228052287287582
2025-01-17,0.0,0.41835580117387255,0.75,0.025593952194191152,0.0,0.20228052287287582
2025-01-21,0.0,0.42579224218868444,0.75,0.039596891323662474,0.0,0.20228052287287582
2025-01-22,0.0,0.47855274377298207,0.75,0.02749955815189642,0.0,0.20228052287287582
2025-01-23,0.0,0.44721284675817513,0.75,0.027599172183309872,0.0,0.20228052287287582
2025-01-24,0.0,0.44369075869184654,0.75,0.024045337225061227,0.0,0.20228052287287582
2025-01-27,0.0,0.4538019242891029,0.75,0.02383142097733276,0.0,0.20228052287287582
2025-01-28,0.0,0.43643973494092864,0.75,0.0,0.0,0.20228052287287582
2025-01-29,0.0,0.45433300384734876,0.75,0.0,0.0,0.20228052287287582
2025-01-30,0.0,0.4496368746871062,0.75,0.0,0.0,0.20228052287287582
2025-01-31,0.0,0.45480358787159164,0.75,0.0,0.0,0.20228052287287582
2025-02-03,0.0,0.45933848548722134,0.75,0.0,0.0,0.20228052287287582
2025-02-04,0.0,0.4516200434486682,0.75,0.0,0.0,0.20228052287287582
2025-02-05,0.0,0.47959956629451767,0.75,0.0,0.0,0.20228052287287582
2025-02-06,0.0,0.4584380327863251,0.75,0.0,0.0,0.20228052287287582
2025-02-07,0.0,0.4502133441692865,0.75,0.0,0.0,0.20228052287287582
2025-02-10,0.0,0.46255236567052616,0.75,0.0,0.0,0.20228052287287582
2025-02-11,0.0,0.4813407813643683,0.75,0.0,0.0,0.20228052287287582
2025-02-12,0.0,0.4871467398674334,0.75,0.0,0.0,0.20228052287287582
2025-02-13,0.0,0.48449224507260913,0.75,0.0,0.0,0.20228052287287582
2025-02-14,0.0,0.4509281741173477,0.75,0.0,0.0,0.20228052287287582
2025-02-18,0.0,0.4408103692652906,0.75,0.0,0.0,0.20228052287287582
2025-02-19,0.0,0.4361606885670034,0.75,0.0,0.0,0.20228052287287582
2025-02-20,0.0,0.4333813866325893,0.75,0.0,0.0,0.20228052287287582
2025-02-21,0.0,0.4477237202194343,0.75,0.0,0.0,0.20228052287287582
2025-02-24,0.0,0.4550129613565985,0.75,0.0,0.0,0.20228052287287582
2025-02-25,0.0,0.4102926445234945,0.75,0.0,0.0,0.20228052287287582
2025-02-26,0.0,0.3689496928088565,0.75,0.0,0.0,0.18167322112982548
2025-02-27,0.0,0.37036206934463023,0.75,0.0,0.0,0.18120544812694012
2025-02-28,0.0,0.36188277275890735,0.75,0.0,0.0,0.07059102627251003
2025-03-03,0.0,0.35604705823547134,0.75,0.0,0.0,0.06770742140059219
2025-03-04,0.0,0.33761827528451593,0.75,0.0,0.0,0.07000208776965619
2025-03-05,0.0,0.33138458901935713,0.75,0.0,0.0,0.07742849762802476
2025-03-06,0.0,0.33547547766916086,0.75,0.0,0.0,0.09955552085476549
2025-03-07,0.0,0.31346475603954416,0.75,0.0,0.0,0.20228052287287582
2025-03-10,0.0,0.30927773850270496,0.75,0.0,0.0,0.20228052287287582
2025-03-11,0.0,0.3348878535856893,0.75,0.0,0.0,0.1890004005790755
2025-03-12,0.0,0.30235271448747314,0.75,0.0,0.0,0.17234238720116293
2025-03-13,0.0,0.26510125483500313,0.75,0.0,0.0,0.16246211305788114
2025-03-14,0.0,0.2536140885222657,0.75,0.0,0.0,0.18639852105361346
2025-03-17,0.0,0.12103075552526461,0.5164914327025321,0.0,0.0,0.17279925259803813
2025-03-18,0.0,0.08469131948556305,0.43029188402645674,0.0,0.0,0.17334691099184216
2025-03-19,0.0,0.09139519772000795,0.44592791683595895,0.0,0.0,0.17868784756928593
2025-03-20,0.0,0.08950986307246166,0.43956258763324446,0.0,0.0,0.17543557716277458
2025-03-21,0.0,0.0962100119487911,0.46492457883969635,0.0,0.0,0.18344773727525668
2025-03-24,0.0,0.09927751342583932,0.4658785991422165,0.0,0.0,0.18318344826931562
2025-03-25,0.0,0.11964953781622857,0.45956692412972183,0.0,0.0,0.17937350901823473
2025-03-26,0.0,0.12186698150033538,0.47860488979550775,0.0,0.0,0.18544171331878623
2025-03-27,0.0,0.1154753369489353,0.49412687560438595,0.0,0.0,0.18998924272843967
2025-03-28,0.0,0.11239615605708167,0.5301227933410212,0.0,0.0,0.20228052287287582
2025-03-31,0.0,0.09338393462255482,0.531017812302031,0.0,0.0,0.20228052287287582
2025-04-01,0.0,0.09527245016001036,0.5328076122029444,0.0,0.0,0.20228052287287582
2025-04-02,0.0,0.08006640091825191,0.5328076122029444,0.0,0.0,0.20228052287287582
2025-04-03,0.0,0.07821204360878242,0.5328076122029444,0.0,0.0,0.20228052287287582
2025-04-04,0.0,0.0630366051740475,0.5209442365076732,0.0,0.0,0.20228052287287582
2025-04-07,0.0,0.06587909972717232,0.5048050743697844,0.0,0.0,0.20228052287287582
2025-04-08,0.0,0.05725395340286903,0.4913350301550592,0.0,0.0,0.20228052287287582
2025-04-09,0.0,0.04983250392685754,0.47784551922094876,0.0,0.0,0.17850582584806884
2025-04-10,0.0,0.0,0.46095532492617536,0.0,0.0,0.20228052287287582
2025-04-11,0.0,0.0,0.4440324868360013,0.0,0.0,0.20228052287287582
2025-04-14,0.0,0.0,0.43849705772103464,0.0,0.0,0.20228052287287582
2025-04-15,0.0,0.0,0.4372539063658231,0.0,0.0,0.20228052287287582
2025-04-16,0.0,0.0,0.4332971841770781,0.0,0.0,0.20228052287287582
2025-04-17,0.0,0.0,0.4293385593906902,0.0,0.0,0.20228052287287582
2025-04-22,0.0,0.0,0.4282071715756327,0.0,0.0,0.20228052287287582
2025-04-23,0.0,0.0,0.4174027473229037,0.0,0.0,0.19511496321400446
2025-04-24,0.0,0.04300595445617553,0.39540549707081313,0.0,0.0,0.15018798197407732
2025-04-25,0.0,0.17172489822357287,0.40019121951117376,0.0,0.0,0.18494352897711408
2025-04-28,0.0,0.15543506967018275,0.40827968817549504,0.0,0.0,0.18680095896352608
2025-04-29,0.0,0.1712976812402091,0.4105118096015298,0.0,0.0,0.18596966804700646
2025-04-30,0.0,0.1445102282116123,0.4178024199027762,0.0,0.0,0.18691030894787505
2025-05-01,0.0,0.1424542831407614,0.4172574823705519,0.0,0.0,0.1866665228000374
2025-05-02,0.0,0.28459474411841235,0.41483340751557346,0.0,0.0,0.18512019372267305
2025-05-05,0.0,0.27727397183433994,0.4138278950951404,0.0,0.0,0.18348444169741526
2025-05-06,0.0,0.24834815478059602,0.42105677185766893,0.0,0.0,0.1864131478479535
2025-05-07,0.0,0.13365556139736173,0.4082985654615503,0.0,0.0,0.18049747923295498
2025-05-08,0.0,0.22024472035516768,0.42463719590214666,0.0,0.0,0.18643424950882914
2025-05-09,0.0,0.3220380869242226,0.46253310388392516,0.0,0.0,0.20228052287287582
2025-05-12,0.0,0.3294370304809692,0.4668142221861377,0.0,0.0,0.20228052287287582
2025-05-13,0.0,0.2910857965006775,0.4690666114100438,0.0,0.0,0.20228052287287582
2025-05-14,0.0,0.29754308303855065,0.4731194798937586,0.0,0.0,0.20228052287287582
2025-05-15,0.0,0.35744296596222225,0.47537028318005814,0.0,0.0,0.20228052287287582
2025-05-16,0.0,0.4178247622770757,0.474920167478159,0.0,0.0,0.20228052287287582
2025-05-19,0.0,0.47288137586515655,0.47953279311729147,0.0,0.0,0.20228052287287582
2025-05-20,0.0,0.47544481065253674,0.48279397120584644,0.0,0.0,0.20228052287287582
2025-05-21,0.0,0.4856873690795639,0.4874026267211789,0.0,0.0,0.20228052287287582
2025-05-22,0.0,0.4783022371683625,0.49111036613158093,0.0,0.0,0.20228052287287582
2025-05-23,0.0,0.48092463085801096,0.4966130841434484,0.0,0.0,0.20228052287287582
2025-05-27,0.0,0.47363373001457154,0.49975605191503203,0.0,0.0,0.20228052287287582
2025-05-28,0.0,0.49263915893164106,0.5000927366515957,0.0,0.0,0.20228052287287582
2025-05-29,0.0,0.48606685205946176,0.4999805097320285,0.0,0.0,0.20228052287287582
2025-05-30,0.0,0.48420498493440883,0.4998682814866169,0.0,0.0,0.20228052287287582
2025-06-02,0.0,0.484356318988707,0.4966130841434484,0.0,0.0,0.20228052287287582
2025-06-03,0.0,0.4756680102768184,0.4913350301550592,0.0,0.0,0.20228052287287582
2025-06-04,0.0,0.4766839708071777,0.48796450057267826,0.0,0.0,0.20228052287287582
2025-06-05,0.0,0.4776999261524363,0.4836934022118483,0.0,0.0,0.20228052287287582
2025-06-06,0.0,0.48754639077884127,0.47964526692249776,0.0,0.0,0.20228052287287582
2025-06-09,0.0,0.34560535326798725,0.4751452281344025,0.0,0.0,0.20228052287287582
2025-06-10,0.0,0.3398428135748232,0.4719938670422305,0.0,0.0,0.20228052287287582
2025-06-11,0.0,0.33075520093223165,0.4715435823584039,0.0,0.0,0.20228052287287582
2025-06-12,0.0,0.33474438720523225,0.4713184315310254,0.0,0.0,0.20228052287287582
2025-06-13,0.0,0.3332477644835508,0.4710932750426879,0.02321359651114774,0.0,0.20228052287287582
2025-06-16,0.0,0.30309603183226297,0.4713184315310254,0.052997031426412454,0.0,0.20228052287287582
2025-06-17,0.0,0.32033536304614724,0.47221900090464436,0.06254534296520992,0.0,0.20228052287287582
2025-06-18,0.0,0.28614855507991555,0.47356968555356826,0.05681166193377361,0.0,0.20228052287287582
2025-06-20,0.0,0.24313963421357576,0.47379477993515917,0.05905374305726608,0.0,0.20228052287287582
2025-06-23,0.0,0.3126408027152332,0.514427599903866,0.06317279046177422,0.0,0.20228052287287582
2025-06-24,0.0,0.34344664046653856,0.5840504432257841,0.050577091039334186,0.0,0.20228052287287582
2025-06-25,0.0,0.34853558607847696,0.6738468146015434,0.0,0.0,0.20228052287287582
2025-06-26,0.0,0.35782340609517055,0.737854546995146,0.0,0.0,0.20228052287287582
2025-06-27,0.0,0.35942410942254926,0.75,0.0,0.0,0.20228052287287582
2025-06-30,0.0,0.37635837058063243,0.75,0.0,0.0,0.20228052287287582
2025-07-01,0.0,0.38043850876107405,0.75,0.0,0.0,0.20228052287287582
2025-07-02,0.0,0.4238668969259301,0.75,0.0,0.0,0.20228052287287582
2025-07-03,0.0,0.410745499190124,0.75,0.0,0.0,0.20228052287287582
2025-07-04,0.0,0.38267353144658683,0.75,0.0,0.0,0.20228052287287582
2025-07-07,0.0,0.39897089664675783,0.75,0.0,0.0,0.20228052287287582
2025-07-08,0.0,0.39275591165274143,0.75,0.03525340319617569,0.0,0.20228052287287582
2025-07-09,0.0,0.37941594626666986,0.75,0.03868884158972148,0.0,0.20228052287287582
2025-07-10,0.0,0.34803339045823234,0.75,0.03321773494012592,0.0,0.20228052287287582
2025-07-11,0.0,0.3361982249309324,0.75,0.023650801835823215,0.0,0.20228052287287582
2025-07-14,0.0,0.33129928491077104,0.75,0.03534113860417628,0.0,0.20228052287287582
2025-07-15,0.0,0.3296871997896731,0.75,0.0,0.0,0.20228052287287582
2025-07-16,0.0,0.3300272025392099,0.75,0.0,0.0,0.20228052287287582
2025-07-17,0.0,0.3303912164088136,0.75,0.0,0.0,0.20228052287287582
2025-07-18,0.0,0.33071729204958966,0.75,0.0,0.0,0.20228052287287582
2025-07-21,0.0,0.33104710026293904,0.75,0.0,0.0,0.20228052287287582
2025-07-22,0.0,0.3313693925891645,0.75,0.0,0.0,0.20228052287287582
2025-07-23,0.0,0.3317149247434457,0.75,0.0,0.0,0.20228052287287582
2025-07-24,0.0,0.33016816072990823,0.75,0.0,0.0,0.20228052287287582
2025-07-25,0.0,0.3284038618936501,0.75,0.0,0.0,0.20228052287287582
2025-07-28,0.0,0.3327926676256465,0.75,0.0,0.0,0.20228052287287582
2025-07-29,0.0,0.33694640477415416,0.75,0.0,0.0,0.20228052287287582
2025-07-30,0.0,0.34278417079398565,0.75,0.02183068053265978,0.0,0.20228052287287582
2025-07-31,0.0,0.3483707149999131,0.75,0.027612910283560835,0.0,0.20228052287287582
2025-08-01,0.0,0.3796941975400008,0.75,0.03792429811529664,0.0,0.20228052287287582
2025-08-04,0.0,0.3751469148618621,0.75,0.0,0.0,0.20228052287287582
2025-08-05,0.0,0.35834026314839246,0.75,0.0,0.0,0.20228052287287582
2025-08-06,0.0,0.38243168494675883,0.75,0.0,0.0,0.20228052287287582
2025-08-07,0.0,0.42673013958321576,0.75,0.0,0.0,0.20228052287287582
2025-08-08,0.0,0.4347318952174021,0.75,0.0,0.0,0.20228052287287582
2025-08-11,0.0,0.43110508938993397,0.75,0.0,0.0,0.20228052287287582
2025-08-12,0.0,0.4621979296816109,0.75,0.0,0.0,0.20228052287287582
2025-08-13,0.0,0.44715499608786274,0.75,0.0,0.0,0.20228052287287582
2025-08-14,0.0,0.4647238639374448,0.75,0.0,0.0,0.20228052287287582
2025-08-15,0.0,0.4875150051058584,0.75,0.0,0.0,0.20228052287287582
2025-08-18,0.0,0.5148284268266139,0.75,0.0,0.0,0.20228052287287582
2025-08-19,0.0,0.5292431415966031,0.75,0.0,0.0,0.20228052287287582
2025-08-20,0.0,0.5145164549372906,0.75,0.0,0.0,0.20228052287287582
2025-08-21,0.0,0.5048168427857888,0.75,0.0,0.0,0.20228052287287582
2025-08-22,0.0,0.5000157808174313,0.75,0.0,0.0,0.1963434488162579
2025-08-25,0.0,0.4984187548438184,0.75,0.0,0.0,0.20228052287287582
2025-08-26,0.0,0.4885161713614212,0.75,0.0,0.0,0.15687616413403774
2025-08-27,0.0,0.4917486893466101,0.75,0.0,0.0,0.19335586349361855
2025-08-28,0.0,0.4812410274894146,0.75,0.0,0.0,0.15968176547724372
2025-08-29,0.0,0.513580872437376,0.75,0.0,0.0,0.19256883481936365
2025-09-02,0.0,0.49967860043735945,0.75,0.0,0.0,0.15769226060157804
2025-09-03,0.0,0.4800077691232399,0.75,0.0,0.0,0.15600928509793782
2025-09-04,0.0,0.5670265134445269,0.75,0.0,0.0,0.17722205721340428
2025-09-05,0.0,0.5541216275565696,0.75,0.0,0.0,0.1507542685189698
2025-09-08,0.0,0.5394447290428335,0.75,0.0,0.0,0.1169237608757452
2025-09-09,0.0,0.5427460315042596,0.75,0.0,0.0,0.1280974012628923
2025-09-10,0.0,0.547296750650527,0.75,0.0,0.0,0.16084886931277623
2025-09-11,0.0,0.5135927282509822,0.75,0.0,0.0,0.20228052287287582
2025-09-12,0.0,0.5396478969489852,0.75,0.0,0.0,0.20228052287287582
2025-09-15,0.0,0.4786273586179055,0.75,0.0,0.0,0.20228052287287582
2025-09-16,0.0,0.5047896999407262,0.75,0.0,0.0,0.19279298131867992
2025-09-17,0.0,0.5136891716816031,0.75,0.0,0.0,0.20228052287287582
2025-09-18,0.0,0.5448900700374089,0.75,0.0,0.0,0.20228052287287582
2025-09-19,0.0,0.5211243880223878,0.75,0.0,0.0,0.20228052287287582
2025-09-22,0.0,0.5205998070641872,0.75,0.0,0.0,0.20228052287287582
2025-09-23,0.0,0.4953792732345196,0.75,0.0,0.0,0.20228052287287582
2025-09-24,0.0,0.5276323595746146,0.75,0.0,0.0,0.19367808324189761
2025-09-25,0.0,0.547693732600969,0.75,0.0,0.0,0.16172274515913299
2025-09-26,0.0,0.5598989438630368,0.75,0.0,0.0,0.1785032169146
2025-09-29,0.0,0.5668065741276269,0.75,0.0,0.0,0.1953398297026894
2025-09-30,0.0,0.5660794081137271,0.75,0.0,0.0,0.20228052287287582
2025-10-01,0.0,0.5705952565361928,0.75,0.0,0.0,0.20228052287287582
2025-10-02,0.0,0.569720619705225,0.75,0.0,0.0,0.20228052287287582
2025-10-03,0.0,0.5779329442477958,0.75,0.0,0.0,0.20228052287287582
2025-10-06,0.0,0.6065739437674279,0.75,0.0,0.0,0.20228052287287582
2025-10-07,0.0,0.75,0.75,0.0,0.0,0.20228052287287582
2025-10-08,0.0,0.75,0.75,0.0,0.0,0.20228052287287582
2025-10-09,0.0,0.75,0.75,0.0,0.0,0.20228052287287582
2025-10-10,0.0,0.75,0.75,0.0,0.0,0.20228052287287582
2025-10-13,0.0,0.5508495129744914,0.5598283527779004,0.0,0.0,0.10107671425909043
2025-10-14,0.0,0.4899882610473006,0.43471423255779273,0.0,0.0,0.08309248454997953
2025-10-15,0.0,0.486539505622633,0.43189565826900356,0.0,0.0,0.08140714607233948
2025-10-16,0.0,0.48691395146794514,0.43255384784414336,0.0,0.0,0.07375644811566498
2025-10-17,0.0,0.4629829038421993,0.428366880304281,0.0,0.0,0.02518366022986908
2025-10-20,0.0,0.4323612328754757,0.4126041050310055,0.0,0.0,0.0
2025-10-21,0.0,0.36612558348940727,0.365481633601618,0.0,0.0,0.025998160520497804
2025-10-22,0.0,0.28801476610743365,0.2115744718526877,0.0,0.0,0.04414697388805092
2025-10-23,0.0,0.2616268265860546,0.2087017014606421,0.0,0.0,0.0542788696539509
2025-10-24,0.0,0.26840231341172877,0.19789986559032438,0.0,0.0,0.06614496598675051
2025-10-27,0.0,0.2643366222261973,0.1990350248833846,0.0,0.0,0.06954977314815675
2025-10-28,0.0,0.27985215819202885,0.1888025045256743,0.0,0.0,0.07281890613770042
2025-10-29,0.0,0.29346233491498336,0.18497893822502384,0.0,0.0,0.07303671922147449
2025-10-30,0.0,0.3240276919594309,0.19402638322409882,0.0,0.0,0.07033437689328434
2025-10-31,0.0,0.3465120966955825,0.19386966586652823,0.0,0.0,0.05672331980395652
2025-11-03,0.0,0.37247586552369855,0.19717440001420614,0.0,0.0,0.06134880483345248
2025-11-04,0.0,0.3719026794973617,0.19869682675346484,0.0,0.0,0.044847476363376874
2025-11-05,0.0,0.3286911752356899,0.19340873359142022,0.0,0.0,0.02735946111836132
2025-11-06,0.0,0.3397179927183195,0.2116311159735272,0.0,0.0,0.03224004730392103
2025-11-07,0.0,0.26858732519185563,0.214283789050257,0.0,0.0,0.019232454825892833
2025-11-10,0.0,0.29491277817955835,0.24470662458085007,0.0,0.0,0.0358324019233062
2025-11-11,0.0,0.3275274758967562,0.24422130179931212,0.0,0.0,0.06288042100292186
2025-11-12,0.0,0.41017791525433595,0.31570609256000787,0.0,0.0,0.08727634896351955
2025-11-13,0.0,0.5084356455639335,0.4031380270092108,0.0,0.0,0.11915578363139089
2025-11-14,0.0,0.4428641602862769,0.39170766928572653,0.0,0.0,0.10470936299659939
2025-11-17,0.0,0.4281459333121812,0.37170164095008285,0.0,0.0,0.0730484409361226
2025-11-18,0.0,0.33832347611873365,0.3849211597275993,0.0,0.0,0.05275131752298205
2025-11-19,0.0,0.3310843954620802,0.38912923581697745,0.0,0.0,0.05608721222981775
2025-11-20,0.0,0.34974213745699895,0.4602895029201666,0.0,0.0,0.0
2025-11-21,0.0,0.38207343332493876,0.5933696278334958,0.0,0.0,0.0
2025-11-24,0.0,0.3906772622774649,0.5979785698266589,0.0,0.0,0.0
2025-11-25,0.0,0.5215633913788182,0.6311169999515813,0.0,0.0,0.07940034308915736
2025-11-26,0.0,0.5385723376548425,0.6434387081180261,0.0,0.0,0.0
2025-11-28,0.0,0.6072856552033477,0.6326161796390265,0.0,0.0,0.05170491385811863
2025-12-01,0.0,0.5905383590358334,0.6043789293533954,0.0,0.0,0.07323972566959173
2025-12-02,0.0,0.7476348968712644,0.6092016094527338,0.0,0.0,0.0
2025-12-03,0.0,0.7494461698321693,0.6182601468201574,0.0,0.0,0.06695346350672465
2025-12-04,0.0,0.4528325493539456,0.620354619926319,0.0,0.0,0.08621428079309934
2025-12-05,0.0,0.5161991958382132,0.6243168632752828,0.0,0.0,0.04686354839320224
2025-12-08,0.0,0.5435449050606177,0.6858887291866068,0.0,0.0,0.05651098826053678
2025-12-09,0.0,0.5674424499231513,0.6896742175618784,0.0,0.0,0.05779163432384268
2025-12-10,0.0,0.5922480346979573,0.7105356617994363,0.0,0.0,0.06129895236058703
2025-12-11,0.0,0.5737545029217216,0.7094795274676341,0.0,0.0,0.04889036405895672
2025-12-12,0.0,0.6827814891565502,0.75,0.0,0.0,0.05050969354903206
2025-12-15,0.0,0.7076999965793923,0.75,0.0,0.0,0.0
2025-12-16,0.0,0.7295277152667631,0.75,0.0,0.0,0.0
2025-12-17,0.0,0.75,0.75,0.0,0.0,0.05903917919887422
2025-12-18,0.0,0.7352216873877946,0.75,0.0,0.0,0.0
2025-12-19,0.0,0.75,0.75,0.0,0.0,0.054178468002022084
2025-12-22,0.0,0.75,0.75,0.0,0.0,0.08118550694259076
2025-12-23,0.0,0.7157178221035979,0.75,0.0,0.0,0.0846392971515243
2025-12-24,0.0,0.6867409944295417,0.75,0.0,0.0,0.16009648770472487
2025-12-26,0.0,0.6701852128917098,0.75,0.0,0.0,0.16606811982373063
2025-12-29,0.0,0.6868075112485138,0.75,0.0,0.0,0.0885802285082155
2025-12-30,0.0,0.5091030706208256,0.7016160031744597,0.0,0.0,0.08757015877972664
2025-12-31,0.0,0.518987372725148,0.7043524043984272,0.0,0.0,0.06292167312487129
2026-01-02,0.0,0.5732334574340554,0.7471778442761163,0.0,0.0,0.0
2026-01-05,0.0,0.5786717421770629,0.7454544086390658,0.0,0.0,0.0
2026-01-06,0.0,0.4839083341500126,0.6035433734065542,0.0,0.0,0.0
2026-01-07,0.0,0.4469579295266843,0.5815444647704884,0.0,0.0,0.0
2026-01-08,0.0,0.4399829697513865,0.5797758904253094,0.0,0.0,0.0
2026-01-09,0.0,0.44088128928857195,0.5846184036653416,0.0,0.0,0.0
2026-01-12,0.0,0.39970359976318254,0.5788984844329627,0.0,0.0,0.0
2026-01-13,0.0,0.3638442401090146,0.48542678155967645,0.0,0.0,0.0
2026-01-14,0.0,0.38455291047628093,0.48195058906164595,0.015294299627591004,0.0,0.05416574540606187
2026-01-15,0.0,0.41192226459079206,0.51669784882902,0.029557228828423193,0.0,0.07806215913835429
2026-01-16,0.0,0.43123807602978265,0.5309111547614093,0.02463699242933084,0.0,0.07260687475120857
2026-01-20,0.0,0.4276742631758057,0.5196992648233907,0.021835938427970793,0.0,0.06713864863402152
2026-01-21,0.0,0.442996660837991,0.43495180263670075,0.038861321108911814,0.0,0.0
2026-01-22,0.0,0.40220029417920233,0.400087133780873,0.043551873944344864,0.0,0.0
2026-01-23,0.0,0.3641215550395154,0.37581441807843075,0.0228190487693458,0.0,0.0
2026-01-26,0.0,0.3412357215156914,0.3577474233054866,0.04000978658836477,0.0,0.0
2026-01-27,0.0,0.3534531267150642,0.38982430412931157,0.02591270126476247,0.0,0.0
2026-01-28,0.0,0.3238917917533005,0.36359736906861534,0.03044626923434424,0.0,0.0
2026-01-29,0.0,0.27390732305924925,0.2741952039405951,0.02802296818627268,0.0,0.0
2026-01-30,0.0,0.2701954741882536,0.2485168961698323,0.030522009744125753,0.0,0.0
2026-02-02,0.0,0.22928696351221112,0.17851379537978637,0.02792898471266015,0.0,0.0
2026-02-03,0.0,0.22396512038990588,0.11670201330493311,0.019535737653320798,0.0,0.0
2026-02-04,0.0,0.21920267731051316,0.12826330657537907,0.023790031455734786,0.0,0.0
2026-02-05,0.0,0.18333614001065815,0.12307922385982512,0.031109319615500383,0.0,0.0
2026-02-06,0.0,0.14301691438863237,0.12262633902212111,0.023943605253137868,0.0,0.0
2026-02-09,0.0,0.20194264746235058,0.1316392298549061,0.03240172254495113,0.0,0.0
2026-02-10,0.0,0.2042964151173652,0.17042854912194125,0.03078851540653523,0.0,0.0
2026-02-11,0.0,0.16809314445520865,0.16933306871583334,0.02651907945897717,0.0,0.0
2026-02-12,0.0,0.14086825730177985,0.17028954582999264,0.023878608462348305,0.0,0.0
2026-02-13,0.0,0.10706738077693741,0.17216516586524636,0.015348345240042631,0.0,0.0
2026-02-17,0.0,0.10898231444617311,0.174893171747378,0.016065038122290574,0.0,0.0
2026-02-18,0.0,0.11093622796417857,0.17360284172199603,0.0127919541014028,0.0,0.0
2026-02-19,0.0,0.12640136723622655,0.17628710294548222,0.022718414410384836,0.0,0.0
2026-02-20,0.0,0.1200834323393371,0.18047549847288163,0.022501036632101516,0.0,0.0
2026-02-23,0.0,0.13180366556322928,0.19749228461156654,0.022980316751803693,0.0,0.0
2026-02-24,0.0,0.13046741986709864,0.2064444243278983,0.02309781353082934,0.0,0.0
2026-02-25,0.0,0.14140569453613439,0.2105901623292352,0.018835026986118296,0.0,0.0
2026-02-26,0.0,0.1528133575488232,0.2149590294546346,0.01363964593735755,0.0,0.0
2026-02-27,0.0,0.14568124943480815,0.22307030636383857,0.014590146564713288,0.0,0.0
2026-03-02,0.0,0.14587182613590538,0.22324420571489748,0.0,0.0,0.0
2026-03-03,0.0,0.1575428874144294,0.26458105668586174,0.02561181222304649,0.0,0.0
2026-03-04,0.0,0.1577528636493207,0.25744321313348617,0.023828828204784876,0.0,0.0
2026-03-05,0.0,0.238513038021281,0.48584807832903454,0.0392394199630163,0.0,0.0
2026-03-06,0.0,0.24310591529898856,0.48584807832903454,0.03822246926520357,0.0,0.0
2026-03-09,0.0,0.23166829768115832,0.4867887074873146,0.03915717415408116,0.0,0.0
2026-03-10,0.0,0.24890789576714287,0.4853777278160572,0.039442086041212805,0.0,0.0
2026-03-11,0.0,0.2868571888952317,0.5071246673246278,0.04004211126043235,0.0,0.0
2026-03-12,0.0,0.24280271064343398,0.5332190708479473,0.0406084599341752,0.0,0.0
2026-03-13,0.0,0.23427573148495678,0.5611448740954604,0.04119177592546547,0.0,0.0
2026-03-16,0.0,0.2202214963575369,0.5973385924107634,0.04301728133731307,0.0,0.0
2026-03-17,0.0,0.2618475045531972,0.629923023061298,0.04511518811853577,0.0,0.0
2026-03-18,0.0,0.2885170460085142,0.6782234518056508,0.04783868832128074,0.0,0.0
2026-03-19,0.0,0.27404008781407757,0.7002730004079953,0.05078561713782319,0.0,0.0
2026-03-20,0.0,0.26289119468600985,0.6910302119626284,0.06189081423883817,0.0,0.0
2026-03-23,0.0,0.2786409023232925,0.7033524993946051,0.06527817442698931,0.0,0.0
2026-03-24,0.0,0.25726705013017903,0.3839805368189796,0.05523835440579071,0.0,0.0
2026-03-25,0.0,0.23464548294849139,0.3876283570021715,0.056706324533365,0.0,0.0
2026-03-26,0.0,0.24329693506834918,0.3609427389448182,0.0530187222801467,0.0,0.0
2026-03-27,0.0,0.15348631647874872,0.3229069931328896,0.05020269572250801,0.0,0.0
2026-03-30,0.0,0.10698991463776039,0.43845944086431643,0.04320148737824648,0.0,0.0
2026-03-31,0.0,0.07927847407449873,0.3762269934762027,0.038814454314390096,0.0,0.0
2026-04-01,0.0,0.08898339919962707,0.3194210322594148,0.03531263616521693,0.0,0.0
2026-04-02,0.0,0.09651879958523246,0.28058886693386526,0.03328927907854011,0.0,0.0
2026-04-06,0.0,0.09231155135582414,0.2843491450217163,0.033403601328102564,0.0,0.0
2026-04-07,0.0,0.07797003204430496,0.2822661932866874,0.03340859202749357,0.0,0.0
2026-04-08,0.0,0.07376019511055262,0.2852944973873527,0.033739834072449126,0.0,0.0
2026-04-09,0.0,0.1563475277674536,0.30388454862855907,0.022778095562550952,0.0,0.0
2026-04-10,0.0,0.1425679138222371,0.29839665891238915,0.019628800137470884,0.0,0.0
2026-04-13,0.0,0.15447769412050197,0.321596310518913,0.01731787959152358,0.0,0.0
2026-04-14,0.0,0.16420461742413,0.3229243230795175,0.01697344517373098,0.0,0.0
2026-04-15,0.0,0.1625520122775414,0.31455021491743745,0.0,0.0,0.0
2026-04-16,0.0,0.16348328132561313,0.31589546830335996,0.0,0.0,0.0
2026-04-17,0.0,0.16802634372229758,0.32153013342483777,0.0,0.0,0.0
2026-04-20,0.0,0.16526895032316893,0.3152344625010842,0.0,0.0,0.0
2026-04-21,0.0,0.17743696045133656,0.3446196599096999,0.0,0.0,0.0
2026-04-22,0.0,0.2283709299698642,0.4592349069975723,0.05020235117530218,0.0,0.0
2026-04-23,0.0,0.21783107934944035,0.45947077137409775,0.05009281656441834,0.0,0.0
2026-04-24,0.0,0.22044571789326428,0.4592349069975723,0.0500943084977657,0.0,0.0
2026-04-27,0.0,0.21653622346450077,0.4582913856952847,0.05009579998174307,0.0,0.0
2026-04-28,0.0,0.21676225938301447,0.45852727559753553,0.05009729103901365,0.0,0.0
2026-04-29,0.0,0.21713022326484535,0.4582913856952847,0.04960684345940911,0.0,0.0
2026-04-30,0.0,0.2171481389141167,0.4575836776309467,0.03950680525151392,0.0,0.0
2026-05-01,0.0,0.21705769944715586,0.45711184025364,0.025472508753983197,0.0,0.0
2026-05-04,0.0,0.2170968663461028,0.4556961741949025,0.03123277433111725,0.0,0.0
2026-05-05,0.0,0.22426197863363664,0.4593890749416332,0.046413212055608624,0.0,0.0
2026-05-06,0.0,0.24915673501610047,0.484005541768408,0.05432446624091638,0.0,0.0
2026-05-07,0.0,0.24920027744827117,0.48234902832109205,0.05367300542628875,0.0,0.0
2026-05-08,0.0,0.24948742585702846,0.48234902832109205,0.060800932598894276,0.0,0.0
2026-05-11,0.0,0.24928962236659638,0.48359144141987415,0.06080382591459393,0.0,0.0
2026-05-12,0.0,0.2493350101070186,0.48483368654482367,0.06219266062468489,0.0,0.0
2026-05-13,0.0,0.24428268699441916,0.4836050088024525,0.061559150062756765,0.0,0.0
2026-05-14,0.0,0.24415485116674673,0.4851432764422087,0.0617697987099921,0.0,0.0
2026-05-15,0.0,0.2285816115924304,0.4688669850258875,0.059512438379348435,0.0,0.0
2026-05-18,0.0,0.21811047637600148,0.4554665082525377,0.057999875445288285,0.0,0.0
2026-05-19,0.0,0.21749597962963388,0.45380825918996065,0.05672017809811997,0.0,0.0
2026-05-20,0.0,0.22065726453255874,0.4558338371196333,0.05267024079743509,0.0,0.0
2026-05-21,0.0,0.24193697784085408,0.4763428667440707,0.05213148449996847,0.0,0.0
2026-05-22,0.0,0.26979076281829084,0.5029356299997677,0.06411445027243366,0.0,0.0
2026-05-26,0.0,0.288304978236843,0.5241156191429354,0.06675758235582728,0.0,0.0
2026-05-27,0.0,0.3105720647367015,0.5578364991900465,0.0714460300612221,0.0,0.0
2026-05-28,0.0,0.33475450570731513,0.5848672984025468,0.048306229664868514,0.0,0.0
2026-05-29,0.0,0.35046110807598635,0.6157984173346521,0.044904034629337806,0.0,0.0
2026-06-01,0.0,0.35965756102514435,0.611699298512476,0.04094193395376778,0.0,0.0
2026-06-02,0.0,0.3639199223703057,0.6057039494575229,0.042100997084858316,0.0,0.0
2026-06-03,0.0,0.36817823559995877,0.5917025890621559,0.04585928321233668,0.0,0.0
2026-06-04,0.0,0.3728339688733084,0.5794404074558761,0.07330206023604095,0.0,0.0
2026-06-05,0.0,0.376937840592212,0.573675118015099,0.07484940752539072,0.0,0.0
2026-06-08,0.0,0.38189810624412723,0.5307348382676201,0.07631417768920525,0.0,0.0
2026-06-09,0.0,0.3953195973120778,0.5374399874903278,0.07842675277562224,0.0,0.0
2026-06-10,0.0,0.40205526138583564,0.4906919846926844,0.08090214013056456,0.0,0.0
2026-06-11,0.0,0.3786964230352711,0.38181394149200243,0.08306123333416197,0.0,0.0
2026-06-12,0.0,0.40480536685820145,0.34655862196908854,0.08380328342849366,0.0,0.0
2026-06-15,0.0,0.4074255069722211,0.4081441965631785,0.08407265700343045,0.0,0.0
2026-06-16,0.0,0.4019646794932009,0.4328266444226618,0.08357451445205712,0.0,0.0
2026-06-17,0.0,0.3936397401635353,0.38924044699358723,0.044716543925576065,0.0,0.0
2026-06-18,0.0,0.38934336989651214,0.3708860415807912,0.04494861145000475,0.0,0.0
2026-06-22,0.0,0.3872484013210456,0.262050492679153,0.04494985363835674,0.0,0.0
2026-06-23,0.0,0.41412575388627626,0.23176521364767208,0.048451774663871836,0.0,0.0
2026-06-24,0.0,0.41006343168729353,0.21363376170299164,0.05146691082898016,0.0,0.0
2026-06-25,0.0,0.39890518673963804,0.11430724938229844,0.04900820221939853,0.0,0.0
2026-06-26,0.0,0.3910105495124261,0.10888416285664727,0.04964420256197717,0.0,0.0
2026-06-29,0.0,0.3865487876379736,0.12807364114749023,0.06727408638447563,0.0,0.0
2026-06-30,0.0,0.38756267056789706,0.09483178704165485,0.07385368569423766,0.0,0.0
2026-07-01,0.0,0.3951489012936637,0.10944807450631312,0.07178057014714556,0.0,0.0
2026-07-02,0.0,0.42088679148280495,0.11564594559585678,0.08180131893435184,0.0,0.0
2026-07-06,0.0,0.413229298315829,0.10992946403193969,0.07564475540911995,0.0,0.0
2026-07-07,0.0,0.42653989522361535,0.11822425166619435,0.07672692341561524,0.0,0.0
2026-07-08,0.0,0.42292941974586723,0.11737596417192259,0.08535484859193694,0.0,0.0
2026-07-09,0.0,0.457273372754102,0.12519805884689714,0.09037050934137773,0.0,0.0
2026-07-10,0.0,0.48916671804747813,0.15426626775359742,0.059319939575640614,0.0,0.0
2026-07-13,0.0,0.47448155363190386,0.1993755494886334,0.0563152550692936,0.0,0.0
2026-07-14,0.0,0.47280880714281576,0.2256723252983978,0.05421542910232935,0.0,0.0
2026-07-15,0.0,0.47670835246787474,0.2877295669987975,0.050669870122338895,0.0,0.0
2026-07-16,0.0,0.4628067497528721,0.2690659907920337,0.04845516307957733,0.0,0.0
2026-07-17,0.0,0.44001304790820855,0.2780720082853254,0.056004262718333385,0.0,0.0
2026-07-20,0.0,0.39584708780911765,0.2633940709439022,0.05574138838111965,0.0,0.0
2026-07-21,0.0,0.4107193663654846,0.23494617012356558,0.0621470221603432,0.0,0.0
2026-07-22,0.0,0.4544334120229809,0.22547723523713117,0.06021044210196485,0.0,0.0
2026-07-23,0.0,0.4725101493142888,0.25971575632265775,0.05655962559223657,0.0,0.0
2026-07-24,0.0,0.4454544586943437,0.1889214652251809,0.05439931183593866,0.0,0.0
2026-07-27,0.0,0.44622814145245593,0.21755823699239546,0.05866897661007439,0.0,0.0
2026-07-28,0.0,0.4465036876606248,0.37184882701456384,0.05812543819955132,0.0,0.0
2026-07-29,0.0,0.4220280313579139,0.30132122441806397,0.05779479779609712,0.0,0.0
2026-07-30,0.0,0.41842789482365245,0.3251590664232318,0.06669352499065197,0.0,0.0
2026-07-31,0.0,0.40996690118185336,0.4621474324834624,0.07780244874865369,0.0,0.0
2026-08-03,0.0,0.37282744558983794,0.4410238880795871,0.0771252732129391,0.0,0.0
2026-08-04,0.0,0.40770941932852806,0.42859855613440107,0.07638476037362842,0.0,0.0
2026-08-05,0.0,0.41679726970311953,0.42001439265225254,0.05622908352084798,0.0,0.0
2026-08-06,0.0,0.43109362985833666,0.5613100775560029,0.05238885619791514,0.0,0.0
2026-08-07,0.0,0.4359352804217849,0.6319286976881672,0.06077020447762747,0.0,0.0
2026-08-10,0.0,0.4305071027039466,0.7099279785543819,0.07450106235715934,0.0,0.0
2026-08-11,0.0,0.43319004431882036,0.7177843375872487,0.07334683147207804,0.0,0.0
2026-08-12,0.0,0.4295962463871577,0.7275249251491149,0.07296567541671221,0.0,0.0
2026-08-13,0.0,0.42324857121470455,0.7359607736754238,0.07225879769791027,0.0,0.0
2026-08-14,0.0,0.402539807828674,0.741833776643022,0.07172133960372355,0.0,0.0
2026-08-17,0.0,0.4200029405243902,0.717025807363612,0.0717512088118187,0.0,0.0
2026-08-18,0.0,0.4361537238980343,0.6915991071005282,0.0728368843100647,0.0,0.0
2026-08-19,0.0,0.4790251764500126,0.6620850946457263,0.07233654492128727,0.0,0.0
2026-08-20,0.0,0.5000088137789293,0.6322908203866624,0.07235163366744936,0.0,0.0
2026-08-21,0.0,0.4958633555588831,0.5976526301069722,0.07456176515863208,0.0,0.0
2026-08-24,0.0,0.5060142444848222,0.5675034837497359,0.07547373293399615,0.0,0.0
2026-08-25,0.0,0.5339104770521443,0.574553668683198,0.08015792355267402,0.0,0.0
2026-08-26,0.0,0.5486795072930485,0.5719692576319395,0.08164443021140921,0.0,0.0
2026-08-27,0.0,0.5500072658257559,0.5730071011728259,0.08107631706296164,0.0,0.0
2026-08-28,0.0,0.527436780790623,0.5751898126186619,0.0809858357415566,0.0,0.05714754560084537
2026-08-31,0.0,0.5446219263515679,0.5661934352630806,0.08105045232239806,0.0,0.0
2026-09-01,0.0,0.5501830272701004,0.5515181709229737,0.08194669261232258,0.0,0.0
2026-09-02,0.0,0.5515411447907882,0.43990598215658083,0.08165980856097513,0.0,0.0
2026-09-03,0.0,0.5495132556821732,0.44082511311452827,0.08209047333247688,0.0,0.0
2026-09-04,0.0,0.5385707588014219,0.5191716883651973,0.08254917383492096,0.0,0.17988500589719214
2026-09-08,0.0,0.5477995969597359,0.4119197282913013,0.08307720035857918,0.0,0.0809053856959045
2026-09-09,0.0,0.568657340113848,0.3490686543476707,0.0804157287662941,0.0,0.08042961513259922
2026-09-10,0.0,0.5604958706387494,0.3366271972965426,0.0804295564895301,0.0,0.08085783289167094
2026-09-11,0.0,0.5736880597841869,0.2218362999628819,0.08102272848365014,0.0,0.0
2026-09-14,0.0,0.5631496731841317,0.17277446076076822,0.08261744690503592,0.0,0.0
2026-09-15,0.0,0.5683740646191311,0.12034103066045491,0.08347044241139161,0.0,0.06838813006048143
2026-09-16,0.0,0.5649972564475015,0.11151357143165816,0.08282645983057356,0.0,0.0
2026-09-17,0.0,0.5704937641857915,0.10482651869406784,0.08296441183218785,0.0,0.05209487282114566
2026-09-18,0.0,0.5795683248193131,0.12246454015846937,0.08310339869712079,0.0,0.0
2026-09-21,0.0,0.5891915405179872,0.11769420029405424,0.08264394306504474,0.0,0.0
2026-09-22,0.0,0.596680650049414,0.12169564207153176,0.08214467271448982,0.0,0.0
